article_id,article_title,predicted_label,actual_label,confidence,explanation,manual_score
FNSPID_03159,Another ETF Avenue For Video Game Access,neutral,up,0.3721,"[PLACEHOLDER - Ollama unavailable, not a real model explanation] The headline ""Another ETF Avenue For Video Game Access"" reads as a neutral signal for the stock, which is consistent with little or no next-day move.",
FNSPID_11144,10 Worst Performing S&P 500 Stocks Of The Decade,down,neutral,0.3528,"[PLACEHOLDER - Ollama unavailable, not a real model explanation] The headline ""10 Worst Performing S&P 500 Stocks Of The Decade"" reads as a down signal for the stock, which is consistent with a downward next-day move.",
FNSPID_02654,Deutsche Bank Turns Bullish On Transports For 2020,up,neutral,0.369,"[PLACEHOLDER - Ollama unavailable, not a real model explanation] The headline ""Deutsche Bank Turns Bullish On Transports For 2020"" reads as a up signal for the stock, which is consistent with an upward next-day move.",
FNSPID_07230,"Benzinga Pro's Top 5 Stocks To Watch For Mon., Nov. 18, 2019: TMUS, NBY, SPLK, QD, HD",up,down,0.407,"[PLACEHOLDER - Ollama unavailable, not a real model explanation] The headline ""Benzinga Pro's Top 5 Stocks To Watch For Mon., Nov. 18, 2019: TMUS, NBY, SPLK, QD, HD"" reads as a up signal for the stock, which is consistent with an upward next-day move.",
FNSPID_02637,Can Precision Scheduled Railroading Save The Railroads' Third-Quarter Profits?,neutral,up,0.4311,"[PLACEHOLDER - Ollama unavailable, not a real model explanation] The headline ""Can Precision Scheduled Railroading Save The Railroads' Third-Quarter Profits?"" reads as a neutral signal for the stock, which is consistent with little or no next-day move.",
FNSPID_05610,68 Biggest Movers From Yesterday,up,down,0.391,"[PLACEHOLDER - Ollama unavailable, not a real model explanation] The headline ""68 Biggest Movers From Yesterday"" reads as a up signal for the stock, which is consistent with an upward next-day move.",
FNSPID_09787,Shares of several oil & gas companies are trading higher amid easing trade tensions. China's Ministry of Commerce said the country is willing to calmly resolve the trade dispute with the USA and is against any further escalation in tensions.,up,neutral,0.4041,"[PLACEHOLDER - Ollama unavailable, not a real model explanation] The headline ""Shares of several oil & gas companies are trading higher amid easing trade tensions. China's Ministry of Commerce said the country is willing to calmly resolve the trade dispute with the USA and is against any further escalation in tensions."" reads as a up signal for the stock, which is consistent with an upward next-day move.",
FNSPID_08152,Here's Every Major Retailer's Black Friday Weekend Shopping Hours,neutral,neutral,0.4413,"[PLACEHOLDER - Ollama unavailable, not a real model explanation] The headline ""Here's Every Major Retailer's Black Friday Weekend Shopping Hours"" reads as a neutral signal for the stock, which is consistent with little or no next-day move.",
FNSPID_04737,A Preview Of FedEx's Earnings,neutral,down,0.3644,"[PLACEHOLDER - Ollama unavailable, not a real model explanation] The headline ""A Preview Of FedEx's Earnings"" reads as a neutral signal for the stock, which is consistent with little or no next-day move.",
FNSPID_02169,"Cigna shares trading lower, leading stocks in the healthcare provider space down. Today is the fifth day in a row the stock price failed to break above a resistance area around $165. Not seeing company- or industry-specific news to justify the move lower.",up,neutral,0.3703,"[PLACEHOLDER - Ollama unavailable, not a real model explanation] The headline ""Cigna shares trading lower, leading stocks in the healthcare provider space down. Today is the fifth day in a row the stock price failed to break above a resistance area around $165. Not seeing company- or industry-specific news to justify the move lower."" reads as a up signal for the stock, which is consistent with an upward next-day move.",
FNSPID_14701,Shares of several tech companies are trading higher with the broader stock market after the Chinese Minister of Commerce said the leaders of the US and China are set to meet in Washington D.C in October.,up,neutral,0.3846,"[PLACEHOLDER - Ollama unavailable, not a real model explanation] The headline ""Shares of several tech companies are trading higher with the broader stock market after the Chinese Minister of Commerce said the leaders of the US and China are set to meet in Washington D.C in October."" reads as a up signal for the stock, which is consistent with an upward next-day move.",
FNSPID_10115,Shares of several oil and gas companies are trading higher following a larger-than-expected draw in US crude inventories.,up,down,0.4092,"[PLACEHOLDER - Ollama unavailable, not a real model explanation] The headline ""Shares of several oil and gas companies are trading higher following a larger-than-expected draw in US crude inventories."" reads as a up signal for the stock, which is consistent with an upward next-day move.",
FNSPID_14147,5 Stocks Moving In Tuesday's After-Hours Session,up,down,0.4315,"[PLACEHOLDER - Ollama unavailable, not a real model explanation] The headline ""5 Stocks Moving In Tuesday's After-Hours Session"" reads as a up signal for the stock, which is consistent with an upward next-day move.",
FNSPID_07695,"BMO Capital Reiterates Market Perform on Kroger, Raises Price Target to $26",up,neutral,0.382,"[PLACEHOLDER - Ollama unavailable, not a real model explanation] The headline ""BMO Capital Reiterates Market Perform on Kroger, Raises Price Target to $26"" reads as a up signal for the stock, which is consistent with an upward next-day move.",
FNSPID_02138,"UBS Maintains Buy on Cigna, Raises Price Target to $222",up,neutral,0.3794,"[PLACEHOLDER - Ollama unavailable, not a real model explanation] The headline ""UBS Maintains Buy on Cigna, Raises Price Target to $222"" reads as a up signal for the stock, which is consistent with an upward next-day move.",
FNSPID_08678,"UPDATE: Morgan Stanley On Eli Lilly Notes 'While Novo appears set to win market share in diabetes, we still expect strong and durable Lilly franchise growth, including benefits from initial high-dose Trulicity sales in 2021 and tirzepatide in 2022'",up,up,0.4368,"[PLACEHOLDER - Ollama unavailable, not a real model explanation] The headline ""UPDATE: Morgan Stanley On Eli Lilly Notes 'While Novo appears set to win market share in diabetes, we still expect strong and durable Lilly franchise growth, including benefits from initial high-dose Trulicity sales in 2021 and tirzepatide in 2022'"" reads as a up signal for the stock, which is consistent with an upward next-day move.",
FNSPID_07649,Kroger Option Alert: Apr 17 $29 Calls Sweep (33) near the Ask: 713 @ $1.217 vs 188 OI; Earnings 12/5 Before Open [est] Ref=$26.92,up,down,0.4243,"[PLACEHOLDER - Ollama unavailable, not a real model explanation] The headline ""Kroger Option Alert: Apr 17 $29 Calls Sweep (33) near the Ask: 713 @ $1.217 vs 188 OI; Earnings 12/5 Before Open [est] Ref=$26.92"" reads as a up signal for the stock, which is consistent with an upward next-day move.",
FNSPID_03152,"NCAA Will Let College Athletes Profit Off Their Name, Likeness",neutral,up,0.4607,"[PLACEHOLDER - Ollama unavailable, not a real model explanation] The headline ""NCAA Will Let College Athletes Profit Off Their Name, Likeness"" reads as a neutral signal for the stock, which is consistent with little or no next-day move.",
FNSPID_10692,10 Biggest Price Target Changes For Wednesday,neutral,neutral,0.3499,"[PLACEHOLDER - Ollama unavailable, not a real model explanation] The headline ""10 Biggest Price Target Changes For Wednesday"" reads as a neutral signal for the stock, which is consistent with little or no next-day move.",
FNSPID_02641,Commentary: CSX Beta Test Trip Plans Score Card Introduced,neutral,neutral,0.3677,"[PLACEHOLDER - Ollama unavailable, not a real model explanation] The headline ""Commentary: CSX Beta Test Trip Plans Score Card Introduced"" reads as a neutral signal for the stock, which is consistent with little or no next-day move.",
FNSPID_09776,"SunTrust Robinson Humphrey Initiates Coverage On Occidental Petroleum with Hold Rating, Announces $48 Price Target",neutral,neutral,0.3553,"[PLACEHOLDER - Ollama unavailable, not a real model explanation] The headline ""SunTrust Robinson Humphrey Initiates Coverage On Occidental Petroleum with Hold Rating, Announces $48 Price Target"" reads as a neutral signal for the stock, which is consistent with little or no next-day move.",
FNSPID_07227,"'Fast Money Halftime Report' Traders Advise Viewers On Microsoft, Apple And More",up,down,0.362,"[PLACEHOLDER - Ollama unavailable, not a real model explanation] The headline ""'Fast Money Halftime Report' Traders Advise Viewers On Microsoft, Apple And More"" reads as a up signal for the stock, which is consistent with an upward next-day move.",
FNSPID_09728,Portfolio Manager Cole Smead Says Warren Buffett Is Watching Walgreens,up,neutral,0.3531,"[PLACEHOLDER - Ollama unavailable, not a real model explanation] The headline ""Portfolio Manager Cole Smead Says Warren Buffett Is Watching Walgreens"" reads as a up signal for the stock, which is consistent with an upward next-day move.",
FNSPID_07208,Home Depot Lowers Sales Forecast For The Remainder Of 2019,neutral,down,0.3436,"[PLACEHOLDER - Ollama unavailable, not a real model explanation] The headline ""Home Depot Lowers Sales Forecast For The Remainder Of 2019"" reads as a neutral signal for the stock, which is consistent with little or no next-day move.",
FNSPID_02160,A Peek Into The Markets: US Stock Futures Up; Crude Oil Falls Over 1%,up,neutral,0.3961,"[PLACEHOLDER - Ollama unavailable, not a real model explanation] The headline ""A Peek Into The Markets: US Stock Futures Up; Crude Oil Falls Over 1%"" reads as a up signal for the stock, which is consistent with an upward next-day move.",
FNSPID_09216,Stocks That Hit 52-Week Highs On Monday,up,up,0.3546,"[PLACEHOLDER - Ollama unavailable, not a real model explanation] The headline ""Stocks That Hit 52-Week Highs On Monday"" reads as a up signal for the stock, which is consistent with an upward next-day move.",
FNSPID_05636,Here's Every Major Retailer's Black Friday Weekend Shopping Hours,neutral,up,0.4413,"[PLACEHOLDER - Ollama unavailable, not a real model explanation] The headline ""Here's Every Major Retailer's Black Friday Weekend Shopping Hours"" reads as a neutral signal for the stock, which is consistent with little or no next-day move.",
FNSPID_04684,"Benzinga's Top Upgrades, Downgrades For December 24, 2019",up,up,0.3902,"[PLACEHOLDER - Ollama unavailable, not a real model explanation] The headline ""Benzinga's Top Upgrades, Downgrades For December 24, 2019"" reads as a up signal for the stock, which is consistent with an upward next-day move.",
FNSPID_04896,"UPDATE: FedEx Reports Average 4.9% Price Increase For US Domestic, US Export/Import Via FedEx Express, FedEx Ground, FedEx Home Delivery",up,neutral,0.417,"[PLACEHOLDER - Ollama unavailable, not a real model explanation] The headline ""UPDATE: FedEx Reports Average 4.9% Price Increase For US Domestic, US Export/Import Via FedEx Express, FedEx Ground, FedEx Home Delivery"" reads as a up signal for the stock, which is consistent with an upward next-day move.",
FNSPID_00113,American Eagle Outfitters shares are trading lower on seemingly no company-specific news. The stock touched the $18 resistance level and couldn't break it.,up,down,0.3659,"[PLACEHOLDER - Ollama unavailable, not a real model explanation] The headline ""American Eagle Outfitters shares are trading lower on seemingly no company-specific news. The stock touched the $18 resistance level and couldn't break it."" reads as a up signal for the stock, which is consistent with an upward next-day move.",
FNSPID_10707,"Shares of several healthcare companies are trading lower, potentially on recent Democratic primary polls showing Senator Elizabeth Warren in the lead.",down,down,0.3906,"[PLACEHOLDER - Ollama unavailable, not a real model explanation] The headline ""Shares of several healthcare companies are trading lower, potentially on recent Democratic primary polls showing Senator Elizabeth Warren in the lead."" reads as a down signal for the stock, which is consistent with a downward next-day move.",
FNSPID_03609,Japan To Fund $10B Into Liquefied Nat Gas,up,neutral,0.3662,"[PLACEHOLDER - Ollama unavailable, not a real model explanation] The headline ""Japan To Fund $10B Into Liquefied Nat Gas"" reads as a up signal for the stock, which is consistent with an upward next-day move.",
FNSPID_03604,FBN's Edward Lawrence Says Two Japanese Reporters Were Told By Japan's Minister Of Foreign Affairs That US-Japan Trade Deal Is Done And Will Be Released Tomorrow,up,neutral,0.3932,"[PLACEHOLDER - Ollama unavailable, not a real model explanation] The headline ""FBN's Edward Lawrence Says Two Japanese Reporters Were Told By Japan's Minister Of Foreign Affairs That US-Japan Trade Deal Is Done And Will Be Released Tomorrow"" reads as a up signal for the stock, which is consistent with an upward next-day move.",
FNSPID_09142,"'Fast Money Halftime Report' Traders Weigh In On Adobe, Shake Shack And More",up,down,0.3777,"[PLACEHOLDER - Ollama unavailable, not a real model explanation] The headline ""'Fast Money Halftime Report' Traders Weigh In On Adobe, Shake Shack And More"" reads as a up signal for the stock, which is consistent with an upward next-day move.",
FNSPID_09178,Medtronic Announces Early Feasibility Trial For Intrepid Transcatheter Mitral Valve Replacement System With Transfemoral Transseptal Approach,up,up,0.3527,"[PLACEHOLDER - Ollama unavailable, not a real model explanation] The headline ""Medtronic Announces Early Feasibility Trial For Intrepid Transcatheter Mitral Valve Replacement System With Transfemoral Transseptal Approach"" reads as a up signal for the stock, which is consistent with an upward next-day move.",
FNSPID_13162,Tyson To Prohibit Ractopamine Use In Pork,up,up,0.3673,"[PLACEHOLDER - Ollama unavailable, not a real model explanation] The headline ""Tyson To Prohibit Ractopamine Use In Pork"" reads as a up signal for the stock, which is consistent with an upward next-day move.",
FNSPID_03158,"UPDATE: Barclays Downgrades EA To Equal Weight Notes 'After a string of disappointing results from the last Star Wars title, Battlefield V, and Anthem, we think investors will need to see a couple of successful title releases before EA's multiple reverts'",up,up,0.419,"[PLACEHOLDER - Ollama unavailable, not a real model explanation] The headline ""UPDATE: Barclays Downgrades EA To Equal Weight Notes 'After a string of disappointing results from the last Star Wars title, Battlefield V, and Anthem, we think investors will need to see a couple of successful title releases before EA's multiple reverts'"" reads as a up signal for the stock, which is consistent with an upward next-day move.",
FNSPID_04869,4 Industrials Stocks Moving In Wednesday's Pre-Market Session,up,up,0.4373,"[PLACEHOLDER - Ollama unavailable, not a real model explanation] The headline ""4 Industrials Stocks Moving In Wednesday's Pre-Market Session"" reads as a up signal for the stock, which is consistent with an upward next-day move.",
FNSPID_12113,Cannabis Stocks Up In Smoke After Hexo Withdraws 2020 Guidance,up,neutral,0.3789,"[PLACEHOLDER - Ollama unavailable, not a real model explanation] The headline ""Cannabis Stocks Up In Smoke After Hexo Withdraws 2020 Guidance"" reads as a up signal for the stock, which is consistent with an upward next-day move.",
FNSPID_05484,"The Daily Biotech Pulse: NewLink Genetics Licenses Ovarian Cancer Dug, Correvio Awaits FDA Verdict",neutral,neutral,0.3938,"[PLACEHOLDER - Ollama unavailable, not a real model explanation] The headline ""The Daily Biotech Pulse: NewLink Genetics Licenses Ovarian Cancer Dug, Correvio Awaits FDA Verdict"" reads as a neutral signal for the stock, which is consistent with little or no next-day move.",
FNSPID_10695,Regeneron Pharmaceuticals Says In Sept. Received A Civil Investigative Demand From The DOJ Pursuant To The Federal False Claims Act,up,down,0.3797,"[PLACEHOLDER - Ollama unavailable, not a real model explanation] The headline ""Regeneron Pharmaceuticals Says In Sept. Received A Civil Investigative Demand From The DOJ Pursuant To The Federal False Claims Act"" reads as a up signal for the stock, which is consistent with an upward next-day move.",
FNSPID_04156,Shares of several basic material companies are trading higher on renewed trade optimism. White House Economic Advisor Larry Kudlow said the December tariffs could be removed if U.S.-China trade talks go well.,up,up,0.3988,"[PLACEHOLDER - Ollama unavailable, not a real model explanation] The headline ""Shares of several basic material companies are trading higher on renewed trade optimism. White House Economic Advisor Larry Kudlow said the December tariffs could be removed if U.S.-China trade talks go well."" reads as a up signal for the stock, which is consistent with an upward next-day move.",
FNSPID_07291,"Wedbush Maintains Neutral on Home Depot, Raises Price Target to $230",up,neutral,0.3537,"[PLACEHOLDER - Ollama unavailable, not a real model explanation] The headline ""Wedbush Maintains Neutral on Home Depot, Raises Price Target to $230"" reads as a up signal for the stock, which is consistent with an upward next-day move.",
FNSPID_00728,"Shares of companies in the semiconductor space are trading higher in sympathy with NVIDIA, which reported better-than-expected Q2 results.",up,up,0.3891,"[PLACEHOLDER - Ollama unavailable, not a real model explanation] The headline ""Shares of companies in the semiconductor space are trading higher in sympathy with NVIDIA, which reported better-than-expected Q2 results."" reads as a up signal for the stock, which is consistent with an upward next-day move.",
FNSPID_09163,The Week Ahead In Biotech: Clinical Readouts In Focus As Earnings Wind Down,up,neutral,0.3658,"[PLACEHOLDER - Ollama unavailable, not a real model explanation] The headline ""The Week Ahead In Biotech: Clinical Readouts In Focus As Earnings Wind Down"" reads as a up signal for the stock, which is consistent with an upward next-day move.",
FNSPID_07237,Edward Jones Downgrades Home Depot to Hold,neutral,neutral,0.3484,"[PLACEHOLDER - Ollama unavailable, not a real model explanation] The headline ""Edward Jones Downgrades Home Depot to Hold"" reads as a neutral signal for the stock, which is consistent with little or no next-day move.",
FNSPID_09777,Shares of several oil & gas companies are trading lower after Saudi Arabia announced it is close to restoring 70% of the 5.7 million BPD of oil output loss and will be back at normal levels in a matter of weeks. NOTE: The return of output to normal levels was initially expected to take months.,up,down,0.3816,"[PLACEHOLDER - Ollama unavailable, not a real model explanation] The headline ""Shares of several oil & gas companies are trading lower after Saudi Arabia announced it is close to restoring 70% of the 5.7 million BPD of oil output loss and will be back at normal levels in a matter of weeks. NOTE: The return of output to normal levels was initially expected to take months."" reads as a up signal for the stock, which is consistent with an upward next-day move.",
FNSPID_11185,10 Biggest Price Target Changes For Monday,up,up,0.351,"[PLACEHOLDER - Ollama unavailable, not a real model explanation] The headline ""10 Biggest Price Target Changes For Monday"" reads as a up signal for the stock, which is consistent with an upward next-day move.",
FNSPID_08740,"The Daily Biotech Pulse: Therapix Extends Merger Deadline, Five Prime Restructures, Gilead-Galapagos Rheumatism Drug Readout",neutral,neutral,0.404,"[PLACEHOLDER - Ollama unavailable, not a real model explanation] The headline ""The Daily Biotech Pulse: Therapix Extends Merger Deadline, Five Prime Restructures, Gilead-Galapagos Rheumatism Drug Readout"" reads as a neutral signal for the stock, which is consistent with little or no next-day move.",
FNSPID_00671,EU Antitrust Head Vestager to Hold News Conference Expected to Focus on Broadcom,up,neutral,0.3757,"[PLACEHOLDER - Ollama unavailable, not a real model explanation] The headline ""EU Antitrust Head Vestager to Hold News Conference Expected to Focus on Broadcom"" reads as a up signal for the stock, which is consistent with an upward next-day move.",
FNSPID_01625,Shares of several banks and broader financial companies are trading higher after interest rates increased.,up,neutral,0.3906,"[PLACEHOLDER - Ollama unavailable, not a real model explanation] The headline ""Shares of several banks and broader financial companies are trading higher after interest rates increased."" reads as a up signal for the stock, which is consistent with an upward next-day move.",
FNSPID_12664,"8 Stocks To Watch For August 20, 2019",up,up,0.4165,"[PLACEHOLDER - Ollama unavailable, not a real model explanation] The headline ""8 Stocks To Watch For August 20, 2019"" reads as a up signal for the stock, which is consistent with an upward next-day move.",
FNSPID_06702,From Halliburton Q3 Earnings Conference Call: Will Keep Cutting Costs In North American Operations,up,up,0.3952,"[PLACEHOLDER - Ollama unavailable, not a real model explanation] The headline ""From Halliburton Q3 Earnings Conference Call: Will Keep Cutting Costs In North American Operations"" reads as a up signal for the stock, which is consistent with an upward next-day move.",
FNSPID_10128,"Petrobras Will Announce Non-Binding Phase For Sale Of Reman, Lubnor Refineries, Xisto Unit In Coming Weeks",up,down,0.3843,"[PLACEHOLDER - Ollama unavailable, not a real model explanation] The headline ""Petrobras Will Announce Non-Binding Phase For Sale Of Reman, Lubnor Refineries, Xisto Unit In Coming Weeks"" reads as a up signal for the stock, which is consistent with an upward next-day move.",
FNSPID_04130,Freeport-McMoRan shares are trading higher as positive US-China trade comments and falling inventories push copper prices higher.,up,neutral,0.4095,"[PLACEHOLDER - Ollama unavailable, not a real model explanation] The headline ""Freeport-McMoRan shares are trading higher as positive US-China trade comments and falling inventories push copper prices higher."" reads as a up signal for the stock, which is consistent with an upward next-day move.",
FNSPID_04153,"BMO Capital Maintains Market Perform on Freeport-McMoRan, Raises Price Target to $12",up,up,0.3889,"[PLACEHOLDER - Ollama unavailable, not a real model explanation] The headline ""BMO Capital Maintains Market Perform on Freeport-McMoRan, Raises Price Target to $12"" reads as a up signal for the stock, which is consistent with an upward next-day move.",
FNSPID_06105,"10 Stocks To Watch For November 5, 2019",up,down,0.399,"[PLACEHOLDER - Ollama unavailable, not a real model explanation] The headline ""10 Stocks To Watch For November 5, 2019"" reads as a up signal for the stock, which is consistent with an upward next-day move.",
FNSPID_09160,"Medtronic Q2 Adj. EPS $1.31 Beats $1.28 Estimate, Sales $7.706B Beat $7.66B Estimate",up,neutral,0.4325,"[PLACEHOLDER - Ollama unavailable, not a real model explanation] The headline ""Medtronic Q2 Adj. EPS $1.31 Beats $1.28 Estimate, Sales $7.706B Beat $7.66B Estimate"" reads as a up signal for the stock, which is consistent with an upward next-day move.",
FNSPID_08215,Kohl's Reaffirms FY19 EPS Guidance Of $5.15-$5.45 vs $5.23 Est.,up,up,0.4258,"[PLACEHOLDER - Ollama unavailable, not a real model explanation] The headline ""Kohl's Reaffirms FY19 EPS Guidance Of $5.15-$5.45 vs $5.23 Est."" reads as a up signal for the stock, which is consistent with an upward next-day move.",
FNSPID_04832,8 Latest Short Seller Targets,neutral,down,0.3495,"[PLACEHOLDER - Ollama unavailable, not a real model explanation] The headline ""8 Latest Short Seller Targets"" reads as a neutral signal for the stock, which is consistent with little or no next-day move.",
FNSPID_11207,Fluid Delivery Announces David Christmas CEO,neutral,down,0.3796,"[PLACEHOLDER - Ollama unavailable, not a real model explanation] The headline ""Fluid Delivery Announces David Christmas CEO"" reads as a neutral signal for the stock, which is consistent with little or no next-day move.",
FNSPID_01175,Getting Active With A Financial Services ETF,neutral,down,0.3643,"[PLACEHOLDER - Ollama unavailable, not a real model explanation] The headline ""Getting Active With A Financial Services ETF"" reads as a neutral signal for the stock, which is consistent with little or no next-day move.",
FNSPID_14122,"With China Trade Back In Focus, Strong Earnings From Apple, Facebook Blunt The Blow",up,neutral,0.3857,"[PLACEHOLDER - Ollama unavailable, not a real model explanation] The headline ""With China Trade Back In Focus, Strong Earnings From Apple, Facebook Blunt The Blow"" reads as a up signal for the stock, which is consistent with an upward next-day move.",
FNSPID_07680,Kroger Reports Q2 Earnings Beat,up,up,0.3623,"[PLACEHOLDER - Ollama unavailable, not a real model explanation] The headline ""Kroger Reports Q2 Earnings Beat"" reads as a up signal for the stock, which is consistent with an upward next-day move.",
FNSPID_03148,From EA Earnings Conference Call: Will Not Ship NBA Live Game In FY20,up,up,0.3773,"[PLACEHOLDER - Ollama unavailable, not a real model explanation] The headline ""From EA Earnings Conference Call: Will Not Ship NBA Live Game In FY20"" reads as a up signal for the stock, which is consistent with an upward next-day move.",
FNSPID_12651,Stocks That Hit 52-Week Highs On Thursday,up,neutral,0.3571,"[PLACEHOLDER - Ollama unavailable, not a real model explanation] The headline ""Stocks That Hit 52-Week Highs On Thursday"" reads as a up signal for the stock, which is consistent with an upward next-day move.",
FNSPID_04162,Shares of several basic material companies are trading higher after President Trump made positive remarks on the U.S.-China trade talks as traders grew more optimistic over the possibility of a limited trade deal. Trump is scheduled to meet with Chinese Vice Premier Liu He at the White House today.,up,neutral,0.3818,"[PLACEHOLDER - Ollama unavailable, not a real model explanation] The headline ""Shares of several basic material companies are trading higher after President Trump made positive remarks on the U.S.-China trade talks as traders grew more optimistic over the possibility of a limited trade deal. Trump is scheduled to meet with Chinese Vice Premier Liu He at the White House today."" reads as a up signal for the stock, which is consistent with an upward next-day move.",
FNSPID_00656,"Morgan Stanley Upgrades Broadcom to Overweight, Raises Price Target to $367",up,down,0.3638,"[PLACEHOLDER - Ollama unavailable, not a real model explanation] The headline ""Morgan Stanley Upgrades Broadcom to Overweight, Raises Price Target to $367"" reads as a up signal for the stock, which is consistent with an upward next-day move.",
FNSPID_04149,Shares of most major miners trading higher with the broader stock market following mixed manufacturing data around the globe but much better-than-expected jobs data out of the US.,up,up,0.3944,"[PLACEHOLDER - Ollama unavailable, not a real model explanation] The headline ""Shares of most major miners trading higher with the broader stock market following mixed manufacturing data around the globe but much better-than-expected jobs data out of the US."" reads as a up signal for the stock, which is consistent with an upward next-day move.",
FNSPID_01158,American Express Trades Higher On Q3 Earnings Beat,up,up,0.3916,"[PLACEHOLDER - Ollama unavailable, not a real model explanation] The headline ""American Express Trades Higher On Q3 Earnings Beat"" reads as a up signal for the stock, which is consistent with an upward next-day move.",
FNSPID_07191,"Morgan Stanley Maintains Overweight on Home Depot, Lowers Price Target to $235",up,up,0.3552,"[PLACEHOLDER - Ollama unavailable, not a real model explanation] The headline ""Morgan Stanley Maintains Overweight on Home Depot, Lowers Price Target to $235"" reads as a up signal for the stock, which is consistent with an upward next-day move.",
FNSPID_06734,"Wells Fargo Maintains Outperform on Halliburton, Lowers Price Target to $26",up,up,0.3542,"[PLACEHOLDER - Ollama unavailable, not a real model explanation] The headline ""Wells Fargo Maintains Outperform on Halliburton, Lowers Price Target to $26"" reads as a up signal for the stock, which is consistent with an upward next-day move.",
FNSPID_08756,CHMP Issues Positive Opinion To Expand Lilly's Trulicity Label To Include Results From REWIND Cardiovascular Outcomes Trial,up,down,0.3751,"[PLACEHOLDER - Ollama unavailable, not a real model explanation] The headline ""CHMP Issues Positive Opinion To Expand Lilly's Trulicity Label To Include Results From REWIND Cardiovascular Outcomes Trial"" reads as a up signal for the stock, which is consistent with an upward next-day move.",
FNSPID_06689,"Cowen & Co. Maintains Outperform on Halliburton, Lowers Price Target to $27",up,up,0.3549,"[PLACEHOLDER - Ollama unavailable, not a real model explanation] The headline ""Cowen & Co. Maintains Outperform on Halliburton, Lowers Price Target to $27"" reads as a up signal for the stock, which is consistent with an upward next-day move.",
FNSPID_07219,28 Stocks Moving in Tuesday's Pre-Market Session,up,down,0.4467,"[PLACEHOLDER - Ollama unavailable, not a real model explanation] The headline ""28 Stocks Moving in Tuesday's Pre-Market Session"" reads as a up signal for the stock, which is consistent with an upward next-day move.",
FNSPID_14679,Western Digital shares trading lower in sympathy with overall market weakness. The stock broke below the $60 level yesterday.,up,up,0.3754,"[PLACEHOLDER - Ollama unavailable, not a real model explanation] The headline ""Western Digital shares trading lower in sympathy with overall market weakness. The stock broke below the $60 level yesterday."" reads as a up signal for the stock, which is consistent with an upward next-day move.",
FNSPID_13185,"Pilgrim's Pride Shares Down 1% After Hours, Potentially In Sympathy With Tyson Following Warning",up,down,0.3961,"[PLACEHOLDER - Ollama unavailable, not a real model explanation] The headline ""Pilgrim's Pride Shares Down 1% After Hours, Potentially In Sympathy With Tyson Following Warning"" reads as a up signal for the stock, which is consistent with an upward next-day move.",
FNSPID_13171,"Barron's Picks And Pans: Activision, AT&T, Boeing, Ford, Nike, Square And More",neutral,down,0.4001,"[PLACEHOLDER - Ollama unavailable, not a real model explanation] The headline ""Barron's Picks And Pans: Activision, AT&T, Boeing, Ford, Nike, Square And More"" reads as a neutral signal for the stock, which is consistent with little or no next-day move.",
FNSPID_02611,Commentary: The Good And Bad Of Precision Scheduled Railroading,neutral,up,0.4094,"[PLACEHOLDER - Ollama unavailable, not a real model explanation] The headline ""Commentary: The Good And Bad Of Precision Scheduled Railroading"" reads as a neutral signal for the stock, which is consistent with little or no next-day move.",
FNSPID_07283,"Home Depot Core Strength Goes On Despite Cheaper Lumber, Bad Weather And China",up,neutral,0.3557,"[PLACEHOLDER - Ollama unavailable, not a real model explanation] The headline ""Home Depot Core Strength Goes On Despite Cheaper Lumber, Bad Weather And China"" reads as a up signal for the stock, which is consistent with an upward next-day move.",
FNSPID_04739,"Earnings Scheduled For December 17, 2019",down,down,0.4456,"[PLACEHOLDER - Ollama unavailable, not a real model explanation] The headline ""Earnings Scheduled For December 17, 2019"" reads as a down signal for the stock, which is consistent with a downward next-day move.",
FNSPID_10669,Evercore ISI Group Downgrades Regeneron Pharmaceuticals to In-Line,up,down,0.3721,"[PLACEHOLDER - Ollama unavailable, not a real model explanation] The headline ""Evercore ISI Group Downgrades Regeneron Pharmaceuticals to In-Line"" reads as a up signal for the stock, which is consistent with an upward next-day move.",
FNSPID_00633,"Broadcom Sees FY20 Sales $24.5B-$25.5B vs $23.79B Estimate, Adj. EBITDA $13.76B +/- $250M",up,down,0.4468,"[PLACEHOLDER - Ollama unavailable, not a real model explanation] The headline ""Broadcom Sees FY20 Sales $24.5B-$25.5B vs $23.79B Estimate, Adj. EBITDA $13.76B +/- $250M"" reads as a up signal for the stock, which is consistent with an upward next-day move.",
FNSPID_14177,"UBS Maintains Sell on Texas Instruments, Raises Price Target to $100",up,down,0.3716,"[PLACEHOLDER - Ollama unavailable, not a real model explanation] The headline ""UBS Maintains Sell on Texas Instruments, Raises Price Target to $100"" reads as a up signal for the stock, which is consistent with an upward next-day move.",
FNSPID_05663,GameStop shares are trading lower after the company reported worse-than-expected Q2 EPS and sales results.,down,down,0.3869,"[PLACEHOLDER - Ollama unavailable, not a real model explanation] The headline ""GameStop shares are trading lower after the company reported worse-than-expected Q2 EPS and sales results."" reads as a down signal for the stock, which is consistent with a downward next-day move.",
FNSPID_02670,CSX And Norfolk Southern Ready Themselves For Dorian,neutral,neutral,0.4013,"[PLACEHOLDER - Ollama unavailable, not a real model explanation] The headline ""CSX And Norfolk Southern Ready Themselves For Dorian"" reads as a neutral signal for the stock, which is consistent with little or no next-day move.",
FNSPID_09152,"Oppenheimer Maintains Outperform on Medtronic, Raises Price Target to $123",neutral,down,0.3554,"[PLACEHOLDER - Ollama unavailable, not a real model explanation] The headline ""Oppenheimer Maintains Outperform on Medtronic, Raises Price Target to $123"" reads as a neutral signal for the stock, which is consistent with little or no next-day move.",
FNSPID_01163,4 Ways To Reward Yourself For Grocery Shopping,neutral,up,0.416,"[PLACEHOLDER - Ollama unavailable, not a real model explanation] The headline ""4 Ways To Reward Yourself For Grocery Shopping"" reads as a neutral signal for the stock, which is consistent with little or no next-day move.",
FNSPID_03142,EA's Strong Quarter Overshadowed By 'Battlefield' Pushout,neutral,neutral,0.3712,"[PLACEHOLDER - Ollama unavailable, not a real model explanation] The headline ""EA's Strong Quarter Overshadowed By 'Battlefield' Pushout"" reads as a neutral signal for the stock, which is consistent with little or no next-day move.",
FNSPID_01627,Shares of several banks and broader financial companies are trading higher with the broader stock market after the Chinese Minister of Commerce said the leaders of the U.S. and China are set to meet in Washington D.C in early October.,up,neutral,0.3835,"[PLACEHOLDER - Ollama unavailable, not a real model explanation] The headline ""Shares of several banks and broader financial companies are trading higher with the broader stock market after the Chinese Minister of Commerce said the leaders of the U.S. and China are set to meet in Washington D.C in early October."" reads as a up signal for the stock, which is consistent with an upward next-day move.",
FNSPID_00660,Broadcom shares are trading higher after the company reported it is expanding its collaboration with Infosys. The company was also upgraded by UBS from Neutral to Buy and raised its price target was raised from $23 to $27.,up,neutral,0.4102,"[PLACEHOLDER - Ollama unavailable, not a real model explanation] The headline ""Broadcom shares are trading higher after the company reported it is expanding its collaboration with Infosys. The company was also upgraded by UBS from Neutral to Buy and raised its price target was raised from $23 to $27."" reads as a up signal for the stock, which is consistent with an upward next-day move.",
FNSPID_03165,Electronic Arts Says Implemented Fix Related To FIFA 20 Global Series Registration Page Issue,up,down,0.3543,"[PLACEHOLDER - Ollama unavailable, not a real model explanation] The headline ""Electronic Arts Says Implemented Fix Related To FIFA 20 Global Series Registration Page Issue"" reads as a up signal for the stock, which is consistent with an upward next-day move.",
FNSPID_04900,"Energy Shares Up, Transports Lower In Pre-Market Trading After Attacks On Saudi Arabia",up,neutral,0.4086,"[PLACEHOLDER - Ollama unavailable, not a real model explanation] The headline ""Energy Shares Up, Transports Lower In Pre-Market Trading After Attacks On Saudi Arabia"" reads as a up signal for the stock, which is consistent with an upward next-day move.",
FNSPID_03141,How Video Game Stocks Perform Heading Into The Holiday Shopping Season,neutral,neutral,0.357,"[PLACEHOLDER - Ollama unavailable, not a real model explanation] The headline ""How Video Game Stocks Perform Heading Into The Holiday Shopping Season"" reads as a neutral signal for the stock, which is consistent with little or no next-day move.",
FNSPID_11173,Schlumberger shares are trading lower on seemingly no company-specific news.,up,down,0.3874,"[PLACEHOLDER - Ollama unavailable, not a real model explanation] The headline ""Schlumberger shares are trading lower on seemingly no company-specific news."" reads as a up signal for the stock, which is consistent with an upward next-day move.",
FNSPID_07167,"UPDATE: Nomura Maintains Neutral On Home Depot, Lowers Target To $224 After Attending Co's Investor Conference Firm Notes 'we believe that 2020 will likely be a trough year'",up,neutral,0.4004,"[PLACEHOLDER - Ollama unavailable, not a real model explanation] The headline ""UPDATE: Nomura Maintains Neutral On Home Depot, Lowers Target To $224 After Attending Co's Investor Conference Firm Notes 'we believe that 2020 will likely be a trough year'"" reads as a up signal for the stock, which is consistent with an upward next-day move.",
FNSPID_08746,"The Week Ahead In Biotech: Pfenex And Clinuvel On The Radar Ahead of FDA Decisions, 2 IPOs On Deck",up,neutral,0.3874,"[PLACEHOLDER - Ollama unavailable, not a real model explanation] The headline ""The Week Ahead In Biotech: Pfenex And Clinuvel On The Radar Ahead of FDA Decisions, 2 IPOs On Deck"" reads as a up signal for the stock, which is consistent with an upward next-day move.",
FNSPID_14641,Western Digital shares are trading higher in sympathy with Micron Technology after the company reported better-than-expected Q1 sales results.,up,up,0.4022,"[PLACEHOLDER - Ollama unavailable, not a real model explanation] The headline ""Western Digital shares are trading higher in sympathy with Micron Technology after the company reported better-than-expected Q1 sales results."" reads as a up signal for the stock, which is consistent with an upward next-day move.",
FNSPID_04133,"Bulls And Bears Of The Week: Apple, Disney, Microsoft, Uber And More",neutral,up,0.3971,"[PLACEHOLDER - Ollama unavailable, not a real model explanation] The headline ""Bulls And Bears Of The Week: Apple, Disney, Microsoft, Uber And More"" reads as a neutral signal for the stock, which is consistent with little or no next-day move.",
FNSPID_04782,"In Change To Flat-Rate Shipping Program, FedEx Revises Packaging Rules",up,neutral,0.3638,"[PLACEHOLDER - Ollama unavailable, not a real model explanation] The headline ""In Change To Flat-Rate Shipping Program, FedEx Revises Packaging Rules"" reads as a up signal for the stock, which is consistent with an upward next-day move.",
FNSPID_04904,Air Cargo CEOs Among New US-UK Aviation Security Group,up,neutral,0.3752,"[PLACEHOLDER - Ollama unavailable, not a real model explanation] The headline ""Air Cargo CEOs Among New US-UK Aviation Security Group"" reads as a up signal for the stock, which is consistent with an upward next-day move.",
FNSPID_00630,Broadcom On Conference Call Says Plans To Pay Down $4B In Debt In FY20,up,down,0.3898,"[PLACEHOLDER - Ollama unavailable, not a real model explanation] The headline ""Broadcom On Conference Call Says Plans To Pay Down $4B In Debt In FY20"" reads as a up signal for the stock, which is consistent with an upward next-day move.",
FNSPID_07683,"Earnings Scheduled For September 12, 2019",down,up,0.4346,"[PLACEHOLDER - Ollama unavailable, not a real model explanation] The headline ""Earnings Scheduled For September 12, 2019"" reads as a down signal for the stock, which is consistent with a downward next-day move.",
FNSPID_13143,Tyson Foods shares are trading higher after China lifted restrictions on U.S. poultry meat imports and farm products.,up,neutral,0.3978,"[PLACEHOLDER - Ollama unavailable, not a real model explanation] The headline ""Tyson Foods shares are trading higher after China lifted restrictions on U.S. poultry meat imports and farm products."" reads as a up signal for the stock, which is consistent with an upward next-day move.",
FNSPID_08207,"A Look At Benzinga Pro's Most-Searched Tickers For August 21, 2019",neutral,neutral,0.3819,"[PLACEHOLDER - Ollama unavailable, not a real model explanation] The headline ""A Look At Benzinga Pro's Most-Searched Tickers For August 21, 2019"" reads as a neutral signal for the stock, which is consistent with little or no next-day move.",
FNSPID_09712,10 Worst Performing S&P 500 Stocks Of 2019,neutral,neutral,0.3394,"[PLACEHOLDER - Ollama unavailable, not a real model explanation] The headline ""10 Worst Performing S&P 500 Stocks Of 2019"" reads as a neutral signal for the stock, which is consistent with little or no next-day move.",
FNSPID_09192,"Home Depot, Shopify And More 'Fast Money Halftime Report' Picks From August 21",neutral,neutral,0.3903,"[PLACEHOLDER - Ollama unavailable, not a real model explanation] The headline ""Home Depot, Shopify And More 'Fast Money Halftime Report' Picks From August 21"" reads as a neutral signal for the stock, which is consistent with little or no next-day move.",
FNSPID_07193,Sell-Side Is Constructive On Lowe's After Q3 Earnings Beat,up,neutral,0.4095,"[PLACEHOLDER - Ollama unavailable, not a real model explanation] The headline ""Sell-Side Is Constructive On Lowe's After Q3 Earnings Beat"" reads as a up signal for the stock, which is consistent with an upward next-day move.",
FNSPID_09202,"UBS Maintains Buy on Medtronic, Raises Price Target to $122",up,neutral,0.3683,"[PLACEHOLDER - Ollama unavailable, not a real model explanation] The headline ""UBS Maintains Buy on Medtronic, Raises Price Target to $122"" reads as a up signal for the stock, which is consistent with an upward next-day move.",
FNSPID_12624,"Citi Maintains Buy on TJX Companies, Raises Price Target to $70",up,neutral,0.3907,"[PLACEHOLDER - Ollama unavailable, not a real model explanation] The headline ""Citi Maintains Buy on TJX Companies, Raises Price Target to $70"" reads as a up signal for the stock, which is consistent with an upward next-day move.",
FNSPID_02182,Shares of several Brazilian companies are trading higher on renewed optimism surrounding US-China trade talks after President Trump announced earlier in the week that he would delay additional tariffs on Chinese goods until December.,up,up,0.4314,"[PLACEHOLDER - Ollama unavailable, not a real model explanation] The headline ""Shares of several Brazilian companies are trading higher on renewed optimism surrounding US-China trade talks after President Trump announced earlier in the week that he would delay additional tariffs on Chinese goods until December."" reads as a up signal for the stock, which is consistent with an upward next-day move.",
FNSPID_05605,PreMarket Prep Recap: Who Let The Bulls Out?,neutral,up,0.3915,"[PLACEHOLDER - Ollama unavailable, not a real model explanation] The headline ""PreMarket Prep Recap: Who Let The Bulls Out?"" reads as a neutral signal for the stock, which is consistent with little or no next-day move.",
FNSPID_02130,Cigna shares are trading lower. Not seeing any news to justify the price action.,up,neutral,0.3834,"[PLACEHOLDER - Ollama unavailable, not a real model explanation] The headline ""Cigna shares are trading lower. Not seeing any news to justify the price action."" reads as a up signal for the stock, which is consistent with an upward next-day move.",
FNSPID_14655,Western Digital shares are trading lower. Not seeing any news to justify the price action.,up,up,0.3768,"[PLACEHOLDER - Ollama unavailable, not a real model explanation] The headline ""Western Digital shares are trading lower. Not seeing any news to justify the price action."" reads as a up signal for the stock, which is consistent with an upward next-day move.",
FNSPID_14167,Bank of America Upgrades Texas Instruments to Buy,neutral,up,0.3657,"[PLACEHOLDER - Ollama unavailable, not a real model explanation] The headline ""Bank of America Upgrades Texas Instruments to Buy"" reads as a neutral signal for the stock, which is consistent with little or no next-day move.",
FNSPID_02168,Cigna Reports Expansion Of Its Individual Health Care Exchange Offerings To 19 New Markets Across 10 States,up,up,0.3725,"[PLACEHOLDER - Ollama unavailable, not a real model explanation] The headline ""Cigna Reports Expansion Of Its Individual Health Care Exchange Offerings To 19 New Markets Across 10 States"" reads as a up signal for the stock, which is consistent with an upward next-day move.",
FNSPID_00669,Huawei Reshuffles US-Linked Executives Amidst Reported Increase in Sales,up,neutral,0.4064,"[PLACEHOLDER - Ollama unavailable, not a real model explanation] The headline ""Huawei Reshuffles US-Linked Executives Amidst Reported Increase in Sales"" reads as a up signal for the stock, which is consistent with an upward next-day move.",
FNSPID_11204,"Shares of oil companies are trading lower following a larger-than-expected build in US crude inventories. Additionally, overall market weakness and recession fears are weighing on oil demand outlook.",up,neutral,0.3906,"[PLACEHOLDER - Ollama unavailable, not a real model explanation] The headline ""Shares of oil companies are trading lower following a larger-than-expected build in US crude inventories. Additionally, overall market weakness and recession fears are weighing on oil demand outlook."" reads as a up signal for the stock, which is consistent with an upward next-day move.",
FNSPID_14660,Western Digital shares are trading higher on a rebound after the stock dropped approximately 7% after the company issued Q2 EPS guidance below analyst estimates.,up,up,0.41,"[PLACEHOLDER - Ollama unavailable, not a real model explanation] The headline ""Western Digital shares are trading higher on a rebound after the stock dropped approximately 7% after the company issued Q2 EPS guidance below analyst estimates."" reads as a up signal for the stock, which is consistent with an upward next-day move.",
FNSPID_00627,"Wells Fargo Maintains Equal-Weight on Broadcom, Raises Price Target to $330",up,up,0.3576,"[PLACEHOLDER - Ollama unavailable, not a real model explanation] The headline ""Wells Fargo Maintains Equal-Weight on Broadcom, Raises Price Target to $330"" reads as a up signal for the stock, which is consistent with an upward next-day move.",
FNSPID_06737,"Citigroup Maintains Buy on Halliburton, Lowers Price Target to $27",up,up,0.3577,"[PLACEHOLDER - Ollama unavailable, not a real model explanation] The headline ""Citigroup Maintains Buy on Halliburton, Lowers Price Target to $27"" reads as a up signal for the stock, which is consistent with an upward next-day move.",
FNSPID_03164,"Shares of several technology companies are trading lower as optimism around the upcoming U.S.-China trade talks waned. A report says China is toning down its expectations of the meeting. The U.S. expanded its trade blacklist, and scheduled an increase in tariffs on $250 billion worth of Chinese goods from 25% to 30% on Oct. 15, which will go into effect if no progress is made.",up,neutral,0.381,"[PLACEHOLDER - Ollama unavailable, not a real model explanation] The headline ""Shares of several technology companies are trading lower as optimism around the upcoming U.S.-China trade talks waned. A report says China is toning down its expectations of the meeting. The U.S. expanded its trade blacklist, and scheduled an increase in tariffs on $250 billion worth of Chinese goods from 25% to 30% on Oct. 15, which will go into effect if no progress is made."" reads as a up signal for the stock, which is consistent with an upward next-day move.",
FNSPID_04807,Goldman Sachs Cuts 2020 Transports Earnings Estimates On Industrial Weakness,up,up,0.3712,"[PLACEHOLDER - Ollama unavailable, not a real model explanation] The headline ""Goldman Sachs Cuts 2020 Transports Earnings Estimates On Industrial Weakness"" reads as a up signal for the stock, which is consistent with an upward next-day move.",
FNSPID_10665,"Benzinga's Top Upgrades, Downgrades For December 24, 2019",up,neutral,0.3902,"[PLACEHOLDER - Ollama unavailable, not a real model explanation] The headline ""Benzinga's Top Upgrades, Downgrades For December 24, 2019"" reads as a up signal for the stock, which is consistent with an upward next-day move.",
FNSPID_12670,10 Biggest Price Target Changes For Friday,up,neutral,0.3534,"[PLACEHOLDER - Ollama unavailable, not a real model explanation] The headline ""10 Biggest Price Target Changes For Friday"" reads as a up signal for the stock, which is consistent with an upward next-day move.",
FNSPID_14128,Shares of several semiconductors shares are trading higher in sympathy with Lam Research after the company reported better-than-expected Q1 EPS and sales results. The company had also issued Q2 EPS and sales above analyst estimates.,up,up,0.4049,"[PLACEHOLDER - Ollama unavailable, not a real model explanation] The headline ""Shares of several semiconductors shares are trading higher in sympathy with Lam Research after the company reported better-than-expected Q1 EPS and sales results. The company had also issued Q2 EPS and sales above analyst estimates."" reads as a up signal for the stock, which is consistent with an upward next-day move.",
FNSPID_14142,"SunTrust Robinson Humphrey Maintains Hold on Texas Instruments, Lowers Price Target to $122",neutral,neutral,0.3515,"[PLACEHOLDER - Ollama unavailable, not a real model explanation] The headline ""SunTrust Robinson Humphrey Maintains Hold on Texas Instruments, Lowers Price Target to $122"" reads as a neutral signal for the stock, which is consistent with little or no next-day move.",
FNSPID_00694,"UPDATE: Morgan Stanley Maintains Equal-Weight On Broadcom, Raises Target To $265 As Firm Notes 'No big surprises this quarter; demand commentary was cautious'",up,neutral,0.4367,"[PLACEHOLDER - Ollama unavailable, not a real model explanation] The headline ""UPDATE: Morgan Stanley Maintains Equal-Weight On Broadcom, Raises Target To $265 As Firm Notes 'No big surprises this quarter; demand commentary was cautious'"" reads as a up signal for the stock, which is consistent with an upward next-day move.",
FNSPID_04768,BiTA Announces Involvement In 2 Blockchain Proof-Of-Concept Projects,neutral,up,0.3626,"[PLACEHOLDER - Ollama unavailable, not a real model explanation] The headline ""BiTA Announces Involvement In 2 Blockchain Proof-Of-Concept Projects"" reads as a neutral signal for the stock, which is consistent with little or no next-day move.",
FNSPID_05487,"The Daily Biotech Pulse: Axovant Surges On Gene Therapy Study Results, FDA Approves Merck's Ebola Vaccine, Abeona Announces Offering",neutral,neutral,0.3994,"[PLACEHOLDER - Ollama unavailable, not a real model explanation] The headline ""The Daily Biotech Pulse: Axovant Surges On Gene Therapy Study Results, FDA Approves Merck's Ebola Vaccine, Abeona Announces Offering"" reads as a neutral signal for the stock, which is consistent with little or no next-day move.",
FNSPID_08185,"Driving Higher: Market Keeps Hanging In, On Pace For Another Record-Setting Week",up,down,0.4006,"[PLACEHOLDER - Ollama unavailable, not a real model explanation] The headline ""Driving Higher: Market Keeps Hanging In, On Pace For Another Record-Setting Week"" reads as a up signal for the stock, which is consistent with an upward next-day move.",
FNSPID_02638,Week 40 Picks Up Where Third Quarter Left Off,neutral,up,0.3809,"[PLACEHOLDER - Ollama unavailable, not a real model explanation] The headline ""Week 40 Picks Up Where Third Quarter Left Off"" reads as a neutral signal for the stock, which is consistent with little or no next-day move.",
FNSPID_12623,"Wells Fargo Maintains Market Perform On TJX Companies, Raises Price Target To $60",up,neutral,0.3791,"[PLACEHOLDER - Ollama unavailable, not a real model explanation] The headline ""Wells Fargo Maintains Market Perform On TJX Companies, Raises Price Target To $60"" reads as a up signal for the stock, which is consistent with an upward next-day move.",
FNSPID_02593,Experts Predict More Short Line Railroad Mergers And Acquisitions,neutral,neutral,0.4167,"[PLACEHOLDER - Ollama unavailable, not a real model explanation] The headline ""Experts Predict More Short Line Railroad Mergers And Acquisitions"" reads as a neutral signal for the stock, which is consistent with little or no next-day move.",
FNSPID_08729,"Mixed Bag: Better Outlooks From Lockheed, United Technologies, But McDonald's Misses",up,down,0.3568,"[PLACEHOLDER - Ollama unavailable, not a real model explanation] The headline ""Mixed Bag: Better Outlooks From Lockheed, United Technologies, But McDonald's Misses"" reads as a up signal for the stock, which is consistent with an upward next-day move.",
FNSPID_09164,"U.S Researchers Report Medications, Lifestyle Changes as Effective as Stents for Many Heart Patients",neutral,neutral,0.3772,"[PLACEHOLDER - Ollama unavailable, not a real model explanation] The headline ""U.S Researchers Report Medications, Lifestyle Changes as Effective as Stents for Many Heart Patients"" reads as a neutral signal for the stock, which is consistent with little or no next-day move.",
FNSPID_05616,"UPDATE: Baird Maintains Neutral On GameStop, Lowers Target To $5 Notes Co's 'Double whammy includes end-of-cycle downturn and digital shift'; 'Q3 miss driven by hardware declines, lighter software release slate'",up,neutral,0.4003,"[PLACEHOLDER - Ollama unavailable, not a real model explanation] The headline ""UPDATE: Baird Maintains Neutral On GameStop, Lowers Target To $5 Notes Co's 'Double whammy includes end-of-cycle downturn and digital shift'; 'Q3 miss driven by hardware declines, lighter software release slate'"" reads as a up signal for the stock, which is consistent with an upward next-day move.",
FNSPID_04738,"8 Stocks To Watch For December 17, 2019",up,down,0.42,"[PLACEHOLDER - Ollama unavailable, not a real model explanation] The headline ""8 Stocks To Watch For December 17, 2019"" reads as a up signal for the stock, which is consistent with an upward next-day move.",
FNSPID_09735,Occidental Petroleum shares are trading higher after Berkshire Hathaway issued a 13F filing showing a new 7.5 million share stake in the company.,up,neutral,0.3882,"[PLACEHOLDER - Ollama unavailable, not a real model explanation] The headline ""Occidental Petroleum shares are trading higher after Berkshire Hathaway issued a 13F filing showing a new 7.5 million share stake in the company."" reads as a up signal for the stock, which is consistent with an upward next-day move.",
FNSPID_08753,Eli Lilly to Present Data at the European Society for Medical Oncology,neutral,neutral,0.3971,"[PLACEHOLDER - Ollama unavailable, not a real model explanation] The headline ""Eli Lilly to Present Data at the European Society for Medical Oncology"" reads as a neutral signal for the stock, which is consistent with little or no next-day move.",
FNSPID_07697,Kroger and Walgreens Expand its Exploratory Pilot for Kroger Express in Walgreens Stores,neutral,neutral,0.3597,"[PLACEHOLDER - Ollama unavailable, not a real model explanation] The headline ""Kroger and Walgreens Expand its Exploratory Pilot for Kroger Express in Walgreens Stores"" reads as a neutral signal for the stock, which is consistent with little or no next-day move.",
FNSPID_14157,"Shares of several semiconductor companies are trading higher in sympathy with the overall market after multiple companies reported earnings that topped expectations, bringing the whole market higher on positive sentiment.",up,down,0.4082,"[PLACEHOLDER - Ollama unavailable, not a real model explanation] The headline ""Shares of several semiconductor companies are trading higher in sympathy with the overall market after multiple companies reported earnings that topped expectations, bringing the whole market higher on positive sentiment."" reads as a up signal for the stock, which is consistent with an upward next-day move.",
FNSPID_14174,"Stifel Maintains Hold on Texas Instruments, Lowers Price Target to $117",up,neutral,0.3698,"[PLACEHOLDER - Ollama unavailable, not a real model explanation] The headline ""Stifel Maintains Hold on Texas Instruments, Lowers Price Target to $117"" reads as a up signal for the stock, which is consistent with an upward next-day move.",
FNSPID_08182,"Earnings Scheduled For November 19, 2019",down,neutral,0.4407,"[PLACEHOLDER - Ollama unavailable, not a real model explanation] The headline ""Earnings Scheduled For November 19, 2019"" reads as a down signal for the stock, which is consistent with a downward next-day move.",
FNSPID_11211,"Citigroup Maintains Buy on Schlumberger, Lowers Price Target to $44",up,down,0.3582,"[PLACEHOLDER - Ollama unavailable, not a real model explanation] The headline ""Citigroup Maintains Buy on Schlumberger, Lowers Price Target to $44"" reads as a up signal for the stock, which is consistent with an upward next-day move.",
FNSPID_00695,CORRECTION: Morgan Stanley Raised Price Target On Broadcom From $250 To $265,up,neutral,0.3736,"[PLACEHOLDER - Ollama unavailable, not a real model explanation] The headline ""CORRECTION: Morgan Stanley Raised Price Target On Broadcom From $250 To $265"" reads as a up signal for the stock, which is consistent with an upward next-day move.",
FNSPID_12092,"The Week In Cannabis: Peru Rolls Out Sales, Uruguay Updates Rules, MLB Stops Testing Players, Canopy Hires New CEO",neutral,neutral,0.4234,"[PLACEHOLDER - Ollama unavailable, not a real model explanation] The headline ""The Week In Cannabis: Peru Rolls Out Sales, Uruguay Updates Rules, MLB Stops Testing Players, Canopy Hires New CEO"" reads as a neutral signal for the stock, which is consistent with little or no next-day move.",
FNSPID_14706,15 Technology Stocks Moving In Wednesday's Pre-Market Session,up,up,0.4212,"[PLACEHOLDER - Ollama unavailable, not a real model explanation] The headline ""15 Technology Stocks Moving In Wednesday's Pre-Market Session"" reads as a up signal for the stock, which is consistent with an upward next-day move.",
FNSPID_02640,CSX And Union Pacific Make Changes To Sales And Marketing Teams,neutral,up,0.4053,"[PLACEHOLDER - Ollama unavailable, not a real model explanation] The headline ""CSX And Union Pacific Make Changes To Sales And Marketing Teams"" reads as a neutral signal for the stock, which is consistent with little or no next-day move.",
FNSPID_13193,Tyson Foods Option Alert: Oct 18 $95 Calls Sweep (3) above Ask!: 500 @ $1.907 vs 135 OI; Ref=$90.67,up,down,0.4058,"[PLACEHOLDER - Ollama unavailable, not a real model explanation] The headline ""Tyson Foods Option Alert: Oct 18 $95 Calls Sweep (3) above Ask!: 500 @ $1.907 vs 135 OI; Ref=$90.67"" reads as a up signal for the stock, which is consistent with an upward next-day move.",
FNSPID_08703,"Trump Says he Will Release a Plan to Let States Import Prescription Drugs Which are ""MUCH CHEAPER""",up,up,0.3587,"[PLACEHOLDER - Ollama unavailable, not a real model explanation] The headline ""Trump Says he Will Release a Plan to Let States Import Prescription Drugs Which are ""MUCH CHEAPER"""" reads as a up signal for the stock, which is consistent with an upward next-day move.",
FNSPID_05495,"Credit Suisse Downgrades Gilead Sciences to Underperform, Lowers Price Target to $63",up,neutral,0.3608,"[PLACEHOLDER - Ollama unavailable, not a real model explanation] The headline ""Credit Suisse Downgrades Gilead Sciences to Underperform, Lowers Price Target to $63"" reads as a up signal for the stock, which is consistent with an upward next-day move.",
FNSPID_02655,Norfolk Southern Taps Mongeau For Board Seat,neutral,neutral,0.3801,"[PLACEHOLDER - Ollama unavailable, not a real model explanation] The headline ""Norfolk Southern Taps Mongeau For Board Seat"" reads as a neutral signal for the stock, which is consistent with little or no next-day move.",
FNSPID_04874,"Credit Suisse Maintains Outperform on FedEx, Lowers Price Target to $168",up,up,0.361,"[PLACEHOLDER - Ollama unavailable, not a real model explanation] The headline ""Credit Suisse Maintains Outperform on FedEx, Lowers Price Target to $168"" reads as a up signal for the stock, which is consistent with an upward next-day move.",
FNSPID_10663,10 Best Performing S&P 500 Stocks Of The Decade,neutral,neutral,0.3472,"[PLACEHOLDER - Ollama unavailable, not a real model explanation] The headline ""10 Best Performing S&P 500 Stocks Of The Decade"" reads as a neutral signal for the stock, which is consistent with little or no next-day move.",
FNSPID_12102,"Food And Beverage Shakeups: Constellation Sells Ballast Point, PepsiCo Acquires PopCorners Maker",neutral,neutral,0.3953,"[PLACEHOLDER - Ollama unavailable, not a real model explanation] The headline ""Food And Beverage Shakeups: Constellation Sells Ballast Point, PepsiCo Acquires PopCorners Maker"" reads as a neutral signal for the stock, which is consistent with little or no next-day move.",
FNSPID_11149,Schlumberger shares are trading higher. Not seeing any news to justify the price action.,up,up,0.3985,"[PLACEHOLDER - Ollama unavailable, not a real model explanation] The headline ""Schlumberger shares are trading higher. Not seeing any news to justify the price action."" reads as a up signal for the stock, which is consistent with an upward next-day move.",
FNSPID_06092,68 Biggest Movers From Yesterday,up,down,0.391,"[PLACEHOLDER - Ollama unavailable, not a real model explanation] The headline ""68 Biggest Movers From Yesterday"" reads as a up signal for the stock, which is consistent with an upward next-day move.",
FNSPID_00688,Broadcom shares are trading lower following news of a $3 billion series A mandatory convertible preferred stock offering.,up,down,0.383,"[PLACEHOLDER - Ollama unavailable, not a real model explanation] The headline ""Broadcom shares are trading lower following news of a $3 billion series A mandatory convertible preferred stock offering."" reads as a up signal for the stock, which is consistent with an upward next-day move.",
FNSPID_11217,"Wells Fargo Maintains Outperform on Schlumberger, Lowers Price Target to $44",up,up,0.3559,"[PLACEHOLDER - Ollama unavailable, not a real model explanation] The headline ""Wells Fargo Maintains Outperform on Schlumberger, Lowers Price Target to $44"" reads as a up signal for the stock, which is consistent with an upward next-day move.",
FNSPID_01612,"A Peek Into The Markets: US Stock Futures Rise Ahead Of Goldman Sachs, Citigroup Earnings",up,neutral,0.3935,"[PLACEHOLDER - Ollama unavailable, not a real model explanation] The headline ""A Peek Into The Markets: US Stock Futures Rise Ahead Of Goldman Sachs, Citigroup Earnings"" reads as a up signal for the stock, which is consistent with an upward next-day move.",
FNSPID_02154,"Mizuho Initiates Coverage On Cigna with Buy Rating, Announces $180 Price Target",up,neutral,0.3649,"[PLACEHOLDER - Ollama unavailable, not a real model explanation] The headline ""Mizuho Initiates Coverage On Cigna with Buy Rating, Announces $180 Price Target"" reads as a up signal for the stock, which is consistent with an upward next-day move.",
FNSPID_04803,"Wing Teams Up With FedEx, Walgreens For Milestone Drone Delivery",neutral,up,0.3931,"[PLACEHOLDER - Ollama unavailable, not a real model explanation] The headline ""Wing Teams Up With FedEx, Walgreens For Milestone Drone Delivery"" reads as a neutral signal for the stock, which is consistent with little or no next-day move.",
FNSPID_10675,Hearing Sanofi May Sell Regeneron Stake After Lockup Expires,up,neutral,0.3727,"[PLACEHOLDER - Ollama unavailable, not a real model explanation] The headline ""Hearing Sanofi May Sell Regeneron Stake After Lockup Expires"" reads as a up signal for the stock, which is consistent with an upward next-day move.",
FNSPID_00611,"Barron's Picks And Pans: Applied Materials, Boeing, Travelers And More",neutral,neutral,0.3935,"[PLACEHOLDER - Ollama unavailable, not a real model explanation] The headline ""Barron's Picks And Pans: Applied Materials, Boeing, Travelers And More"" reads as a neutral signal for the stock, which is consistent with little or no next-day move.",
FNSPID_11212,Shares of several oil & gas companies are trading lower after Saudi Arabia announced it is close to restoring 70% of the 5.7 million BPD of oil output loss and will be back at normal levels in a matter of weeks. NOTE: The return of output to normal levels was initially expected to take months.,up,neutral,0.3816,"[PLACEHOLDER - Ollama unavailable, not a real model explanation] The headline ""Shares of several oil & gas companies are trading lower after Saudi Arabia announced it is close to restoring 70% of the 5.7 million BPD of oil output loss and will be back at normal levels in a matter of weeks. NOTE: The return of output to normal levels was initially expected to take months."" reads as a up signal for the stock, which is consistent with an upward next-day move.",
FNSPID_04762,'Fast Money Halftime Report' Picks From Nov. 27,neutral,down,0.3456,"[PLACEHOLDER - Ollama unavailable, not a real model explanation] The headline ""'Fast Money Halftime Report' Picks From Nov. 27"" reads as a neutral signal for the stock, which is consistent with little or no next-day move.",
FNSPID_13184,6 Stocks Moving In Tuesday's After-Hours Session,up,down,0.439,"[PLACEHOLDER - Ollama unavailable, not a real model explanation] The headline ""6 Stocks Moving In Tuesday's After-Hours Session"" reads as a up signal for the stock, which is consistent with an upward next-day move.",
FNSPID_06729,10 Biggest Price Target Changes For Monday,up,down,0.351,"[PLACEHOLDER - Ollama unavailable, not a real model explanation] The headline ""10 Biggest Price Target Changes For Monday"" reads as a up signal for the stock, which is consistent with an upward next-day move.",
FNSPID_02133,Cigna Reaffirms FY19 Adj. Net Income Guidance $6.38B-$6.46B,up,neutral,0.4246,"[PLACEHOLDER - Ollama unavailable, not a real model explanation] The headline ""Cigna Reaffirms FY19 Adj. Net Income Guidance $6.38B-$6.46B"" reads as a up signal for the stock, which is consistent with an upward next-day move.",
FNSPID_07177,Credit Suisse Upgrades Home Depot to Outperform,up,neutral,0.3516,"[PLACEHOLDER - Ollama unavailable, not a real model explanation] The headline ""Credit Suisse Upgrades Home Depot to Outperform"" reads as a up signal for the stock, which is consistent with an upward next-day move.",
FNSPID_10697,10 Healthcare Stocks Moving In Tuesday's Pre-Market Session,up,down,0.4187,"[PLACEHOLDER - Ollama unavailable, not a real model explanation] The headline ""10 Healthcare Stocks Moving In Tuesday's Pre-Market Session"" reads as a up signal for the stock, which is consistent with an upward next-day move.",
FNSPID_04809,'Fast Money' Picks For October 14,neutral,up,0.3861,"[PLACEHOLDER - Ollama unavailable, not a real model explanation] The headline ""'Fast Money' Picks For October 14"" reads as a neutral signal for the stock, which is consistent with little or no next-day move.",
FNSPID_03603,"Trump Says First Phase Of US, Japan Trade Deal Will Open Up Markets To $7B Of US Products, Reached Deal On Robust Commitments For $40B Of Digital Trade",up,neutral,0.4221,"[PLACEHOLDER - Ollama unavailable, not a real model explanation] The headline ""Trump Says First Phase Of US, Japan Trade Deal Will Open Up Markets To $7B Of US Products, Reached Deal On Robust Commitments For $40B Of Digital Trade"" reads as a up signal for the stock, which is consistent with an upward next-day move.",
FNSPID_02608,"Benzinga's Top Upgrades, Downgrades For November 12, 2019",up,down,0.3896,"[PLACEHOLDER - Ollama unavailable, not a real model explanation] The headline ""Benzinga's Top Upgrades, Downgrades For November 12, 2019"" reads as a up signal for the stock, which is consistent with an upward next-day move.",
FNSPID_06690,"Stifel Maintains Buy on Halliburton, Lowers Price Target to $26",up,up,0.3714,"[PLACEHOLDER - Ollama unavailable, not a real model explanation] The headline ""Stifel Maintains Buy on Halliburton, Lowers Price Target to $26"" reads as a up signal for the stock, which is consistent with an upward next-day move.",
FNSPID_07653,"Kroger Shares Unaffected Following Co. Press Release Highlighting Women In California, Colorado, Idaho, New Mexico, Oregon, Utah, Washington Can Obtain Contraceptives From A Kroger Health Pharmacy",up,down,0.3662,"[PLACEHOLDER - Ollama unavailable, not a real model explanation] The headline ""Kroger Shares Unaffected Following Co. Press Release Highlighting Women In California, Colorado, Idaho, New Mexico, Oregon, Utah, Washington Can Obtain Contraceptives From A Kroger Health Pharmacy"" reads as a up signal for the stock, which is consistent with an upward next-day move.",
FNSPID_08166,"Wedbush Maintains Neutral on Kohl's, Lowers Price Target to $50",up,neutral,0.3556,"[PLACEHOLDER - Ollama unavailable, not a real model explanation] The headline ""Wedbush Maintains Neutral on Kohl's, Lowers Price Target to $50"" reads as a up signal for the stock, which is consistent with an upward next-day move.",
FNSPID_10103,Shares of several oil and gas companies are trading higher after OPEC cut its oil production growth forecast. An IEA report also indicated global oil demand growth in Q3.,up,down,0.3855,"[PLACEHOLDER - Ollama unavailable, not a real model explanation] The headline ""Shares of several oil and gas companies are trading higher after OPEC cut its oil production growth forecast. An IEA report also indicated global oil demand growth in Q3."" reads as a up signal for the stock, which is consistent with an upward next-day move.",
FNSPID_02619,CSX Agrees To Purchase About 4.7M Shares Of Common Stock From Mantle Ridge,neutral,down,0.3688,"[PLACEHOLDER - Ollama unavailable, not a real model explanation] The headline ""CSX Agrees To Purchase About 4.7M Shares Of Common Stock From Mantle Ridge"" reads as a neutral signal for the stock, which is consistent with little or no next-day move.",
FNSPID_04756,"Celadon, Biggest Bankruptcy In Truckload History Expected By Mid-Week",up,neutral,0.3671,"[PLACEHOLDER - Ollama unavailable, not a real model explanation] The headline ""Celadon, Biggest Bankruptcy In Truckload History Expected By Mid-Week"" reads as a up signal for the stock, which is consistent with an upward next-day move.",
FNSPID_02674,OmniTRAX Acquires Shortline Railroad Assets In Northern Ohio,neutral,up,0.3588,"[PLACEHOLDER - Ollama unavailable, not a real model explanation] The headline ""OmniTRAX Acquires Shortline Railroad Assets In Northern Ohio"" reads as a neutral signal for the stock, which is consistent with little or no next-day move.",
FNSPID_14139,16 Technology Stocks Moving In Wednesday's Pre-Market Session,up,neutral,0.4214,"[PLACEHOLDER - Ollama unavailable, not a real model explanation] The headline ""16 Technology Stocks Moving In Wednesday's Pre-Market Session"" reads as a up signal for the stock, which is consistent with an upward next-day move.",
FNSPID_11148,"Shares of oil & gas companies are trading higher following multiple positive US-China trade developments, including a tweet from President Trump suggesting the US is 'very close' to a deal.",up,neutral,0.4065,"[PLACEHOLDER - Ollama unavailable, not a real model explanation] The headline ""Shares of oil & gas companies are trading higher following multiple positive US-China trade developments, including a tweet from President Trump suggesting the US is 'very close' to a deal."" reads as a up signal for the stock, which is consistent with an upward next-day move.",
FNSPID_09790,"Goldman Sachs Reinstates Neutral on Occidental Petroleum, Announces $52.5 Price Target",up,up,0.3772,"[PLACEHOLDER - Ollama unavailable, not a real model explanation] The headline ""Goldman Sachs Reinstates Neutral on Occidental Petroleum, Announces $52.5 Price Target"" reads as a up signal for the stock, which is consistent with an upward next-day move.",
FNSPID_02594,CSX And Virginia To Create Separate Freight And Passenger Rail Routes,neutral,neutral,0.4276,"[PLACEHOLDER - Ollama unavailable, not a real model explanation] The headline ""CSX And Virginia To Create Separate Freight And Passenger Rail Routes"" reads as a neutral signal for the stock, which is consistent with little or no next-day move.",
FNSPID_04907,"Apple, Twitter And More 'Fast Money' Picks For September 9",neutral,up,0.4044,"[PLACEHOLDER - Ollama unavailable, not a real model explanation] The headline ""Apple, Twitter And More 'Fast Money' Picks For September 9"" reads as a neutral signal for the stock, which is consistent with little or no next-day move.",
FNSPID_05649,"Baird Maintains Neutral, $6 Target On Gamestop As Firm Notes Co's 'Strategic update provides new focus, but headwinds remain strong' As Firm Notes 'the near-term impact of an ending console cycle is likely to more than offset any material improvements'",up,neutral,0.4279,"[PLACEHOLDER - Ollama unavailable, not a real model explanation] The headline ""Baird Maintains Neutral, $6 Target On Gamestop As Firm Notes Co's 'Strategic update provides new focus, but headwinds remain strong' As Firm Notes 'the near-term impact of an ending console cycle is likely to more than offset any material improvements'"" reads as a up signal for the stock, which is consistent with an upward next-day move.",
FNSPID_09218,"Deutsche Bank Maintains Buy on Medtronic, Raises Price Target to $111",up,up,0.3616,"[PLACEHOLDER - Ollama unavailable, not a real model explanation] The headline ""Deutsche Bank Maintains Buy on Medtronic, Raises Price Target to $111"" reads as a up signal for the stock, which is consistent with an upward next-day move.",
FNSPID_04139,BofA Upgrades Freeport-McMoRan In Anticipation Of Grasberg Contribution,up,neutral,0.3613,"[PLACEHOLDER - Ollama unavailable, not a real model explanation] The headline ""BofA Upgrades Freeport-McMoRan In Anticipation Of Grasberg Contribution"" reads as a up signal for the stock, which is consistent with an upward next-day move.",
FNSPID_04705,Today's Pickup: Isuzu Motors To Acquire Volvo's UD Trucks For $2.3 Billion,up,neutral,0.3668,"[PLACEHOLDER - Ollama unavailable, not a real model explanation] The headline ""Today's Pickup: Isuzu Motors To Acquire Volvo's UD Trucks For $2.3 Billion"" reads as a up signal for the stock, which is consistent with an upward next-day move.",
FNSPID_12614,'Their Model Continues To Thrive': TJX Analysts React To Q3 Earnings Beat,up,neutral,0.4054,"[PLACEHOLDER - Ollama unavailable, not a real model explanation] The headline ""'Their Model Continues To Thrive': TJX Analysts React To Q3 Earnings Beat"" reads as a up signal for the stock, which is consistent with an upward next-day move.",
FNSPID_06101,JP Morgan Downgrades Groupon to Underweight,up,neutral,0.3726,"[PLACEHOLDER - Ollama unavailable, not a real model explanation] The headline ""JP Morgan Downgrades Groupon to Underweight"" reads as a up signal for the stock, which is consistent with an upward next-day move.",
FNSPID_04186,Stocks That Hit 52-Week Lows On Wednesday,neutral,up,0.3398,"[PLACEHOLDER - Ollama unavailable, not a real model explanation] The headline ""Stocks That Hit 52-Week Lows On Wednesday"" reads as a neutral signal for the stock, which is consistent with little or no next-day move.",
FNSPID_03619,"Benzinga Pro Mid-Day Price Check For Regional ETFs: Canada (EWC) Up 0.4, China (FXI) Up 0.4%, Brazil (EWZ) Up 0.3%, Russia (RSX) Up 0.3%, Japan (EWJ) Up 0.2%, Australia (EWA) Up 0.1%, India (INDA) Down 0.1%, US (SPY) Down 0.3%",neutral,neutral,0.4762,"[PLACEHOLDER - Ollama unavailable, not a real model explanation] The headline ""Benzinga Pro Mid-Day Price Check For Regional ETFs: Canada (EWC) Up 0.4, China (FXI) Up 0.4%, Brazil (EWZ) Up 0.3%, Russia (RSX) Up 0.3%, Japan (EWJ) Up 0.2%, Australia (EWA) Up 0.1%, India (INDA) Down 0.1%, US (SPY) Down 0.3%"" reads as a neutral signal for the stock, which is consistent with little or no next-day move.",
FNSPID_01167,Shares of several financial companies are trading lower in sympathy with the overall market on continued fears of a recession amid a weak ADP jobs report. There is also uncertainty in the market over the upcoming U.S.-China meeting next week.,up,neutral,0.363,"[PLACEHOLDER - Ollama unavailable, not a real model explanation] The headline ""Shares of several financial companies are trading lower in sympathy with the overall market on continued fears of a recession amid a weak ADP jobs report. There is also uncertainty in the market over the upcoming U.S.-China meeting next week."" reads as a up signal for the stock, which is consistent with an upward next-day move.",
FNSPID_07682,"7 Stocks To Watch For September 12, 2019",up,up,0.4154,"[PLACEHOLDER - Ollama unavailable, not a real model explanation] The headline ""7 Stocks To Watch For September 12, 2019"" reads as a up signal for the stock, which is consistent with an upward next-day move.",
FNSPID_04783,"Uber Shares Hit The Curb After Earnings, But Trade Optimism Continues To Lift Market",up,down,0.3991,"[PLACEHOLDER - Ollama unavailable, not a real model explanation] The headline ""Uber Shares Hit The Curb After Earnings, But Trade Optimism Continues To Lift Market"" reads as a up signal for the stock, which is consistent with an upward next-day move.",
FNSPID_10714,"The Daily Biotech Pulse: Translate Bio Halts mRNA Therapy Trial, Roche Multiple Sclerosis Biomarker Data, D-Day For Xeris",neutral,neutral,0.4111,"[PLACEHOLDER - Ollama unavailable, not a real model explanation] The headline ""The Daily Biotech Pulse: Translate Bio Halts mRNA Therapy Trial, Roche Multiple Sclerosis Biomarker Data, D-Day For Xeris"" reads as a neutral signal for the stock, which is consistent with little or no next-day move.",
FNSPID_06719,No Zip: Energy Sector Q3 Seen Weak Despite Attack On Oil Supplies,up,up,0.4212,"[PLACEHOLDER - Ollama unavailable, not a real model explanation] The headline ""No Zip: Energy Sector Q3 Seen Weak Despite Attack On Oil Supplies"" reads as a up signal for the stock, which is consistent with an upward next-day move.",
FNSPID_14685,Western Digital shares are trading higher after the company announced the sale of IntelliFlash business to DDN and it intends to exit storage systems.,up,down,0.3873,"[PLACEHOLDER - Ollama unavailable, not a real model explanation] The headline ""Western Digital shares are trading higher after the company announced the sale of IntelliFlash business to DDN and it intends to exit storage systems."" reads as a up signal for the stock, which is consistent with an upward next-day move.",
FNSPID_04843,Mike Khouw Sees Unusual Activity In FedEx,up,down,0.393,"[PLACEHOLDER - Ollama unavailable, not a real model explanation] The headline ""Mike Khouw Sees Unusual Activity In FedEx"" reads as a up signal for the stock, which is consistent with an upward next-day move.",
FNSPID_04115,Freeport-McMoRan Shares Fall Modestly Over Last Few Mins. Following Large Block Trade Of 1.5M Shares At $13.10/Share,up,neutral,0.4079,"[PLACEHOLDER - Ollama unavailable, not a real model explanation] The headline ""Freeport-McMoRan Shares Fall Modestly Over Last Few Mins. Following Large Block Trade Of 1.5M Shares At $13.10/Share"" reads as a up signal for the stock, which is consistent with an upward next-day move.",
FNSPID_00143,Shares of several retail companies are trading higher in sympathy with Target after the company reported better-than-expected Q2 EPS and sales and raised FY19 guidance.,up,up,0.4133,"[PLACEHOLDER - Ollama unavailable, not a real model explanation] The headline ""Shares of several retail companies are trading higher in sympathy with Target after the company reported better-than-expected Q2 EPS and sales and raised FY19 guidance."" reads as a up signal for the stock, which is consistent with an upward next-day move.",
FNSPID_13146,"BMO Capital Maintains Outperform on Tyson Foods, Raises Price Target to $98",up,up,0.3744,"[PLACEHOLDER - Ollama unavailable, not a real model explanation] The headline ""BMO Capital Maintains Outperform on Tyson Foods, Raises Price Target to $98"" reads as a up signal for the stock, which is consistent with an upward next-day move.",
FNSPID_14164,Stocks That Hit 52-Week Highs On Tuesday,up,down,0.355,"[PLACEHOLDER - Ollama unavailable, not a real model explanation] The headline ""Stocks That Hit 52-Week Highs On Tuesday"" reads as a up signal for the stock, which is consistent with an upward next-day move.",
FNSPID_04706,"UPDATE: Bank Of America Reiterates Neutral On FedEx, Lowers Target To $163 Notes 'We believe FedEx shares reflect overhang from higher Express/ TNT costs, economic and trade overhang, and the lost Amazon Ground and Express business'",up,neutral,0.4341,"[PLACEHOLDER - Ollama unavailable, not a real model explanation] The headline ""UPDATE: Bank Of America Reiterates Neutral On FedEx, Lowers Target To $163 Notes 'We believe FedEx shares reflect overhang from higher Express/ TNT costs, economic and trade overhang, and the lost Amazon Ground and Express business'"" reads as a up signal for the stock, which is consistent with an upward next-day move.",
FNSPID_06093,42 Stocks Moving In Tuesday's Mid-Day Session,up,neutral,0.4439,"[PLACEHOLDER - Ollama unavailable, not a real model explanation] The headline ""42 Stocks Moving In Tuesday's Mid-Day Session"" reads as a up signal for the stock, which is consistent with an upward next-day move.",
FNSPID_04718,"Bank of America Reiterates Neutral on FedEx, Lowers Price Target to $163",up,neutral,0.3592,"[PLACEHOLDER - Ollama unavailable, not a real model explanation] The headline ""Bank of America Reiterates Neutral on FedEx, Lowers Price Target to $163"" reads as a up signal for the stock, which is consistent with an upward next-day move.",
FNSPID_00680,"Hearing EU Antitrust Regulator Will, In Oct., Give Broadcom Interim Order To Stop Anti-Competitive Practices",neutral,down,0.3783,"[PLACEHOLDER - Ollama unavailable, not a real model explanation] The headline ""Hearing EU Antitrust Regulator Will, In Oct., Give Broadcom Interim Order To Stop Anti-Competitive Practices"" reads as a neutral signal for the stock, which is consistent with little or no next-day move.",
FNSPID_02126,UPDATE: Baird's Coldwell Also Attributes Weakness In Pharmacy Services To A Hodgepodge Of Other/Less Impactful Items Such As:,up,neutral,0.3691,"[PLACEHOLDER - Ollama unavailable, not a real model explanation] The headline ""UPDATE: Baird's Coldwell Also Attributes Weakness In Pharmacy Services To A Hodgepodge Of Other/Less Impactful Items Such As:"" reads as a up signal for the stock, which is consistent with an upward next-day move.",
FNSPID_01605,"Benzinga's Top Upgrades, Downgrades For November 6, 2019",up,neutral,0.391,"[PLACEHOLDER - Ollama unavailable, not a real model explanation] The headline ""Benzinga's Top Upgrades, Downgrades For November 6, 2019"" reads as a up signal for the stock, which is consistent with an upward next-day move.",
FNSPID_11225,Schlumberger shares are trading higher after Morgan Stanley upgraded the stock from Equal-Weight to Overweight rating.,up,neutral,0.4098,"[PLACEHOLDER - Ollama unavailable, not a real model explanation] The headline ""Schlumberger shares are trading higher after Morgan Stanley upgraded the stock from Equal-Weight to Overweight rating."" reads as a up signal for the stock, which is consistent with an upward next-day move.",
FNSPID_09144,ViewRay Signs MOU For Collaboration With Elekta And Medtronic,up,neutral,0.3785,"[PLACEHOLDER - Ollama unavailable, not a real model explanation] The headline ""ViewRay Signs MOU For Collaboration With Elekta And Medtronic"" reads as a up signal for the stock, which is consistent with an upward next-day move.",
FNSPID_00616,UPDATE: Broadcom's RF Wireless Chip Unit Could Be Worth $10B,up,down,0.372,"[PLACEHOLDER - Ollama unavailable, not a real model explanation] The headline ""UPDATE: Broadcom's RF Wireless Chip Unit Could Be Worth $10B"" reads as a up signal for the stock, which is consistent with an upward next-day move.",
FNSPID_04129,Freeport-McMoRan Option Alert: Dec 13 $11.5 Calls Sweep (13) above Ask!: 932 @ $0.38 vs 6343 OI; Earnings 1/23 Before Open [est] Ref=$11.545,up,down,0.4236,"[PLACEHOLDER - Ollama unavailable, not a real model explanation] The headline ""Freeport-McMoRan Option Alert: Dec 13 $11.5 Calls Sweep (13) above Ask!: 932 @ $0.38 vs 6343 OI; Earnings 1/23 Before Open [est] Ref=$11.545"" reads as a up signal for the stock, which is consistent with an upward next-day move.",
FNSPID_02119,Cigna shares are trading higher after the company announced the sale of its group life and disability insurance business to New York Life for $6.3 billion. The company also raised its buyback authorization to $4 billion.,up,neutral,0.4079,"[PLACEHOLDER - Ollama unavailable, not a real model explanation] The headline ""Cigna shares are trading higher after the company announced the sale of its group life and disability insurance business to New York Life for $6.3 billion. The company also raised its buyback authorization to $4 billion."" reads as a up signal for the stock, which is consistent with an upward next-day move.",
FNSPID_06710,Halliburton shares are trading higher after Citigroup maintained its Buy rating on the stock.,up,up,0.3986,"[PLACEHOLDER - Ollama unavailable, not a real model explanation] The headline ""Halliburton shares are trading higher after Citigroup maintained its Buy rating on the stock."" reads as a up signal for the stock, which is consistent with an upward next-day move.",
FNSPID_08754,Shares of several drug companies are trading higher after Senate Majority Leader McConnell suggested a new Democratic drug price reform proposal would be dead on arrival.,up,down,0.3775,"[PLACEHOLDER - Ollama unavailable, not a real model explanation] The headline ""Shares of several drug companies are trading higher after Senate Majority Leader McConnell suggested a new Democratic drug price reform proposal would be dead on arrival."" reads as a up signal for the stock, which is consistent with an upward next-day move.",
FNSPID_12628,TJX Shares Quiet Despite Comment On Q3 Earnings Conference Call Mgmt Has Started To See Some Pressure On Margins Directly Sourced From China,up,down,0.4228,"[PLACEHOLDER - Ollama unavailable, not a real model explanation] The headline ""TJX Shares Quiet Despite Comment On Q3 Earnings Conference Call Mgmt Has Started To See Some Pressure On Margins Directly Sourced From China"" reads as a up signal for the stock, which is consistent with an upward next-day move.",
FNSPID_14643,Western Digital shares are trading higher after analysts at Susquehanna upgraded its rating of the stock from Neutral to Positive.,up,up,0.4114,"[PLACEHOLDER - Ollama unavailable, not a real model explanation] The headline ""Western Digital shares are trading higher after analysts at Susquehanna upgraded its rating of the stock from Neutral to Positive."" reads as a up signal for the stock, which is consistent with an upward next-day move.",
FNSPID_07285,Cramer To Trump: Listen To Home Depot CFO's Comments On Trade,neutral,neutral,0.3791,"[PLACEHOLDER - Ollama unavailable, not a real model explanation] The headline ""Cramer To Trump: Listen To Home Depot CFO's Comments On Trade"" reads as a neutral signal for the stock, which is consistent with little or no next-day move.",
FNSPID_02161,BMO Capital Upgrades Cigna to Outperform,up,neutral,0.3739,"[PLACEHOLDER - Ollama unavailable, not a real model explanation] The headline ""BMO Capital Upgrades Cigna to Outperform"" reads as a up signal for the stock, which is consistent with an upward next-day move.",
FNSPID_14141,"Morgan Stanley Maintains Equal-Weight on Texas Instruments, Lowers Price Target to $109",up,neutral,0.3578,"[PLACEHOLDER - Ollama unavailable, not a real model explanation] The headline ""Morgan Stanley Maintains Equal-Weight on Texas Instruments, Lowers Price Target to $109"" reads as a up signal for the stock, which is consistent with an upward next-day move.",
FNSPID_04829,8 Industrials Stocks Moving In Wednesday's Pre-Market Session,up,neutral,0.4388,"[PLACEHOLDER - Ollama unavailable, not a real model explanation] The headline ""8 Industrials Stocks Moving In Wednesday's Pre-Market Session"" reads as a up signal for the stock, which is consistent with an upward next-day move.",
FNSPID_14129,"Earnings Deluge As Twitter, Ford, 3M Fall While Tesla, Microsoft Rise; Amazon Later",up,up,0.3563,"[PLACEHOLDER - Ollama unavailable, not a real model explanation] The headline ""Earnings Deluge As Twitter, Ford, 3M Fall While Tesla, Microsoft Rise; Amazon Later"" reads as a up signal for the stock, which is consistent with an upward next-day move.",
FNSPID_14117,Shares of semiconductor companies are trading higher after President Trump tweeted the US and China are 'getting very close to a big deal.',up,neutral,0.3842,"[PLACEHOLDER - Ollama unavailable, not a real model explanation] The headline ""Shares of semiconductor companies are trading higher after President Trump tweeted the US and China are 'getting very close to a big deal.'"" reads as a up signal for the stock, which is consistent with an upward next-day move.",
FNSPID_02176,"Cigna, CVS Developing Programs to Help Employers Afford Gene Therapies That Can Cost $2M+",up,up,0.3627,"[PLACEHOLDER - Ollama unavailable, not a real model explanation] The headline ""Cigna, CVS Developing Programs to Help Employers Afford Gene Therapies That Can Cost $2M+"" reads as a up signal for the stock, which is consistent with an upward next-day move.",
FNSPID_12095,"Credit Suisse Maintains Outperform on Constellation Brands, Raises Price Target to $233",up,neutral,0.3631,"[PLACEHOLDER - Ollama unavailable, not a real model explanation] The headline ""Credit Suisse Maintains Outperform on Constellation Brands, Raises Price Target to $233"" reads as a up signal for the stock, which is consistent with an upward next-day move.",
FNSPID_12639,"Wedbush Maintains Neutral on TJX Companies, Raises Price Target to $60",up,neutral,0.3876,"[PLACEHOLDER - Ollama unavailable, not a real model explanation] The headline ""Wedbush Maintains Neutral on TJX Companies, Raises Price Target to $60"" reads as a up signal for the stock, which is consistent with an upward next-day move.",
FNSPID_07304,A Peek Into The Markets: US Stock Futures Flat Ahead Of Retail Earnings,up,up,0.4004,"[PLACEHOLDER - Ollama unavailable, not a real model explanation] The headline ""A Peek Into The Markets: US Stock Futures Flat Ahead Of Retail Earnings"" reads as a up signal for the stock, which is consistent with an upward next-day move.",
FNSPID_03606,"Benzinga Pro Mid-Day Price Check For Regional ETFs: US (SPY) Up 0.1%, Australia (EWA) Down 0.3%, Canada (EWC) Down 0.5%, Japan (EWJ) Down 0.9%, Brazil (EWZ) Down 0.9%, India (INDA) Down 0.9%, China (FXI) Down 1.1%, Russia (RSX) Down 1.6%",neutral,neutral,0.4642,"[PLACEHOLDER - Ollama unavailable, not a real model explanation] The headline ""Benzinga Pro Mid-Day Price Check For Regional ETFs: US (SPY) Up 0.1%, Australia (EWA) Down 0.3%, Canada (EWC) Down 0.5%, Japan (EWJ) Down 0.9%, Brazil (EWZ) Down 0.9%, India (INDA) Down 0.9%, China (FXI) Down 1.1%, Russia (RSX) Down 1.6%"" reads as a neutral signal for the stock, which is consistent with little or no next-day move.",
FNSPID_07276,"Summer Doldrums Explode Along With Tariff War, Tweets",neutral,neutral,0.3547,"[PLACEHOLDER - Ollama unavailable, not a real model explanation] The headline ""Summer Doldrums Explode Along With Tariff War, Tweets"" reads as a neutral signal for the stock, which is consistent with little or no next-day move.",
FNSPID_07281,"A Look At Benzinga Pro's Most-Searched Tickers For August 21, 2019",neutral,neutral,0.3819,"[PLACEHOLDER - Ollama unavailable, not a real model explanation] The headline ""A Look At Benzinga Pro's Most-Searched Tickers For August 21, 2019"" reads as a neutral signal for the stock, which is consistent with little or no next-day move.",
FNSPID_05485,"Gilead and Eisai Enter Into Agreement in Japan for the Co-Promotion of the Investigational Rheumatoid Arthritis Therapy Filgotinib, Pending Regulatory Approval",up,neutral,0.3729,"[PLACEHOLDER - Ollama unavailable, not a real model explanation] The headline ""Gilead and Eisai Enter Into Agreement in Japan for the Co-Promotion of the Investigational Rheumatoid Arthritis Therapy Filgotinib, Pending Regulatory Approval"" reads as a up signal for the stock, which is consistent with an upward next-day move.",
FNSPID_09207,32 Stocks Moving in Tuesday's Pre-Market Session,up,neutral,0.4361,"[PLACEHOLDER - Ollama unavailable, not a real model explanation] The headline ""32 Stocks Moving in Tuesday's Pre-Market Session"" reads as a up signal for the stock, which is consistent with an upward next-day move.",
FNSPID_05678,GameStop shares are trading higher after Michael Burry announced a long position in the company.,up,down,0.3897,"[PLACEHOLDER - Ollama unavailable, not a real model explanation] The headline ""GameStop shares are trading higher after Michael Burry announced a long position in the company."" reads as a up signal for the stock, which is consistent with an upward next-day move.",
FNSPID_00139,American Eagle Outfitters Option Alert: Sep 6 $18 Calls at the Ask: 1500 @ $0.551 vs 287 OI; Earnings 8/28 Before Open [est] Ref=$16.875,up,down,0.4173,"[PLACEHOLDER - Ollama unavailable, not a real model explanation] The headline ""American Eagle Outfitters Option Alert: Sep 6 $18 Calls at the Ask: 1500 @ $0.551 vs 287 OI; Earnings 8/28 Before Open [est] Ref=$16.875"" reads as a up signal for the stock, which is consistent with an upward next-day move.",
FNSPID_07269,East Coast Freight Markets Distorted By Dorian Response,up,neutral,0.361,"[PLACEHOLDER - Ollama unavailable, not a real model explanation] The headline ""East Coast Freight Markets Distorted By Dorian Response"" reads as a up signal for the stock, which is consistent with an upward next-day move.",
FNSPID_09798,10 Biggest Price Target Changes For Monday,up,neutral,0.351,"[PLACEHOLDER - Ollama unavailable, not a real model explanation] The headline ""10 Biggest Price Target Changes For Monday"" reads as a up signal for the stock, which is consistent with an upward next-day move.",
FNSPID_04834,DHL Express Hikes US Rates 5.9% For 2020,up,down,0.4042,"[PLACEHOLDER - Ollama unavailable, not a real model explanation] The headline ""DHL Express Hikes US Rates 5.9% For 2020"" reads as a up signal for the stock, which is consistent with an upward next-day move.",
FNSPID_11161,Shares of several oil & gas companies are trading lower after Saudi Arabia's crude exports fell from 6.88M to 6.67M barrels per day in September indicating a lower demand for oil and gas.,down,down,0.3883,"[PLACEHOLDER - Ollama unavailable, not a real model explanation] The headline ""Shares of several oil & gas companies are trading lower after Saudi Arabia's crude exports fell from 6.88M to 6.67M barrels per day in September indicating a lower demand for oil and gas."" reads as a down signal for the stock, which is consistent with a downward next-day move.",
FNSPID_01171,Shares of several financial companies are trading lower after the Fed cut interest rates by another quarter point. NOTE: A interest rate cut limits the profits that banks make because they get less when they lend money to clients.,up,neutral,0.3573,"[PLACEHOLDER - Ollama unavailable, not a real model explanation] The headline ""Shares of several financial companies are trading lower after the Fed cut interest rates by another quarter point. NOTE: A interest rate cut limits the profits that banks make because they get less when they lend money to clients."" reads as a up signal for the stock, which is consistent with an upward next-day move.",
FNSPID_11164,Shares of several oil & gas companies are trading lower on concerns of slower economic growth and oil demand after Trump gave mixed messages about U.S.-China trade talks and did not mention any specifics about progress in negotiations.,up,down,0.378,"[PLACEHOLDER - Ollama unavailable, not a real model explanation] The headline ""Shares of several oil & gas companies are trading lower on concerns of slower economic growth and oil demand after Trump gave mixed messages about U.S.-China trade talks and did not mention any specifics about progress in negotiations."" reads as a up signal for the stock, which is consistent with an upward next-day move.",
FNSPID_04852,Today's Pickup: Germany Moves To Tighten Rules On Delivery Subcontractors,up,up,0.3735,"[PLACEHOLDER - Ollama unavailable, not a real model explanation] The headline ""Today's Pickup: Germany Moves To Tighten Rules On Delivery Subcontractors"" reads as a up signal for the stock, which is consistent with an upward next-day move.",
FNSPID_11153,"Home Depot, Schlumberger And More 'Fast Money' Picks For Dec. 3",neutral,up,0.3608,"[PLACEHOLDER - Ollama unavailable, not a real model explanation] The headline ""Home Depot, Schlumberger And More 'Fast Money' Picks For Dec. 3"" reads as a neutral signal for the stock, which is consistent with little or no next-day move.",
FNSPID_09754,"Shares of several oil & gas companies are trading higher on optimism around the U.S.-China trade deal. China's factory activity expanded and U.S. job growth slowed less than expected in October, signaling optimism around the global economy.",up,up,0.4081,"[PLACEHOLDER - Ollama unavailable, not a real model explanation] The headline ""Shares of several oil & gas companies are trading higher on optimism around the U.S.-China trade deal. China's factory activity expanded and U.S. job growth slowed less than expected in October, signaling optimism around the global economy."" reads as a up signal for the stock, which is consistent with an upward next-day move.",
FNSPID_07657,Kroger shares are trading lower after Jefferies downgraded the company's stock from Buy to Hold and lowered the price target from $29 to $26.,up,up,0.3719,"[PLACEHOLDER - Ollama unavailable, not a real model explanation] The headline ""Kroger shares are trading lower after Jefferies downgraded the company's stock from Buy to Hold and lowered the price target from $29 to $26."" reads as a up signal for the stock, which is consistent with an upward next-day move.",
FNSPID_04698,"UPDATE: Morgan Stanley Maintains Equal-Weight On FedEx, Lowers Target To $109 Notes 'We thought that EPS had bottomed after 1Q but we were wrong'",up,neutral,0.3885,"[PLACEHOLDER - Ollama unavailable, not a real model explanation] The headline ""UPDATE: Morgan Stanley Maintains Equal-Weight On FedEx, Lowers Target To $109 Notes 'We thought that EPS had bottomed after 1Q but we were wrong'"" reads as a up signal for the stock, which is consistent with an upward next-day move.",
FNSPID_04165,"UBS Upgrades Freeport-McMoRan On Sell-Off, Projects Rising Copper Prices",up,up,0.3908,"[PLACEHOLDER - Ollama unavailable, not a real model explanation] The headline ""UBS Upgrades Freeport-McMoRan On Sell-Off, Projects Rising Copper Prices"" reads as a up signal for the stock, which is consistent with an upward next-day move.",
FNSPID_08765,Eli Lilly Reports FDA Accepted Application To Enter Complex Innovative Trial Designs Pilot Meeting Program,neutral,neutral,0.3642,"[PLACEHOLDER - Ollama unavailable, not a real model explanation] The headline ""Eli Lilly Reports FDA Accepted Application To Enter Complex Innovative Trial Designs Pilot Meeting Program"" reads as a neutral signal for the stock, which is consistent with little or no next-day move.",
FNSPID_00629,"5 Stocks To Watch For December 13, 2019",up,up,0.4164,"[PLACEHOLDER - Ollama unavailable, not a real model explanation] The headline ""5 Stocks To Watch For December 13, 2019"" reads as a up signal for the stock, which is consistent with an upward next-day move.",
FNSPID_04774,UPS To Waive Money-Back Guarantees If Third Parties Use Tracking Data,up,down,0.3595,"[PLACEHOLDER - Ollama unavailable, not a real model explanation] The headline ""UPS To Waive Money-Back Guarantees If Third Parties Use Tracking Data"" reads as a up signal for the stock, which is consistent with an upward next-day move.",
FNSPID_03595,"Tariffs On Japanese Cars, Car Parts Will Be Eliminated Through Further Talks, No Time Frame Set",neutral,neutral,0.3711,"[PLACEHOLDER - Ollama unavailable, not a real model explanation] The headline ""Tariffs On Japanese Cars, Car Parts Will Be Eliminated Through Further Talks, No Time Frame Set"" reads as a neutral signal for the stock, which is consistent with little or no next-day move.",
FNSPID_10689,16 S&P 500 Stocks With The Most Insider Ownership,neutral,neutral,0.3589,"[PLACEHOLDER - Ollama unavailable, not a real model explanation] The headline ""16 S&P 500 Stocks With The Most Insider Ownership"" reads as a neutral signal for the stock, which is consistent with little or no next-day move.",
FNSPID_03140,"UBS Maintains Buy on Electronic Arts, Raises Price Target to $122",up,up,0.3672,"[PLACEHOLDER - Ollama unavailable, not a real model explanation] The headline ""UBS Maintains Buy on Electronic Arts, Raises Price Target to $122"" reads as a up signal for the stock, which is consistent with an upward next-day move.",
FNSPID_01624,"Morgan Stanley Maintains Overweight, $553 Target On BlackRock As Firm Notes 'We see a compelling tactical buying opportunity in BLK shares amid significant relative underperformance vs TROW of ~14% over the past 60 days'",up,neutral,0.4495,"[PLACEHOLDER - Ollama unavailable, not a real model explanation] The headline ""Morgan Stanley Maintains Overweight, $553 Target On BlackRock As Firm Notes 'We see a compelling tactical buying opportunity in BLK shares amid significant relative underperformance vs TROW of ~14% over the past 60 days'"" reads as a up signal for the stock, which is consistent with an upward next-day move.",
FNSPID_04144,Jon Najarian Highlights Unusual Activity In PayPal And Freeport-McMoRan,up,up,0.3553,"[PLACEHOLDER - Ollama unavailable, not a real model explanation] The headline ""Jon Najarian Highlights Unusual Activity In PayPal And Freeport-McMoRan"" reads as a up signal for the stock, which is consistent with an upward next-day move.",
FNSPID_04690,Amazon Says Its Last-Mile Delivery Network Is On Track To Deliver 3.5B Packages In 2019,up,neutral,0.3712,"[PLACEHOLDER - Ollama unavailable, not a real model explanation] The headline ""Amazon Says Its Last-Mile Delivery Network Is On Track To Deliver 3.5B Packages In 2019"" reads as a up signal for the stock, which is consistent with an upward next-day move.",
FNSPID_03138,Electronic Arts Option Alert: Jan 17 $110 Calls at the Ask: 900 @ $0.6 vs 4504 OI; Ref=$97.755,up,neutral,0.4098,"[PLACEHOLDER - Ollama unavailable, not a real model explanation] The headline ""Electronic Arts Option Alert: Jan 17 $110 Calls at the Ask: 900 @ $0.6 vs 4504 OI; Ref=$97.755"" reads as a up signal for the stock, which is consistent with an upward next-day move.",
FNSPID_02648,"JP Morgan Downgrades CSX to Neutral, Lowers Price Target to $76",up,neutral,0.371,"[PLACEHOLDER - Ollama unavailable, not a real model explanation] The headline ""JP Morgan Downgrades CSX to Neutral, Lowers Price Target to $76"" reads as a up signal for the stock, which is consistent with an upward next-day move.",
FNSPID_07271,Large Retail Chains Activate Disaster Teams To Replenish Florida Stores,neutral,down,0.404,"[PLACEHOLDER - Ollama unavailable, not a real model explanation] The headline ""Large Retail Chains Activate Disaster Teams To Replenish Florida Stores"" reads as a neutral signal for the stock, which is consistent with little or no next-day move.",
FNSPID_13139,"Tyson Receives Approval From US, Chinese Regulators Related To Export Of American Poultry To China From All 36 Of Co.'s US Processing Plants, Sees Orders Commencing Early 2020",up,neutral,0.3981,"[PLACEHOLDER - Ollama unavailable, not a real model explanation] The headline ""Tyson Receives Approval From US, Chinese Regulators Related To Export Of American Poultry To China From All 36 Of Co.'s US Processing Plants, Sees Orders Commencing Early 2020"" reads as a up signal for the stock, which is consistent with an upward next-day move.",
FNSPID_02118,"Deutsche Bank Maintains Buy on Cigna, Raises Price Target to $229",up,up,0.375,"[PLACEHOLDER - Ollama unavailable, not a real model explanation] The headline ""Deutsche Bank Maintains Buy on Cigna, Raises Price Target to $229"" reads as a up signal for the stock, which is consistent with an upward next-day move.",
FNSPID_00659,"Morgan Stanley Maintains Equal-Weight on Broadcom, Raises Price Target to $298",up,neutral,0.3584,"[PLACEHOLDER - Ollama unavailable, not a real model explanation] The headline ""Morgan Stanley Maintains Equal-Weight on Broadcom, Raises Price Target to $298"" reads as a up signal for the stock, which is consistent with an upward next-day move.",
FNSPID_06721,Halliburton shares are trading lowed despite no company-specific news. NOTE: Global markets have been volatile today following the renewal of US-China trade threats.,up,neutral,0.4369,"[PLACEHOLDER - Ollama unavailable, not a real model explanation] The headline ""Halliburton shares are trading lowed despite no company-specific news. NOTE: Global markets have been volatile today following the renewal of US-China trade threats."" reads as a up signal for the stock, which is consistent with an upward next-day move.",
FNSPID_02647,A Peek Into The Markets: US Stock Futures Fall; All Eyes On Jobs Data,up,neutral,0.3767,"[PLACEHOLDER - Ollama unavailable, not a real model explanation] The headline ""A Peek Into The Markets: US Stock Futures Fall; All Eyes On Jobs Data"" reads as a up signal for the stock, which is consistent with an upward next-day move.",
FNSPID_09750,"Occidental Petroleum Q3 EPS $0.11 Misses $0.38 Estimate, GAAP EPS $(1.08)",up,down,0.4192,"[PLACEHOLDER - Ollama unavailable, not a real model explanation] The headline ""Occidental Petroleum Q3 EPS $0.11 Misses $0.38 Estimate, GAAP EPS $(1.08)"" reads as a up signal for the stock, which is consistent with an upward next-day move.",
FNSPID_08722,"The Daily Biotech Pulse: Eli Lily Revenues Trail Estimates, Moderna Gets Fast Track Designation, MacroGenics' Lukewarm Breast Cancer Data",neutral,neutral,0.4026,"[PLACEHOLDER - Ollama unavailable, not a real model explanation] The headline ""The Daily Biotech Pulse: Eli Lily Revenues Trail Estimates, Moderna Gets Fast Track Designation, MacroGenics' Lukewarm Breast Cancer Data"" reads as a neutral signal for the stock, which is consistent with little or no next-day move.",
FNSPID_06686,UPDATE: Argus Downgrades Haliburton To Hold As Firm Expects Co.'to face pressure from rising crude oil inventories and moderating global demand' to face pressure from rising crude oil',up,down,0.4084,"[PLACEHOLDER - Ollama unavailable, not a real model explanation] The headline ""UPDATE: Argus Downgrades Haliburton To Hold As Firm Expects Co.'to face pressure from rising crude oil inventories and moderating global demand' to face pressure from rising crude oil'"" reads as a up signal for the stock, which is consistent with an upward next-day move.",
FNSPID_05622,"Credit Suisse Maintains Underperform on GameStop, Lowers Price Target to $5",up,neutral,0.3616,"[PLACEHOLDER - Ollama unavailable, not a real model explanation] The headline ""Credit Suisse Maintains Underperform on GameStop, Lowers Price Target to $5"" reads as a up signal for the stock, which is consistent with an upward next-day move.",
FNSPID_02177,"Shares of several healthcare companies are trading lower after the Johnson & Johnson opioid crisis ruling. It is seen as an ominous sign for things to come for the whole sector as there are still 2,000 more lawsuits awaiting.",down,neutral,0.3571,"[PLACEHOLDER - Ollama unavailable, not a real model explanation] The headline ""Shares of several healthcare companies are trading lower after the Johnson & Johnson opioid crisis ruling. It is seen as an ominous sign for things to come for the whole sector as there are still 2,000 more lawsuits awaiting."" reads as a down signal for the stock, which is consistent with a downward next-day move.",
FNSPID_09205,22 Healthcare Stocks Moving In Tuesday's Pre-Market Session,up,neutral,0.4254,"[PLACEHOLDER - Ollama unavailable, not a real model explanation] The headline ""22 Healthcare Stocks Moving In Tuesday's Pre-Market Session"" reads as a up signal for the stock, which is consistent with an upward next-day move.",
FNSPID_00684,Broadcom Trades Lower On $3B Debt Offering,up,neutral,0.3677,"[PLACEHOLDER - Ollama unavailable, not a real model explanation] The headline ""Broadcom Trades Lower On $3B Debt Offering"" reads as a up signal for the stock, which is consistent with an upward next-day move.",
FNSPID_11198,28 Stocks Moving in Friday's Pre-Market Session,up,neutral,0.4524,"[PLACEHOLDER - Ollama unavailable, not a real model explanation] The headline ""28 Stocks Moving in Friday's Pre-Market Session"" reads as a up signal for the stock, which is consistent with an upward next-day move.",
FNSPID_01164,3 Best Credit Cards For Contractors,up,up,0.36,"[PLACEHOLDER - Ollama unavailable, not a real model explanation] The headline ""3 Best Credit Cards For Contractors"" reads as a up signal for the stock, which is consistent with an upward next-day move.",
FNSPID_06110,Q3 Earnings Preview For Groupon,up,neutral,0.3767,"[PLACEHOLDER - Ollama unavailable, not a real model explanation] The headline ""Q3 Earnings Preview For Groupon"" reads as a up signal for the stock, which is consistent with an upward next-day move.",
FNSPID_02629,"10 Stocks To Watch For October 17, 2019",up,down,0.4005,"[PLACEHOLDER - Ollama unavailable, not a real model explanation] The headline ""10 Stocks To Watch For October 17, 2019"" reads as a up signal for the stock, which is consistent with an upward next-day move.",
FNSPID_00625,10 Biggest Price Target Changes For Friday,up,up,0.3534,"[PLACEHOLDER - Ollama unavailable, not a real model explanation] The headline ""10 Biggest Price Target Changes For Friday"" reads as a up signal for the stock, which is consistent with an upward next-day move.",
FNSPID_09132,"JP Morgan Maintains Overweight on Medtronic, Raises Price Target to $128",up,neutral,0.3686,"[PLACEHOLDER - Ollama unavailable, not a real model explanation] The headline ""JP Morgan Maintains Overweight on Medtronic, Raises Price Target to $128"" reads as a up signal for the stock, which is consistent with an upward next-day move.",
FNSPID_08767,Lilly Receives FDA Approval for Taltz for the Treatment of Active Ankylosing Spondylitis,up,neutral,0.3594,"[PLACEHOLDER - Ollama unavailable, not a real model explanation] The headline ""Lilly Receives FDA Approval for Taltz for the Treatment of Active Ankylosing Spondylitis"" reads as a up signal for the stock, which is consistent with an upward next-day move.",
FNSPID_09174,Medtronic Receives FDA Breakthrough Device Designation For Developing Stent Graft System To Treat Thoracoabdominal Aortic Aneurysm,up,up,0.3531,"[PLACEHOLDER - Ollama unavailable, not a real model explanation] The headline ""Medtronic Receives FDA Breakthrough Device Designation For Developing Stent Graft System To Treat Thoracoabdominal Aortic Aneurysm"" reads as a up signal for the stock, which is consistent with an upward next-day move.",
FNSPID_08701,U.S. Considers Scaling Back IP Protections For Big Drugmakers To Help Win Democratic Support For New Trade Pact With Mexico And Canada,up,neutral,0.3892,"[PLACEHOLDER - Ollama unavailable, not a real model explanation] The headline ""U.S. Considers Scaling Back IP Protections For Big Drugmakers To Help Win Democratic Support For New Trade Pact With Mexico And Canada"" reads as a up signal for the stock, which is consistent with an upward next-day move.",
FNSPID_06103,24 Stocks Moving in Tuesday's Pre-Market Session,up,down,0.4427,"[PLACEHOLDER - Ollama unavailable, not a real model explanation] The headline ""24 Stocks Moving in Tuesday's Pre-Market Session"" reads as a up signal for the stock, which is consistent with an upward next-day move.",
FNSPID_06725,30 Stocks Moving in Monday's Pre-Market Session,up,down,0.4311,"[PLACEHOLDER - Ollama unavailable, not a real model explanation] The headline ""30 Stocks Moving in Monday's Pre-Market Session"" reads as a up signal for the stock, which is consistent with an upward next-day move.",
FNSPID_08736,17 Healthcare Stocks Moving In Wednesday's Pre-Market Session,up,neutral,0.4276,"[PLACEHOLDER - Ollama unavailable, not a real model explanation] The headline ""17 Healthcare Stocks Moving In Wednesday's Pre-Market Session"" reads as a up signal for the stock, which is consistent with an upward next-day move.",
FNSPID_04793,"UPDATE: Alphabet Held Secret 'Logistics Summit' With Representatives From FedEx, Other Shipping Cos.",up,neutral,0.358,"[PLACEHOLDER - Ollama unavailable, not a real model explanation] The headline ""UPDATE: Alphabet Held Secret 'Logistics Summit' With Representatives From FedEx, Other Shipping Cos."" reads as a up signal for the stock, which is consistent with an upward next-day move.",
FNSPID_04708,"Benzinga's Top Upgrades, Downgrades For December 18, 2019",up,neutral,0.3892,"[PLACEHOLDER - Ollama unavailable, not a real model explanation] The headline ""Benzinga's Top Upgrades, Downgrades For December 18, 2019"" reads as a up signal for the stock, which is consistent with an upward next-day move.",
FNSPID_13186,Tyson shares are trading lower after the company issued FY19 EPS guidance below analyst estimates.,up,down,0.388,"[PLACEHOLDER - Ollama unavailable, not a real model explanation] The headline ""Tyson shares are trading lower after the company issued FY19 EPS guidance below analyst estimates."" reads as a up signal for the stock, which is consistent with an upward next-day move.",
FNSPID_05664,GameStop Sees FY19 Adj. EPS $1.15-$1.30 vs $1.48 Est.,up,down,0.435,"[PLACEHOLDER - Ollama unavailable, not a real model explanation] The headline ""GameStop Sees FY19 Adj. EPS $1.15-$1.30 vs $1.48 Est."" reads as a up signal for the stock, which is consistent with an upward next-day move.",
FNSPID_07231,"Barron's Picks And Pans: Medtronic, Tesla, Walmart And More",neutral,down,0.4004,"[PLACEHOLDER - Ollama unavailable, not a real model explanation] The headline ""Barron's Picks And Pans: Medtronic, Tesla, Walmart And More"" reads as a neutral signal for the stock, which is consistent with little or no next-day move.",
FNSPID_05661,5 Stocks Moving In Tuesday's After-Hours Session,up,down,0.4315,"[PLACEHOLDER - Ollama unavailable, not a real model explanation] The headline ""5 Stocks Moving In Tuesday's After-Hours Session"" reads as a up signal for the stock, which is consistent with an upward next-day move.",
FNSPID_01606,"Deutsche Bank Upgrades BlackRock to Buy, Raises Price Target to $543",up,neutral,0.3686,"[PLACEHOLDER - Ollama unavailable, not a real model explanation] The headline ""Deutsche Bank Upgrades BlackRock to Buy, Raises Price Target to $543"" reads as a up signal for the stock, which is consistent with an upward next-day move.",
FNSPID_14156,Shares of companies in the semiconductor space are trading higher amid US-China trade optimism. The sector has China exposure and has been highly affected by trade tensions this year.,up,down,0.4275,"[PLACEHOLDER - Ollama unavailable, not a real model explanation] The headline ""Shares of companies in the semiconductor space are trading higher amid US-China trade optimism. The sector has China exposure and has been highly affected by trade tensions this year."" reads as a up signal for the stock, which is consistent with an upward next-day move.",
FNSPID_03162,Video Game Stocks Mostly Unaffected By 'Fortnite' Blackout,up,up,0.3819,"[PLACEHOLDER - Ollama unavailable, not a real model explanation] The headline ""Video Game Stocks Mostly Unaffected By 'Fortnite' Blackout"" reads as a up signal for the stock, which is consistent with an upward next-day move.",
FNSPID_09794,Shares of several oil & gas companies are trading lower on escalated trade tensions after China announced it plans to impose a 5%-10% tariff rate on $75 billion worth of U.S. goods.,up,neutral,0.37,"[PLACEHOLDER - Ollama unavailable, not a real model explanation] The headline ""Shares of several oil & gas companies are trading lower on escalated trade tensions after China announced it plans to impose a 5%-10% tariff rate on $75 billion worth of U.S. goods."" reads as a up signal for the stock, which is consistent with an upward next-day move.",
FNSPID_07633,"Cyber Monday Puts Major Retailers Walmart, Amazon, Target And Others In Focus",neutral,down,0.3951,"[PLACEHOLDER - Ollama unavailable, not a real model explanation] The headline ""Cyber Monday Puts Major Retailers Walmart, Amazon, Target And Others In Focus"" reads as a neutral signal for the stock, which is consistent with little or no next-day move.",
FNSPID_04136,"Benzinga Pro's Top 5 Stocks To Watch For Fri., Nov. 15, 2019: JCP, JD, TLRY, FCX, AMAT",up,down,0.3968,"[PLACEHOLDER - Ollama unavailable, not a real model explanation] The headline ""Benzinga Pro's Top 5 Stocks To Watch For Fri., Nov. 15, 2019: JCP, JD, TLRY, FCX, AMAT"" reads as a up signal for the stock, which is consistent with an upward next-day move.",
FNSPID_08704,Lilly Announces $400M Capital Investment In Manufacturing Facilities In Indianapolis,up,neutral,0.3697,"[PLACEHOLDER - Ollama unavailable, not a real model explanation] The headline ""Lilly Announces $400M Capital Investment In Manufacturing Facilities In Indianapolis"" reads as a up signal for the stock, which is consistent with an upward next-day move.",
FNSPID_10715,"The Daily Biotech Pulse: EC Approves Roche's Tecentriq For Breast Cancer, Trevena On Track For NDA Resubmission, Edap Earnings",neutral,neutral,0.3739,"[PLACEHOLDER - Ollama unavailable, not a real model explanation] The headline ""The Daily Biotech Pulse: EC Approves Roche's Tecentriq For Breast Cancer, Trevena On Track For NDA Resubmission, Edap Earnings"" reads as a neutral signal for the stock, which is consistent with little or no next-day move.",
