article_id,date,ticker,article_title,price_t,price_t1,pct_change,label,predicted_label,confidence,explanation,manual_score
FNSPID_00084,2019-12-30,AEO,American Eagle Outfitters Option Alert: May 15 $14 Calls Sweep (9) near the Ask: 500 @ $1.697 vs 132 OI; Ref=$14.53,12.41,12.5,0.6849,neutral,up,0.4039,,
FNSPID_00085,2019-12-13,AEO,10 Biggest Price Target Changes For Friday,12.29,12.44,1.1757,up,up,0.3534,,
FNSPID_00086,2019-12-12,AEO,"UPDATE: RBC Maintains Sector Perform On American Eagle Outfitters, Lowers Target To $16 As Firm Notes 'comps and margin pressures are set to worsen in 4Q as tops execution issues step up markdowns on top of inventory carryover' (+9% exiting 3Q)'",12.62,12.29,-2.5607,down,up,0.4306,,
FNSPID_00087,2019-12-12,AEO,Shares of retail companies are trading higher amid multiple positive US-China trade developments.,12.62,12.29,-2.5607,down,up,0.4082,,
FNSPID_00088,2019-12-12,AEO,10 Biggest Price Target Changes For Thursday,12.62,12.29,-2.5607,down,up,0.3523,,
FNSPID_00089,2019-12-12,AEO,"RBC Capital Maintains Sector Perform on American Eagle Outfitters, Lowers Price Target to $16",12.62,12.29,-2.5607,down,up,0.3771,,
FNSPID_00090,2019-12-11,AEO,"PreMarket Prep Recap: More Pain In The Retail Sector, Stalemate Ahead Of Fed Announcement",12.01,12.62,5.0248,up,up,0.3805,,
FNSPID_00091,2019-12-11,AEO,From American Eagle Q3 Call: Sees $3M-$4M Impact From Tariffs In Q4,12.01,12.62,5.0248,up,up,0.4047,,
FNSPID_00092,2019-12-11,AEO,From American Eagle Q3 Earnings Conference Call: China Represents ~30% Of Co.'s Unit Volume Sourced Globally,12.01,12.62,5.0248,up,up,0.3798,,
FNSPID_00093,2019-12-11,AEO,American Eagle Outfitters shares are trading lower after the company issued Q4 EPS guidance below analyst estimates.,12.01,12.62,5.0248,up,up,0.3909,,
FNSPID_00094,2019-12-11,AEO,American Eagle Outfitter Sees Q4 EPS $0.34-$0.36 vs $0.46 Est.,12.01,12.62,5.0248,up,up,0.429,,
FNSPID_00095,2019-12-11,AEO,"American Eagle Outfitters Q3 EPS $0.48, Inline, Sales $1.066B Beat $1.06B Estimate, Comparable Sales Up 5%",12.01,12.62,5.0248,up,up,0.4332,,
FNSPID_00096,2019-12-11,AEO,32 Stocks Moving In Wednesday's Pre-Market Session,12.01,12.62,5.0248,up,up,0.4373,,
FNSPID_00097,2019-12-11,AEO,"10 Stocks To Watch For December 11, 2019",12.01,12.62,5.0248,up,up,0.3978,,
FNSPID_00098,2019-12-11,AEO,"Earnings Scheduled For December 11, 2019",12.01,12.62,5.0248,up,down,0.4421,,
FNSPID_00099,2019-12-10,AEO,A Preview Of American Eagle Outfitters Q3 Earnings,12.85,12.01,-6.5476,down,neutral,0.3603,,
FNSPID_00100,2019-11-25,AEO,"Benzinga's Top Upgrades, Downgrades For November 25, 2019",12.62,12.6,-0.1348,neutral,up,0.3914,,
FNSPID_00101,2019-11-25,AEO,Loop Capital Downgrades American Eagle Outfitters to Hold,12.62,12.6,-0.1348,neutral,up,0.3657,,
FNSPID_00102,2019-11-13,AEO,Barclays Starts Coverage Of US Specialty Retail,13.6,13.74,1.0,neutral,neutral,0.365,,
FNSPID_00103,2019-11-13,AEO,"Benzinga's Top Upgrades, Downgrades For November 13, 2019",13.6,13.74,1.0,neutral,up,0.3899,,
FNSPID_00104,2019-11-13,AEO,"Barclays Initiates Coverage On American Eagle Outfitters with Equal-Weight Rating, Announces $17 Price Target",13.6,13.74,1.0,neutral,up,0.3708,,
FNSPID_00105,2019-10-28,AEO,"Benzinga's Top Upgrades, Downgrades For October 28, 2019",13.81,13.75,-0.4308,neutral,up,0.3899,,
FNSPID_00106,2019-10-28,AEO,Citigroup Downgrades American Eagle Outfitters to Neutral,13.81,13.75,-0.4308,neutral,up,0.3583,,
FNSPID_00107,2019-10-11,AEO,Shares of several retail companies are trading higher in sympathy with the overall market after President Trump made positive remarks on US-China trade talks. Trump is scheduled to meet with Chinese Vice Premier Liu He at the White House today.,12.79,12.46,-2.5266,down,up,0.3899,,
FNSPID_00108,2019-10-09,AEO,"Zipping It Up: Levi's, Wrestling With Wholesale, Manages To Slightly Exceed Analyst Expectations",12.19,12.28,0.6833,neutral,up,0.3983,,
FNSPID_00109,2019-09-18,AEO,"UPDATE: DA Davidson On American Eagle Also Notes 'In a place where retail is challenged, AEO's growth opportunities continue to expand with their diverse initiatives; namely Aerie, AE Studio, and a potential personal care launch'",14.05,13.99,-0.4194,neutral,up,0.4348,,
FNSPID_00110,2019-09-18,AEO,"UPDATE: DA Davidson Initiates American Eagle With Buy, $21 Target As Firm Notes Co. 'is rising above their rivals with their on-point messaging, which is solidifying their market-share gains and helps to dominate in the denim and intimates categories'",14.05,13.99,-0.4194,neutral,up,0.4264,,
FNSPID_00111,2019-09-18,AEO,"Benzinga's Top Upgrades, Downgrades For September 18, 2019",14.05,13.99,-0.4194,neutral,up,0.3878,,
FNSPID_00112,2019-09-18,AEO,"DA Davidson Initiates Coverage On American Eagle Outfitters with Buy Rating, Announces $21 Price Target",14.05,13.99,-0.4194,neutral,up,0.3711,,
FNSPID_00113,2019-09-16,AEO,American Eagle Outfitters shares are trading lower on seemingly no company-specific news. The stock touched the $18 resistance level and couldn't break it.,14.31,13.93,-2.6471,down,up,0.3659,"[PLACEHOLDER - Ollama unavailable, not a real model explanation] The headline ""American Eagle Outfitters shares are trading lower on seemingly no company-specific news. The stock touched the $18 resistance level and couldn't break it."" reads as a up signal for the stock, which is consistent with an upward next-day move.",
FNSPID_00114,2019-09-06,AEO,86 Biggest Movers From Yesterday,13.47,14.25,5.75,up,up,0.3883,,
FNSPID_00115,2019-09-05,AEO,"American Eagle Outfitters shares trading higher, rebounding following a sell off Wednesday amid better-than-expected Q2 results but weak Q3 guidance. Retail stocks are outperforming the broader stock market sharply today.",13.71,13.47,-1.7199,down,up,0.4179,,
FNSPID_00116,2019-09-05,AEO,"A Look At Benzinga Pro's Most-Searched Tickers For September 5, 2019",13.71,13.47,-1.7199,down,neutral,0.383,,
FNSPID_00117,2019-09-05,AEO,"Top 10 Movers With Volume Over 1M Via Benzinga Pro's Screener Tool For Morning of Thursday., Sept. 05, 2019",13.71,13.47,-1.7199,down,up,0.4023,,
FNSPID_00118,2019-09-05,AEO,"Benzinga Pro's Top 10 Most-Searched Tickers For Morning of Thursday., Sept. 05, 2019",13.71,13.47,-1.7199,down,up,0.3802,,
FNSPID_00119,2019-09-05,AEO,"Morgan Stanley Maintains Underweight on American Eagle Outfitters, Lowers Price Target to $14",13.71,13.47,-1.7199,down,up,0.373,,
FNSPID_00120,2019-09-05,AEO,"Cowen & Co. Maintains Outperform on American Eagle Outfitters, Raises Price Target to $25",13.71,13.47,-1.7199,down,up,0.3682,,
FNSPID_00121,2019-09-05,AEO,"Citigroup Maintains Buy on American Eagle Outfitters, Lowers Price Target to $20",13.71,13.47,-1.7199,down,up,0.3667,,
FNSPID_00122,2019-09-05,AEO,60 Biggest Movers From Yesterday,13.71,13.47,-1.7199,down,up,0.3701,,
FNSPID_00134,2019-09-03,AEO,Shares of several apparel stores and retail companies are trading lower as the previously announced 15% tariff on $112 billion worth of Chinese goods took effect on Sunday. Retail companies are heavily impacted as many of the products come from China.,13.7,12.11,-11.6165,down,down,0.4127,,
FNSPID_00135,2019-09-03,AEO,A Preview Of American Eagle Outfitters Q2 Earnings,13.7,12.11,-11.6165,down,neutral,0.3576,,
FNSPID_00136,2019-08-29,AEO,CFRA: 3 Reasons To Remain Cautious On Guess Following 20% Earnings Pop,14.27,14.16,-0.767,neutral,up,0.4193,,
FNSPID_00137,2019-08-26,AEO,The Most Actively Traded Stocks On OTC Markets In July,13.67,13.63,-0.2464,neutral,up,0.3718,,
FNSPID_00138,2019-08-23,AEO,Shares of several retail companies are trading lower on escalated trade tensions after China announced it plans to impose a 5% to 10% tariff rate on $75 billion worth of U.S. goods. Trump announced he will respond to China's tariffs this afternoon.,13.55,13.67,0.8701,neutral,up,0.3712,,
FNSPID_00139,2019-08-22,AEO,American Eagle Outfitters Option Alert: Sep 6 $18 Calls at the Ask: 1500 @ $0.551 vs 287 OI; Earnings 8/28 Before Open [est] Ref=$16.875,14.22,13.55,-4.7365,down,up,0.4173,"[PLACEHOLDER - Ollama unavailable, not a real model explanation] The headline ""American Eagle Outfitters Option Alert: Sep 6 $18 Calls at the Ask: 1500 @ $0.551 vs 287 OI; Earnings 8/28 Before Open [est] Ref=$16.875"" reads as a up signal for the stock, which is consistent with an upward next-day move.",
FNSPID_00140,2019-08-22,AEO,Shares of several retail companies are trading higher after many retailers reported positive earnings throughout the week.,14.22,13.55,-4.7365,down,up,0.4073,,
FNSPID_00141,2019-08-22,AEO,American Eagle Outfitters Option Alert: Sep 6 $17 Calls at the Ask: 2699 @ $0.75 vs 36 OI; Earnings 8/28 Before Open [est] Ref=$16.55,14.22,13.55,-4.7365,down,up,0.4232,,
FNSPID_00142,2019-08-22,AEO,American Eagle Outfitters Option Alert: Sep 20 $16 Calls Sweep (57) near the Ask: 1460 @ $1.399 vs 706 OI; Earnings 8/28 Before Open [est] Ref=$16.5381,14.22,13.55,-4.7365,down,up,0.4191,,
FNSPID_00143,2019-08-21,AEO,Shares of several retail companies are trading higher in sympathy with Target after the company reported better-than-expected Q2 EPS and sales and raised FY19 guidance.,13.63,14.22,4.3236,up,up,0.4133,"[PLACEHOLDER - Ollama unavailable, not a real model explanation] The headline ""Shares of several retail companies are trading higher in sympathy with Target after the company reported better-than-expected Q2 EPS and sales and raised FY19 guidance."" reads as a up signal for the stock, which is consistent with an upward next-day move.",
FNSPID_00144,2019-08-17,AEO,"Barron's Picks And Pans: American Eagle Outfitters, Chevron, Grocery Outlet And More",13.39,13.34,-0.3774,neutral,neutral,0.3857,,
FNSPID_00610,2019-12-31,AVGO,10 Best Performing S&P 500 Stocks Of The Decade,27.09,27.63,2.0157,up,neutral,0.3472,,
FNSPID_00611,2019-12-28,AVGO,"Barron's Picks And Pans: Applied Materials, Boeing, Travelers And More",26.87,27.09,0.8167,neutral,neutral,0.3935,"[PLACEHOLDER - Ollama unavailable, not a real model explanation] The headline ""Barron's Picks And Pans: Applied Materials, Boeing, Travelers And More"" reads as a neutral signal for the stock, which is consistent with little or no next-day move.",
FNSPID_00612,2019-12-26,AVGO,Top 3 S&P 500 Equities Are All Chip Stocks,27.26,27.13,-0.456,neutral,up,0.3574,,
FNSPID_00613,2019-12-21,AVGO,"Barron's Picks And Pans: Alibaba, Biogen, China Mobile, Peter Lynch Picks And More",27.39,27.47,0.3036,neutral,neutral,0.3733,,
FNSPID_00614,2019-12-19,AVGO,"Why Broadcom's Rumored RF Exit Is Good News For Skyworks, Qorvo",27.5,27.34,-0.5766,neutral,up,0.369,,
FNSPID_00615,2019-12-18,AVGO,Broadcom Option Alert: Jun 19 $350 Calls Sweep (2) near the Ask: 500 @ $14.401 vs 1212 OI; Ref=$326.24,27.79,27.5,-1.0201,down,up,0.412,,
FNSPID_00616,2019-12-18,AVGO,UPDATE: Broadcom's RF Wireless Chip Unit Could Be Worth $10B,27.79,27.5,-1.0201,down,up,0.372,"[PLACEHOLDER - Ollama unavailable, not a real model explanation] The headline ""UPDATE: Broadcom's RF Wireless Chip Unit Could Be Worth $10B"" reads as a up signal for the stock, which is consistent with an upward next-day move.",
FNSPID_00617,2019-12-18,AVGO,"Broadcom Shares Volatile, Spike 0.2% Amid Report Co. Is Seeking A Buyer For Its RF Wireless-Chip Unit",27.79,27.5,-1.0201,down,up,0.4055,,
FNSPID_00618,2019-12-16,AVGO,"Broadcom shares are trading higher after Citigroup analysts reiterated a Buy rating on the stock and raised the price target, citing 'attractive' valuation and 5G exposure.",27.42,27.48,0.2074,neutral,up,0.4186,,
FNSPID_00619,2019-12-16,AVGO,"Not Over Yet: Twists And Turns Still Ahead Including Nike Earnings, Quadruple Witching",27.42,27.48,0.2074,neutral,up,0.3788,,
FNSPID_00620,2019-12-16,AVGO,"Citigroup Maintains Buy on Broadcom, Raises Price Target to $378",27.42,27.48,0.2074,neutral,up,0.3703,,
FNSPID_00621,2019-12-13,AVGO,"Morgan Stanley On Broadcom Also Notes 'This, combined with an undemanding valuation and a 4% dividend yield, presents a stock that should find its way into more portfolios'",26.77,27.42,2.4444,up,up,0.4081,,
FNSPID_00622,2019-12-13,AVGO,"Morgan Stanley Reiterates Overweight, $367 Target On Broadcom Notes 'We think the company framed FY20 guidance well. Importantly, relative to a year ago we now see more of an upward bias to initial guidance'",26.77,27.42,2.4444,up,up,0.4511,,
FNSPID_00623,2019-12-13,AVGO,Broadcom shares are trading lower after the company announced on its conference call it expects a sales decline for its mixed-signal chip business in FY20.,26.77,27.42,2.4444,up,down,0.4551,,
FNSPID_00624,2019-12-13,AVGO,"BMO Capital Maintains Market Perform on Broadcom, Raises Price Target to $330",26.77,27.42,2.4444,up,up,0.3796,,
FNSPID_00625,2019-12-13,AVGO,10 Biggest Price Target Changes For Friday,26.77,27.42,2.4444,up,up,0.3534,"[PLACEHOLDER - Ollama unavailable, not a real model explanation] The headline ""10 Biggest Price Target Changes For Friday"" reads as a up signal for the stock, which is consistent with an upward next-day move.",
FNSPID_00626,2019-12-13,AVGO,"Mizuho Reiterates Buy on Broadcom, Raises Price Target to $365",26.77,27.42,2.4444,up,up,0.3675,,
FNSPID_00627,2019-12-13,AVGO,"Wells Fargo Maintains Equal-Weight on Broadcom, Raises Price Target to $330",26.77,27.42,2.4444,up,up,0.3576,"[PLACEHOLDER - Ollama unavailable, not a real model explanation] The headline ""Wells Fargo Maintains Equal-Weight on Broadcom, Raises Price Target to $330"" reads as a up signal for the stock, which is consistent with an upward next-day move.",
FNSPID_00628,2019-12-13,AVGO,"KeyBanc Maintains Overweight on Broadcom, Raises Price Target to $360",26.77,27.42,2.4444,up,up,0.3798,,
FNSPID_00629,2019-12-13,AVGO,"5 Stocks To Watch For December 13, 2019",26.77,27.42,2.4444,up,up,0.4164,"[PLACEHOLDER - Ollama unavailable, not a real model explanation] The headline ""5 Stocks To Watch For December 13, 2019"" reads as a up signal for the stock, which is consistent with an upward next-day move.",
FNSPID_00630,2019-12-12,AVGO,Broadcom On Conference Call Says Plans To Pay Down $4B In Debt In FY20,27.82,26.77,-3.7767,down,up,0.3898,"[PLACEHOLDER - Ollama unavailable, not a real model explanation] The headline ""Broadcom On Conference Call Says Plans To Pay Down $4B In Debt In FY20"" reads as a up signal for the stock, which is consistent with an upward next-day move.",
FNSPID_00631,2019-12-12,AVGO,Broadcom shares are trading higher after the company reported better-than-expected Q4 EPS and sales results. The company also issued FY20 sales guidance above analyst estimates.,27.82,26.77,-3.7767,down,up,0.4136,,
FNSPID_00632,2019-12-12,AVGO,Broadcom Raises Qtr. Dividend From $2.65 To $3.25/Share,27.82,26.77,-3.7767,down,up,0.395,,
FNSPID_00633,2019-12-12,AVGO,"Broadcom Sees FY20 Sales $24.5B-$25.5B vs $23.79B Estimate, Adj. EBITDA $13.76B +/- $250M",27.82,26.77,-3.7767,down,up,0.4468,"[PLACEHOLDER - Ollama unavailable, not a real model explanation] The headline ""Broadcom Sees FY20 Sales $24.5B-$25.5B vs $23.79B Estimate, Adj. EBITDA $13.76B +/- $250M"" reads as a up signal for the stock, which is consistent with an upward next-day move.",
FNSPID_00634,2019-12-12,AVGO,"Broadcom Q4 Adj. EPS $5.39 Beats $5.36 Estimate, Sales $5.766B Beat $5.73B Estimate",27.82,26.77,-3.7767,down,up,0.4361,,
FNSPID_00635,2019-12-12,AVGO,Stocks That Hit 52-Week Highs On Thursday,27.82,26.77,-3.7767,down,up,0.3571,,
FNSPID_00636,2019-12-12,AVGO,Shares of semiconductor companies are trading higher after President Trump tweeted the US and China are 'getting very close to a big deal.',27.82,26.77,-3.7767,down,up,0.3842,,
FNSPID_00637,2019-12-12,AVGO,"Geopolitical Jumble: UK Election Results, US Tariff Decision, Front And Center",27.82,26.77,-3.7767,down,up,0.3667,,
FNSPID_00638,2019-12-12,AVGO,Preview: Broadcom's Q4 Earnings,27.82,26.77,-3.7767,down,up,0.3562,,
FNSPID_00639,2019-12-12,AVGO,"8 Stocks To Watch For December 12, 2019",27.82,26.77,-3.7767,down,up,0.4176,,
FNSPID_00640,2019-12-12,AVGO,"Earnings Scheduled For December 12, 2019",27.82,26.77,-3.7767,down,down,0.4449,,
FNSPID_00641,2019-12-11,AVGO,5G Stocks Are Heating Up Ahead Of Tariff Deadline,27.13,27.82,2.5272,up,up,0.4095,,
FNSPID_00642,2019-12-11,AVGO,"Oppenheimer Maintains Outperform on Broadcom, Raises Price Target to $350",27.13,27.82,2.5272,up,neutral,0.3472,,
FNSPID_00643,2019-12-10,AVGO,"PiperJaffray Maintains Overweight on Broadcom, Raises Price Target to $345",26.73,27.13,1.4791,up,up,0.3656,,
FNSPID_00644,2019-12-09,AVGO,"UPDATE: Bank Of America On US Semiconductors Notes 'Radio Frequency (RF) chips will bea critical enabling technology to help monetize expensive spectrum and enhance battery life'; 'In our view the top 3 US vendors – AVGO, QRVO, SWKS –dominate RF' Tech",26.68,26.73,0.2163,neutral,up,0.416,,
FNSPID_00645,2019-12-09,AVGO,UPDATE: Bank Of America On US Semiconductors Notes 5G Growth Will Be 'driven by the exponential growth in components required to upgrade ~1.4bn 4G smartphones and several hundred million IoT devices',26.68,26.73,0.2163,neutral,up,0.4288,,
FNSPID_00646,2019-12-09,AVGO,"UPDATE: Bank Of America Upgrades Skyworks And Qorvo To Buy, Notes '5G could prove to be one of the more compelling and investable themes in semis'",26.68,26.73,0.2163,neutral,up,0.4141,,
FNSPID_00647,2019-11-26,AVGO,'Fast Money Halftime Report' Picks For November 26,26.84,27.02,0.6861,neutral,neutral,0.3662,,
FNSPID_00648,2019-11-22,AVGO,10 Biggest Price Target Changes For Friday,26.72,27.12,1.4924,up,up,0.3534,,
FNSPID_00649,2019-11-22,AVGO,"Cascend Reiterates Buy on Broadcom, Raises Price Target to $350",26.72,27.12,1.4924,up,up,0.3694,,
FNSPID_00650,2019-11-19,AVGO,"UPDATE: Morgan Stanley Upgrades Broadcom To Overweight, Raises Target To $367 Notes Co. 'is priced for risks associated with the Symantec deal; we see possible value creation as it extends into software and builds on a current strong position in semis'",26.96,26.45,-1.898,down,up,0.4388,,
FNSPID_00651,2019-11-19,AVGO,Stocks That Hit 52-Week Highs On Tuesday,26.96,26.45,-1.898,down,up,0.355,,
FNSPID_00652,2019-11-19,AVGO,"Benzinga's Top Upgrades, Downgrades For November 19, 2019",26.96,26.45,-1.898,down,up,0.3912,,
FNSPID_00653,2019-11-19,AVGO,Broadcom shares are trading higher after Morgan Stanley upgraded the company's stock from Equal-Weight to Overweight and raised the price target from $298 to $367.,26.96,26.45,-1.898,down,up,0.4106,,
FNSPID_00654,2019-11-19,AVGO,10 Biggest Price Target Changes For Tuesday,26.96,26.45,-1.898,down,up,0.3518,,
FNSPID_00655,2019-11-19,AVGO,A Peek Into The Markets: US Stock Futures Rise; Home Depot Sales Miss Views,26.96,26.45,-1.898,down,up,0.3789,,
FNSPID_00656,2019-11-19,AVGO,"Morgan Stanley Upgrades Broadcom to Overweight, Raises Price Target to $367",26.96,26.45,-1.898,down,up,0.3638,"[PLACEHOLDER - Ollama unavailable, not a real model explanation] The headline ""Morgan Stanley Upgrades Broadcom to Overweight, Raises Price Target to $367"" reads as a up signal for the stock, which is consistent with an upward next-day move.",
FNSPID_00657,2019-11-14,AVGO,Appaloosa 13F Shows New 275K Share Stake In Broadcom,26.22,26.55,1.2752,up,up,0.3832,,
FNSPID_00658,2019-11-11,AVGO,10 Biggest Price Target Changes For Monday,26.54,26.77,0.8889,neutral,up,0.351,,
FNSPID_00659,2019-11-11,AVGO,"Morgan Stanley Maintains Equal-Weight on Broadcom, Raises Price Target to $298",26.54,26.77,0.8889,neutral,up,0.3584,"[PLACEHOLDER - Ollama unavailable, not a real model explanation] The headline ""Morgan Stanley Maintains Equal-Weight on Broadcom, Raises Price Target to $298"" reads as a up signal for the stock, which is consistent with an upward next-day move.",
FNSPID_00660,2019-11-05,AVGO,Broadcom shares are trading higher after the company reported it is expanding its collaboration with Infosys. The company was also upgraded by UBS from Neutral to Buy and raised its price target was raised from $23 to $27.,26.65,26.57,-0.2802,neutral,up,0.4102,"[PLACEHOLDER - Ollama unavailable, not a real model explanation] The headline ""Broadcom shares are trading higher after the company reported it is expanding its collaboration with Infosys. The company was also upgraded by UBS from Neutral to Buy and raised its price target was raised from $23 to $27."" reads as a up signal for the stock, which is consistent with an upward next-day move.",
FNSPID_00661,2019-11-05,AVGO,"UBS Upgrades Symantec, Says RemainCo Consumer Franchise Seems Undervalued",26.65,26.57,-0.2802,neutral,up,0.3913,,
FNSPID_00662,2019-11-05,AVGO,"Broadcom Reports Expansion Of Collaboration With Infosys To Help SAP Customers Mitigate Risks, Costs Associated With Upgrade To Next-Gen ERP App, S/4HANA, No Terms Disclosed",26.65,26.57,-0.2802,neutral,up,0.3905,,
FNSPID_00663,2019-11-04,AVGO,"Symantec Will Transfer Co. Brand To Broadcom, Change Its Name To NortonLifeLock, Will trade On Nasdaq Under Ticker 'NLOK'",25.88,26.65,2.9639,up,up,0.3675,,
FNSPID_00664,2019-10-25,AVGO,Broadcom shares are traidng higher in sympathy with Intel after the company reported better-than-expected Q3 EPS and sales results.,24.59,24.74,0.5969,neutral,up,0.3866,,
FNSPID_00665,2019-10-23,AVGO,16 Stocks With The Highest Long-Term Sales Growth Rate,23.79,23.96,0.7099,neutral,up,0.4037,,
FNSPID_00666,2019-10-23,AVGO,Shares of companies in the semiconductor space are trading lower after Texas Instruments reported worse-than-expected Q3 sales and issued soft Q4 guidance.,23.79,23.96,0.7099,neutral,down,0.3629,,
FNSPID_00667,2019-10-23,AVGO,"Extreme Networks Partners With Broadcom For Solutions To Enterprise Customers, No Terms Disclosed",23.79,23.96,0.7099,neutral,neutral,0.3759,,
FNSPID_00668,2019-10-21,AVGO,Shares of companies in the semiconductor space are trading higher amid US-China trade optimism. The sector has China exposure and has been highly affected by trade tensions this year.,24.57,24.39,-0.7287,neutral,up,0.4275,,
FNSPID_00669,2019-10-17,AVGO,Huawei Reshuffles US-Linked Executives Amidst Reported Increase in Sales,24.56,24.33,-0.9329,neutral,up,0.4064,"[PLACEHOLDER - Ollama unavailable, not a real model explanation] The headline ""Huawei Reshuffles US-Linked Executives Amidst Reported Increase in Sales"" reads as a up signal for the stock, which is consistent with an upward next-day move.",
FNSPID_00670,2019-10-16,AVGO,"'The EU's powerful anti-trust authority on Wednesday ordered US chipmaker Broadcom to immediately halt uncompetitive sales practices, using an unprecedented weapon against US big tech.' -France's RFI",24.48,24.56,0.3293,neutral,up,0.3519,,
FNSPID_00671,2019-10-16,AVGO,EU Antitrust Head Vestager to Hold News Conference Expected to Focus on Broadcom,24.48,24.56,0.3293,neutral,up,0.3757,"[PLACEHOLDER - Ollama unavailable, not a real model explanation] The headline ""EU Antitrust Head Vestager to Hold News Conference Expected to Focus on Broadcom"" reads as a up signal for the stock, which is consistent with an upward next-day move.",
FNSPID_00672,2019-10-15,AVGO,"Broadcom, SmileDirectClub And More 'Fast Money Halftime Report' Picks From October 15",24.64,24.48,-0.6338,neutral,neutral,0.3988,,
FNSPID_00673,2019-10-15,AVGO,"Shares of several semiconductor companies are trading higher in sympathy with the overall market after multiple companies reported earnings that topped expectations, bringing the whole market higher on positive sentiment.",24.64,24.48,-0.6338,neutral,up,0.4082,,
FNSPID_00674,2019-10-11,AVGO,Shares of several semiconductor companies are trading higher after President Trump made positive remarks on the U.S.-China trade talks. Trump is scheduled to meet with Chinese Vice Premier Liu He at the White House today.,23.84,23.9,0.267,neutral,up,0.3656,,
FNSPID_00675,2019-10-10,AVGO,Shares of many semiconductors are trading higher on renewed trade optimism after the US was considering suspending tariff increase in exchange for a currency pact. President Trump's administration also plans to allow the sale of some supplies to Huawei.,23.29,23.84,2.3538,up,up,0.4049,,
FNSPID_00676,2019-10-09,AVGO,Shares of several semiconductor companies are trading higher after multiple reports suggesting China is open to a partial trade deal surfaced. The reports renewed optimism in the upcoming U.S.-China trade talks.,23.18,23.29,0.4759,neutral,up,0.4016,,
FNSPID_00677,2019-10-08,AVGO,"Shares of several semiconductor companies are trading lower as optimism around the upcoming U.S.-China trade talks waned. A report says China is toning down its expectations of the meeting. The U.S. expanded its trade blacklist, and scheduled an increase in tariffs on $250 billion worth of Chinese goods from 25% to 30% on Oct. 15, which will go into effect if no progress is made.",22.94,23.18,1.0431,up,up,0.3805,,
FNSPID_00678,2019-10-04,AVGO,"Broadcom, Trex And More 'Fast Money Halftime Report' Picks From October 4",23.88,23.43,-1.901,down,up,0.3572,,
FNSPID_00679,2019-10-04,AVGO,"UPDATE: EU Antitrust Order Will Mean Broadcom Will Have To Scrap Exclusivity Clauses With TV, Modem Makers While EU Probe Continues",23.88,23.43,-1.901,down,up,0.382,,
FNSPID_00680,2019-10-04,AVGO,"Hearing EU Antitrust Regulator Will, In Oct., Give Broadcom Interim Order To Stop Anti-Competitive Practices",23.88,23.43,-1.901,down,neutral,0.3783,"[PLACEHOLDER - Ollama unavailable, not a real model explanation] The headline ""Hearing EU Antitrust Regulator Will, In Oct., Give Broadcom Interim Order To Stop Anti-Competitive Practices"" reads as a neutral signal for the stock, which is consistent with little or no next-day move.",
FNSPID_00681,2019-10-03,AVGO,Shares of many semiconductor companies are trading higher as investors are optimistic of a trade deal with China that could be reached after President Trump said a Chinese delegation is set to come to the U.S. next week for continued trade talks.,23.29,23.88,2.5507,up,up,0.3896,,
FNSPID_00682,2019-10-02,AVGO,Shares of several semiconductor companies are trading lower in sympathy with the overall market on continued fears of a recession amid a weak ADP jobs report. There is also uncertainty in the market over the upcoming U.S.-China meeting next week.,22.92,23.29,1.6144,up,down,0.3657,,
FNSPID_00683,2019-09-25,AVGO,34 Stocks Moving In Wednesday's Mid-Day Session,23.4,23.5,0.4134,neutral,up,0.4452,,
FNSPID_00684,2019-09-25,AVGO,Broadcom Trades Lower On $3B Debt Offering,23.4,23.5,0.4134,neutral,up,0.3677,"[PLACEHOLDER - Ollama unavailable, not a real model explanation] The headline ""Broadcom Trades Lower On $3B Debt Offering"" reads as a up signal for the stock, which is consistent with an upward next-day move.",
FNSPID_00685,2019-09-25,AVGO,19 Technology Stocks Moving In Wednesday's Pre-Market Session,23.4,23.5,0.4134,neutral,up,0.4242,,
FNSPID_00686,2019-09-25,AVGO,24 Stocks Moving in Wednesday's Pre-Market Session,23.4,23.5,0.4134,neutral,up,0.4439,,
FNSPID_00687,2019-09-25,AVGO,Broadcom shares are trading lower following news of a $3 billion series A mandatory convertible preferred stock offering.,23.4,23.5,0.4134,neutral,up,0.383,,
FNSPID_00688,2019-09-24,AVGO,Broadcom shares are trading lower following news of a $3 billion series A mandatory convertible preferred stock offering.,23.96,23.4,-2.3166,down,up,0.383,"[PLACEHOLDER - Ollama unavailable, not a real model explanation] The headline ""Broadcom shares are trading lower following news of a $3 billion series A mandatory convertible preferred stock offering."" reads as a up signal for the stock, which is consistent with an upward next-day move.",
FNSPID_00689,2019-09-24,AVGO,Broadcom Shares Fall After Hours Following News Of A $3B Series A Mandatory Convertible Preferred Stock Offering,23.96,23.4,-2.3166,down,up,0.3693,,
FNSPID_00690,2019-09-23,AVGO,Broadcom Delivers Industry's First Dual 400G MACSec PHY for Hyper-scale Data Center and Cloud Infrastructure,24.22,23.96,-1.1035,down,neutral,0.383,,
FNSPID_00691,2019-09-13,AVGO,"Broadcom Falls, But Analysts Optimistic Chip Demand Has Bottomed And Acquisitions Will Help",24.41,24.27,-0.5718,neutral,up,0.3606,,
FNSPID_00692,2019-09-13,AVGO,"A Look At Benzinga Pro's Most-Searched Tickers For September 13, 2019",24.41,24.27,-0.5718,neutral,neutral,0.3863,,
FNSPID_00693,2019-09-13,AVGO,"UPDATE: KeyBanc Maintains Overweight On Broadcom, Raises Target To $340 'given the Company's solid execution in a challenging environment'; Firm Anticipates 'the close of the SYMC deal will continue to sustain outsized earnings growth'",24.41,24.27,-0.5718,neutral,up,0.4376,,
FNSPID_00694,2019-09-13,AVGO,"UPDATE: Morgan Stanley Maintains Equal-Weight On Broadcom, Raises Target To $265 As Firm Notes 'No big surprises this quarter; demand commentary was cautious'",24.41,24.27,-0.5718,neutral,up,0.4367,"[PLACEHOLDER - Ollama unavailable, not a real model explanation] The headline ""UPDATE: Morgan Stanley Maintains Equal-Weight On Broadcom, Raises Target To $265 As Firm Notes 'No big surprises this quarter; demand commentary was cautious'"" reads as a up signal for the stock, which is consistent with an upward next-day move.",
FNSPID_00695,2019-09-13,AVGO,CORRECTION: Morgan Stanley Raised Price Target On Broadcom From $250 To $265,24.41,24.27,-0.5718,neutral,up,0.3736,"[PLACEHOLDER - Ollama unavailable, not a real model explanation] The headline ""CORRECTION: Morgan Stanley Raised Price Target On Broadcom From $250 To $265"" reads as a up signal for the stock, which is consistent with an upward next-day move.",
FNSPID_00696,2019-09-13,AVGO,"Morgan Stanley Maintains Equal-Weight on Broadcom, Raises Price Target To $265",24.41,24.27,-0.5718,neutral,up,0.3582,,
FNSPID_00697,2019-09-13,AVGO,"Benzinga's Top Upgrades, Downgrades For September 13, 2019",24.41,24.27,-0.5718,neutral,up,0.3871,,
FNSPID_00698,2019-09-13,AVGO,Broadcom shares are trading lower after the company reported worse-than-expected Q3 sales results. The company also reaffirmed FY19 sales guidance below analysts estimates.,24.41,24.27,-0.5718,neutral,down,0.3993,,
FNSPID_00699,2019-09-13,AVGO,"Benzinga Pro's Top 10 Most-Searched Tickers For Morning of Friday, September 13, 2019",24.41,24.27,-0.5718,neutral,up,0.3723,,
FNSPID_00700,2019-09-13,AVGO,10 Biggest Price Target Changes For Friday,24.41,24.27,-0.5718,neutral,up,0.3534,,
FNSPID_00701,2019-09-13,AVGO,9 Technology Stocks Moving In Friday's Pre-Market Session,24.41,24.27,-0.5718,neutral,up,0.4312,,
FNSPID_00702,2019-09-13,AVGO,"Loop Capital Downgrades Broadcom to Hold, Announces $310 Price Target",24.41,24.27,-0.5718,neutral,up,0.3626,,
FNSPID_00703,2019-09-13,AVGO,"SunTrust Robinson Humphrey Maintains Buy on Broadcom, Raises Price Target to $322",24.41,24.27,-0.5718,neutral,neutral,0.36,,
FNSPID_00704,2019-09-13,AVGO,"Mizuho Reiterates Buy on Broadcom, Raises Price Target to $340",24.41,24.27,-0.5718,neutral,up,0.3676,,
FNSPID_00705,2019-09-13,AVGO,"Wells Fargo Maintains Market Perform on Broadcom, Raises Price Target to $300",24.41,24.27,-0.5718,neutral,up,0.3625,,
FNSPID_00706,2019-09-13,AVGO,A Peek Into The Markets: US Stock Futures Surge Ahead Of Economic Reports,24.41,24.27,-0.5718,neutral,up,0.3985,,
FNSPID_00707,2019-09-13,AVGO,"KeyBanc Maintains Overweight on Broadcom, Raises Price Target to $340",24.41,24.27,-0.5718,neutral,up,0.3797,,
FNSPID_00708,2019-09-13,AVGO,"5 Stocks To Watch For September 13, 2019",24.41,24.27,-0.5718,neutral,up,0.4167,,
FNSPID_00709,2019-09-12,AVGO,"Broadcom Says Looking Into Next Year, Visibility Continues To Be Very Limited On Semiconductors Side",25.27,24.41,-3.4134,down,up,0.3847,,
FNSPID_00710,2019-09-12,AVGO,"Broadcom Says Although US-China Trade Conflict Continues, Co Has Not Seen Further Deterioration In Its Business, Both Specific To China & Globally",25.27,24.41,-3.4134,down,up,0.4071,,
FNSPID_00711,2019-09-12,AVGO,Broadcom Shares Fall After Q3 Sales Miss,25.27,24.41,-3.4134,down,up,0.3782,,
FNSPID_00712,2019-09-12,AVGO,Broadcom shares are trading lower after the company reported worse-than-expected Q3 sales results. The company also reaffirmed FY19 sales guidance below analysts estimates.,25.27,24.41,-3.4134,down,down,0.3993,,
FNSPID_00713,2019-09-12,AVGO,"UPDATE: Broadcom Reaffirms FY19 Guidance: Sales $22.5B vs $22.6B Estimate, Operating Margin 52.5%",25.27,24.41,-3.4134,down,up,0.4512,,
FNSPID_00714,2019-09-12,AVGO,Broadcom Reaffirms FY19 Guidance,25.27,24.41,-3.4134,down,up,0.3685,,
FNSPID_00715,2019-09-12,AVGO,"Broadcom Q3 Adj. EPS $5.16 Beats $5.14 Estimate, Sales $5.515B Miss $5.55B Estimate",25.27,24.41,-3.4134,down,up,0.4324,,
FNSPID_00716,2019-09-12,AVGO,Oracle Reports Early In Surprise Move As Trump Surprises With Positive Trade Tweet,25.27,24.41,-3.4134,down,up,0.3999,,
FNSPID_00717,2019-09-12,AVGO,"7 Stocks To Watch For September 12, 2019",25.27,24.41,-3.4134,down,up,0.4154,,
FNSPID_00718,2019-09-12,AVGO,"Earnings Scheduled For September 12, 2019",25.27,24.41,-3.4134,down,down,0.4346,,
FNSPID_00719,2019-09-11,AVGO,Shares of several semiconductor companies are trading higher after China released a tariff exemptions list for certain products from the U.S. Apple also released new iPhones which are expected to benefit several companies within the sector.,25.06,25.27,0.8624,neutral,up,0.3904,,
FNSPID_00720,2019-09-09,AVGO,"Broadcom Reports TIM - Telecon Italia Signed Strategic Deal As Portfolio License Customer, No Terms Disclosed",24.6,24.76,0.6254,neutral,up,0.3986,,
FNSPID_00721,2019-09-05,AVGO,Shares of many semiconductor companies are trading higher with the broader stock market after the Chinese Minister of Commerce said the U.S. and China are set to meet in Washington D.C in early October.,24.47,24.54,0.3058,neutral,up,0.3799,,
FNSPID_00722,2019-09-04,AVGO,Shares of many semiconductor companies are trading higher as Hong Kong tensions ease on the withdrawal of the extradition bill that has caused mass protesting. The protests are seen as a potential disruption to the global economy and U.S.-China trade talks.,23.8,24.47,2.8267,up,up,0.3788,,
FNSPID_00723,2019-09-03,AVGO,"Shares of several semiconductor companies are trading lower as trade concerns continue to escalate following a new 15% tariff, which was added to $112 billion worth of Chinese goods on Sunday.",23.04,23.8,3.2731,up,down,0.3788,,
FNSPID_00724,2019-08-29,AVGO,Shares of several semiconductor companies are trading higher after China's Ministry of Commerce said the country is willing to work to resolve US trade tensions and does not want any further escalation.,23.83,23.76,-0.2576,neutral,up,0.401,,
FNSPID_00725,2019-08-26,AVGO,Shares of several semiconductor companies are trading higher amid easing trade tensions. President Trump said China is ready to come back to the negotiating table.,23.31,23.17,-0.5952,neutral,up,0.3715,,
FNSPID_00726,2019-08-23,AVGO,Shares of several semiconductors companies are trading lower on escalated trade tensions after China announced it plans to impose a 5% to 10% tariff rate on $75 billion worth of U.S. goods.,22.88,23.31,1.8704,up,up,0.3697,,
FNSPID_00727,2019-08-19,AVGO,Shares of several semiconductors are trading higher on renewed hopes of a resolution to trade tensions between the US and China.,23.44,23.57,0.5704,neutral,up,0.4248,,
FNSPID_00728,2019-08-16,AVGO,"Shares of companies in the semiconductor space are trading higher in sympathy with NVIDIA, which reported better-than-expected Q2 results.",23.02,23.44,1.8263,up,up,0.3891,"[PLACEHOLDER - Ollama unavailable, not a real model explanation] The headline ""Shares of companies in the semiconductor space are trading higher in sympathy with NVIDIA, which reported better-than-expected Q2 results."" reads as a up signal for the stock, which is consistent with an upward next-day move.",
FNSPID_01148,2019-12-22,AXP,How The Dow Jones Industrial Average Changed Over The Past Decade,114.36,114.59,0.2008,neutral,neutral,0.4089,,
FNSPID_01149,2019-12-20,AXP,A Look Back At M&A Deals In The Restaurant Sector,115.54,114.36,-1.0177,down,neutral,0.3505,,
FNSPID_01150,2019-12-17,AXP,"Carlyle Group Press Release Confirms American Express Will Retain 50% Stake In Joint Venture For Global Business Travel, Has Committed To Long-Term Stake In Category; Terms Not Disclosed",114.79,114.15,-0.5522,neutral,up,0.3908,,
FNSPID_01151,2019-12-17,AXP,"Carlyle, Others To Buy Stake In American Express Corporate-Travel Business; American Express Will Still Own 50% Stake",114.79,114.15,-0.5522,neutral,up,0.394,,
FNSPID_01152,2019-11-29,AXP,"'Fast Money Halftime Report' Traders Weigh In On American Express, Chewy And More",110.35,107.72,-2.381,down,up,0.4005,,
FNSPID_01153,2019-11-19,AXP,"Report: American Express Offers Sign-On Bonuses In Effort To Catch Up To Mastercard, Visa",110.24,109.6,-0.5833,neutral,up,0.387,,
FNSPID_01154,2019-10-29,AXP,"Morgan Stanley Maintains Overweight on American Express, Raises Price Target to $149",107.87,108.47,0.5536,neutral,up,0.3627,,
FNSPID_01155,2019-10-24,AXP,PayPal Tops Estimates And Opens Doors To Massive Growth,106.94,108.64,1.5892,up,neutral,0.3884,,
FNSPID_01156,2019-10-21,AXP,"BMO Capital Maintains Market Perform on American Express, Raises Price Target to $123",109.37,108.96,-0.3696,neutral,up,0.3786,,
FNSPID_01157,2019-10-18,AXP,A Peek Into The Markets: US Stock Futures Edge Higher Ahead Of Fed Speakers,107.26,109.37,1.9613,up,up,0.4128,,
FNSPID_01158,2019-10-18,AXP,American Express Trades Higher On Q3 Earnings Beat,107.26,109.37,1.9613,up,up,0.3916,"[PLACEHOLDER - Ollama unavailable, not a real model explanation] The headline ""American Express Trades Higher On Q3 Earnings Beat"" reads as a up signal for the stock, which is consistent with an upward next-day move.",
FNSPID_01159,2019-10-18,AXP,American Express Sees FY19 Adj. EPS $7.85-$8.35 vs $8.12 Estimate,107.26,109.37,1.9613,up,up,0.4264,,
FNSPID_01160,2019-10-18,AXP,"American Express Q3 EPS $2.08 Beats $2.03 Estimate, Sales $11B Beat $10.95B Estimate",107.26,109.37,1.9613,up,up,0.4234,,
FNSPID_01161,2019-10-18,AXP,"8 Stocks To Watch For October 18, 2019",107.26,109.37,1.9613,up,up,0.421,,
FNSPID_01162,2019-10-18,AXP,"Earnings Scheduled For October 18, 2019",107.26,109.37,1.9613,up,down,0.4456,,
FNSPID_01163,2019-10-16,AXP,4 Ways To Reward Yourself For Grocery Shopping,107.86,109.41,1.4394,up,neutral,0.416,"[PLACEHOLDER - Ollama unavailable, not a real model explanation] The headline ""4 Ways To Reward Yourself For Grocery Shopping"" reads as a neutral signal for the stock, which is consistent with little or no next-day move.",
FNSPID_01164,2019-10-16,AXP,3 Best Credit Cards For Contractors,107.86,109.41,1.4394,up,up,0.36,"[PLACEHOLDER - Ollama unavailable, not a real model explanation] The headline ""3 Best Credit Cards For Contractors"" reads as a up signal for the stock, which is consistent with an upward next-day move.",
FNSPID_01165,2019-10-14,AXP,"Earnings, Econ Numbers And The Beige Book Pepper The Second Round of The WeTrader Competition",106.92,108.02,1.031,up,neutral,0.351,,
FNSPID_01166,2019-10-14,AXP,Bank For Your Buck: 4 Best Credit Cards For Entrepreneurs,106.92,108.02,1.031,up,neutral,0.3812,,
FNSPID_01167,2019-10-02,AXP,Shares of several financial companies are trading lower in sympathy with the overall market on continued fears of a recession amid a weak ADP jobs report. There is also uncertainty in the market over the upcoming U.S.-China meeting next week.,103.28,103.39,0.1067,neutral,up,0.363,"[PLACEHOLDER - Ollama unavailable, not a real model explanation] The headline ""Shares of several financial companies are trading lower in sympathy with the overall market on continued fears of a recession amid a weak ADP jobs report. There is also uncertainty in the market over the upcoming U.S.-China meeting next week."" reads as a up signal for the stock, which is consistent with an upward next-day move.",
FNSPID_01168,2019-09-24,AXP,"PreMarket Prep Recap: CarMax, BlackBerry End In The Red After Earnings",108.14,109.01,0.8039,neutral,up,0.3654,,
FNSPID_01169,2019-09-23,AXP,American Express Raises Qtr. Dividend From $0.39 To $0.43/Share,108.21,108.14,-0.0592,neutral,up,0.3983,,
FNSPID_01170,2019-09-23,AXP,American Express Reports 120M Share Buyback,108.21,108.14,-0.0592,neutral,neutral,0.366,,
FNSPID_01171,2019-09-18,AXP,Shares of several financial companies are trading lower after the Fed cut interest rates by another quarter point. NOTE: A interest rate cut limits the profits that banks make because they get less when they lend money to clients.,108.67,107.8,-0.8001,neutral,up,0.3573,"[PLACEHOLDER - Ollama unavailable, not a real model explanation] The headline ""Shares of several financial companies are trading lower after the Fed cut interest rates by another quarter point. NOTE: A interest rate cut limits the profits that banks make because they get less when they lend money to clients."" reads as a up signal for the stock, which is consistent with an upward next-day move.",
FNSPID_01172,2019-09-17,AXP,4 Of The Most Used Business Credit Cards,108.95,108.67,-0.2604,neutral,neutral,0.4242,,
FNSPID_01173,2019-09-10,AXP,Shares of several payment processing companies are trading lower on continued momentum. Not seeing any news to justify price action within the sector.,107.36,107.99,0.5882,neutral,up,0.3854,,
FNSPID_01174,2019-09-09,AXP,The Best Credit Card Deals For Fall,109.75,107.36,-2.1765,down,neutral,0.4102,,
FNSPID_01175,2019-09-09,AXP,Getting Active With A Financial Services ETF,109.75,107.36,-2.1765,down,neutral,0.3643,"[PLACEHOLDER - Ollama unavailable, not a real model explanation] The headline ""Getting Active With A Financial Services ETF"" reads as a neutral signal for the stock, which is consistent with little or no next-day move.",
FNSPID_01176,2019-09-05,AXP,Shares of several banks and broader financial companies are trading higher with the broader stock market after the Chinese Minister of Commerce said the leaders of the U.S. and China are set to meet in Washington D.C in early October.,110.43,109.99,-0.3978,neutral,up,0.3835,,
FNSPID_01177,2019-09-04,AXP,"Even Financial Announces $25M Funding Round; Aims To Launch Mortgage, Insurance And Student Loan Marketplaces",108.35,110.43,1.9172,up,up,0.3563,,
FNSPID_01178,2019-08-23,AXP,Shares of several banking & broader financial companies are trading lower on escalated trade tensions after China announced it plans to impose a 5% to 10% tariff rate on $75 billion worth of U.S. goods. Trump will respond this afternoon.,107.77,108.47,0.6539,neutral,up,0.3831,,
FNSPID_01179,2019-08-16,AXP,"Investors Seem More Optimistic As Trade, Bond Market Worries Ease",114.06,113.85,-0.1845,neutral,up,0.3933,,
FNSPID_01595,2019-12-23,BLK,Rivian Closes $1.3B Funding Round,427.34,427.32,-0.004,neutral,up,0.3828,,
FNSPID_01596,2019-12-19,BLK,"Deutsche Bank Maintains Buy on BlackRock, Raises Price Target to $563",429.63,427.28,-0.5474,neutral,up,0.37,,
FNSPID_01597,2019-12-16,BLK,What Hurdles Do European Investment Managers Face In The US?,429.38,429.59,0.0478,neutral,neutral,0.4398,,
FNSPID_01598,2019-12-16,BLK,Stocks That Hit 52-Week Highs On Monday,429.38,429.59,0.0478,neutral,up,0.3546,,
FNSPID_01599,2019-12-12,BLK,Stocks That Hit 52-Week Highs On Thursday,429.44,426.44,-0.699,neutral,up,0.3571,,
FNSPID_01600,2019-12-05,BLK,Bond Flow Aid The Ascents Of ETF Goliaths,419.33,424.0,1.1136,up,up,0.3712,,
FNSPID_01601,2019-11-29,BLK,Stocks That Hit 52-Week Highs On Friday,420.4,415.98,-1.0527,down,up,0.36,,
FNSPID_01602,2019-11-19,BLK,Stocks That Hit 52-Week Highs On Tuesday,418.61,415.22,-0.8097,neutral,up,0.355,,
FNSPID_01603,2019-11-12,BLK,Report: Large Deutsche Bank Shareholder Wants Chairman Fired,413.51,412.47,-0.2506,neutral,up,0.3586,,
FNSPID_01604,2019-11-07,BLK,Stocks That Hit 52-Week Highs On Thursday,416.37,416.41,0.0102,neutral,up,0.3571,,
FNSPID_01605,2019-11-06,BLK,"Benzinga's Top Upgrades, Downgrades For November 6, 2019",415.84,416.37,0.1266,neutral,up,0.391,"[PLACEHOLDER - Ollama unavailable, not a real model explanation] The headline ""Benzinga's Top Upgrades, Downgrades For November 6, 2019"" reads as a up signal for the stock, which is consistent with an upward next-day move.",
FNSPID_01606,2019-11-06,BLK,"Deutsche Bank Upgrades BlackRock to Buy, Raises Price Target to $543",415.84,416.37,0.1266,neutral,up,0.3686,"[PLACEHOLDER - Ollama unavailable, not a real model explanation] The headline ""Deutsche Bank Upgrades BlackRock to Buy, Raises Price Target to $543"" reads as a up signal for the stock, which is consistent with an upward next-day move.",
FNSPID_01607,2019-10-29,BLK,The Head Of Fidelity Institutional Outlines The 4 Macro Trends Taking Over Financial Services Right Now,395.98,396.64,0.1673,neutral,neutral,0.3956,,
FNSPID_01608,2019-10-16,BLK,"Morgan Stanley Maintains Overweight on BlackRock, Raises Price Target to $554",379.2,382.82,0.9565,neutral,up,0.3652,,
FNSPID_01609,2019-10-15,BLK,BlackRock shares are trading higher after the company reported better-than-expected Q3 EPS results.,377.54,379.2,0.4388,neutral,up,0.3974,,
FNSPID_01610,2019-10-15,BLK,10 Biggest Price Target Changes For Tuesday,377.54,379.2,0.4388,neutral,up,0.3518,,
FNSPID_01611,2019-10-15,BLK,"Citigroup Maintains Buy on BlackRock, Lowers Price Target to $500",377.54,379.2,0.4388,neutral,up,0.3586,,
FNSPID_01612,2019-10-15,BLK,"A Peek Into The Markets: US Stock Futures Rise Ahead Of Goldman Sachs, Citigroup Earnings",377.54,379.2,0.4388,neutral,up,0.3935,"[PLACEHOLDER - Ollama unavailable, not a real model explanation] The headline ""A Peek Into The Markets: US Stock Futures Rise Ahead Of Goldman Sachs, Citigroup Earnings"" reads as a up signal for the stock, which is consistent with an upward next-day move.",
FNSPID_01613,2019-10-15,BLK,"BlackRock Q3 Adj. EPS $7.15 Beats $6.97 Estimate, Sales $3.69B Miss $3.7B Estimate",377.54,379.2,0.4388,neutral,up,0.4308,,
FNSPID_01614,2019-10-15,BLK,"Earnings Scheduled For October 15, 2019",377.54,379.2,0.4388,neutral,down,0.4414,,
FNSPID_01615,2019-10-14,BLK,"Earnings, Econ Numbers And The Beige Book Pepper The Second Round of The WeTrader Competition",368.84,377.54,2.3583,up,neutral,0.351,,
FNSPID_01616,2019-10-08,BLK,"Benzinga's Top Upgrades, Downgrades For October 8, 2019",350.96,354.37,0.9706,neutral,up,0.3889,,
FNSPID_01617,2019-10-08,BLK,"Morgan Stanley Maintains Overweight on BlackRock, Lowers Price Target to $547",350.96,354.37,0.9706,neutral,up,0.3604,,
FNSPID_01618,2019-10-08,BLK,BMO Capital Initiates Coverage On BlackRock with Market Perform Rating,350.96,354.37,0.9706,neutral,up,0.3636,,
FNSPID_01619,2019-10-02,BLK,Shares of several financial companies are trading lower in sympathy with the overall market on continued fears of a recession amid a weak ADP jobs report. There is also uncertainty in the market over the upcoming U.S.-China meeting next week.,357.08,356.44,-0.1784,neutral,up,0.363,,
FNSPID_01620,2019-10-01,BLK,Shares of several private equity companies are trading lower after worse-than-expected PMI results.,368.4,357.08,-3.0736,down,up,0.367,,
FNSPID_01621,2019-10-01,BLK,Global Debt Registry Accelerates Blockchain Adoption In Structured Credit Markets,368.4,357.08,-3.0736,down,neutral,0.3645,,
FNSPID_01622,2019-10-01,BLK,"Four Views Of Global Growth: BlackRock, McKinsey, Deutsche Bank And BoAML",368.4,357.08,-3.0736,down,neutral,0.3917,,
FNSPID_01623,2019-09-18,BLK,"Morgan Stanley On BlackRock Also Notes 'LT fundamentals intact, in our view, despite likely softer 3Q EPS; could suggest mean-reverting outperformance in the coming days/weeks'",376.44,377.14,0.1851,neutral,up,0.4236,,
FNSPID_01624,2019-09-18,BLK,"Morgan Stanley Maintains Overweight, $553 Target On BlackRock As Firm Notes 'We see a compelling tactical buying opportunity in BLK shares amid significant relative underperformance vs TROW of ~14% over the past 60 days'",376.44,377.14,0.1851,neutral,up,0.4495,"[PLACEHOLDER - Ollama unavailable, not a real model explanation] The headline ""Morgan Stanley Maintains Overweight, $553 Target On BlackRock As Firm Notes 'We see a compelling tactical buying opportunity in BLK shares amid significant relative underperformance vs TROW of ~14% over the past 60 days'"" reads as a up signal for the stock, which is consistent with an upward next-day move.",
FNSPID_01625,2019-09-09,BLK,Shares of several banks and broader financial companies are trading higher after interest rates increased.,365.99,363.86,-0.5825,neutral,up,0.3906,"[PLACEHOLDER - Ollama unavailable, not a real model explanation] The headline ""Shares of several banks and broader financial companies are trading higher after interest rates increased."" reads as a up signal for the stock, which is consistent with an upward next-day move.",
FNSPID_01626,2019-09-09,BLK,How Passive Investing's Focus On Momentum Rather Than Value Kills Real Economic Growth,365.99,363.86,-0.5825,neutral,neutral,0.408,,
FNSPID_01627,2019-09-05,BLK,Shares of several banks and broader financial companies are trading higher with the broader stock market after the Chinese Minister of Commerce said the leaders of the U.S. and China are set to meet in Washington D.C in early October.,360.78,360.02,-0.2096,neutral,up,0.3835,"[PLACEHOLDER - Ollama unavailable, not a real model explanation] The headline ""Shares of several banks and broader financial companies are trading higher with the broader stock market after the Chinese Minister of Commerce said the leaders of the U.S. and China are set to meet in Washington D.C in early October."" reads as a up signal for the stock, which is consistent with an upward next-day move.",
FNSPID_01628,2019-08-16,BLK,"Shares of several banks are trading higher, rebounding from recent weakness. Trump's announcement of a tariff delay has renewed US-China trade optimism and US markets appear to be rebounding from recession fears caused by a yield curve inversion.",353.48,358.62,1.4543,up,up,0.4172,,
FNSPID_02114,2019-12-26,CI,"Cigna Option Alert: Jan, 2021 $300 Calls at the Ask: 900 @ $2.831 vs 398 OI; Earnings 1/31 Before Open [est] Ref=$204.5",184.84,184.5,-0.1859,neutral,up,0.4181,,
FNSPID_02115,2019-12-20,CI,Stocks That Hit 52-Week Highs On Friday,185.03,186.73,0.9189,neutral,up,0.36,,
FNSPID_02116,2019-12-20,CI,"Cigna shares are trading higher after the company's Express Scripts subsidiary entered a PBM deal with Prime Therapeutics. JP Morgan also raised the PT to $282 and issued bullish 2020 outlook on the space, citing 'diminishing political overhang.'",185.03,186.73,0.9189,neutral,up,0.3958,,
FNSPID_02117,2019-12-20,CI,"JP Morgan Maintains Overweight on Cigna, Raises Price Target to $282",185.03,186.73,0.9189,neutral,up,0.3759,,
FNSPID_02118,2019-12-19,CI,"Deutsche Bank Maintains Buy on Cigna, Raises Price Target to $229",179.72,185.03,2.9539,up,up,0.375,"[PLACEHOLDER - Ollama unavailable, not a real model explanation] The headline ""Deutsche Bank Maintains Buy on Cigna, Raises Price Target to $229"" reads as a up signal for the stock, which is consistent with an upward next-day move.",
FNSPID_02119,2019-12-18,CI,Cigna shares are trading higher after the company announced the sale of its group life and disability insurance business to New York Life for $6.3 billion. The company also raised its buyback authorization to $4 billion.,179.25,179.72,0.2624,neutral,up,0.4079,"[PLACEHOLDER - Ollama unavailable, not a real model explanation] The headline ""Cigna shares are trading higher after the company announced the sale of its group life and disability insurance business to New York Life for $6.3 billion. The company also raised its buyback authorization to $4 billion."" reads as a up signal for the stock, which is consistent with an upward next-day move.",
FNSPID_02120,2019-12-18,CI,Cigna Raises Buyback Authority To $4B,179.25,179.72,0.2624,neutral,up,0.3632,,
FNSPID_02121,2019-12-18,CI,Cigna To Sell Group Life And Disability Insurance Business To New York Life For $6.3B,179.25,179.72,0.2624,neutral,neutral,0.3728,,
FNSPID_02122,2019-12-17,CI,This ETF Has A Clean Bill Of Health For Now,175.02,179.25,2.4183,up,neutral,0.3959,,
FNSPID_02123,2019-12-16,CI,Shares of healthcare companies are trading higher on reports suggesting Congress will permanently repeal three major Obamacare-related health industry taxes as part of fiscal 2020 spending bills.,176.48,175.02,-0.8251,neutral,up,0.3923,,
FNSPID_02124,2019-12-11,CI,"Benzinga's Top Upgrades, Downgrades For December 11, 2019",173.42,175.06,0.9439,neutral,up,0.3876,,
FNSPID_02125,2019-12-11,CI,"Wells Fargo Downgrades Cigna to Underweight, Announces $181 Price Target",173.42,175.06,0.9439,neutral,up,0.3665,,
FNSPID_02126,2019-12-10,CI,UPDATE: Baird's Coldwell Also Attributes Weakness In Pharmacy Services To A Hodgepodge Of Other/Less Impactful Items Such As:,173.38,173.42,0.0209,neutral,up,0.3691,"[PLACEHOLDER - Ollama unavailable, not a real model explanation] The headline ""UPDATE: Baird's Coldwell Also Attributes Weakness In Pharmacy Services To A Hodgepodge Of Other/Less Impactful Items Such As:"" reads as a up signal for the stock, which is consistent with an upward next-day move.",
FNSPID_02127,2019-12-10,CI,"Baird Research Analyst, Eric Coldwell, Attributes Weakness In Pharmacy Services To Blue Cross Blue Shield Integrating Amazon PillPack Into MyBlue Customer App News And The Lower Healthcare Act Of 2019",173.38,173.42,0.0209,neutral,down,0.3593,,
FNSPID_02128,2019-12-10,CI,"MetLife, Sun Life Had Also Been Vying For Cigna Business",173.38,173.42,0.0209,neutral,neutral,0.4153,,
FNSPID_02129,2019-12-10,CI,"New York Life In Talks To Buy Cigna's Nonhealth Benefits Unit; Deal Could Be Valued At $6B, Could Be Reached By Year End",173.38,173.42,0.0209,neutral,up,0.3743,,
FNSPID_02130,2019-12-10,CI,Cigna shares are trading lower. Not seeing any news to justify the price action.,173.38,173.42,0.0209,neutral,up,0.3834,"[PLACEHOLDER - Ollama unavailable, not a real model explanation] The headline ""Cigna shares are trading lower. Not seeing any news to justify the price action."" reads as a up signal for the stock, which is consistent with an upward next-day move.",
FNSPID_02131,2019-12-02,CI,Shares of several healthcare stocks are trading lower as US equities dip following escalating US-China tensions over Hong Kong. US Stocks further fell on worse-than-expected manufacturing data.,178.11,176.66,-0.8175,neutral,up,0.4019,,
FNSPID_02132,2019-11-22,CI,"Morgan Stanley Maintains Overweight on Cigna, Raises Price Target to $228",182.55,184.38,1.0007,up,up,0.3668,,
FNSPID_02133,2019-11-21,CI,Cigna Reaffirms FY19 Adj. Net Income Guidance $6.38B-$6.46B,181.98,182.55,0.3181,neutral,up,0.4246,"[PLACEHOLDER - Ollama unavailable, not a real model explanation] The headline ""Cigna Reaffirms FY19 Adj. Net Income Guidance $6.38B-$6.46B"" reads as a up signal for the stock, which is consistent with an upward next-day move.",
FNSPID_02134,2019-11-18,CI,"SunTrust Robinson Humphrey Maintains Buy on Cigna, Raises Price Target to $250",179.42,180.9,0.8267,neutral,up,0.3628,,
FNSPID_02135,2019-11-15,CI,Shares of several healthcare companies are trading higher after President Trump discussed transparency around pricing & processing in the healthcare industry,177.27,179.42,1.2091,up,up,0.39,,
FNSPID_02136,2019-11-06,CI,10 Biggest Price Target Changes For Wednesday,165.62,167.62,1.2068,up,neutral,0.3499,,
FNSPID_02137,2019-11-06,CI,"Mizuho Maintains Buy on Cigna, Raises Price Target to $205",165.62,167.62,1.2068,up,up,0.3678,,
FNSPID_02138,2019-11-05,CI,"UBS Maintains Buy on Cigna, Raises Price Target to $222",164.47,165.62,0.7039,neutral,up,0.3794,"[PLACEHOLDER - Ollama unavailable, not a real model explanation] The headline ""UBS Maintains Buy on Cigna, Raises Price Target to $222"" reads as a up signal for the stock, which is consistent with an upward next-day move.",
FNSPID_02139,2019-11-05,CI,"Citigroup Maintains Buy on Cigna, Raises Price Target to $221",164.47,165.62,0.7039,neutral,up,0.3666,,
FNSPID_02140,2019-11-01,CI,Cigna shares are trading higher after the company reported better-than-expected Q3 EPS and sales results. The company also raised FY19 EPS guidance.,162.35,165.62,2.011,up,up,0.405,,
FNSPID_02141,2019-11-01,CI,"Deutsche Bank Maintains Buy on Cigna, Raises Price Target to $210",162.35,165.62,2.011,up,up,0.3755,,
FNSPID_02142,2019-10-31,CI,Cigna Expects In 2020 To Grow Earnings 10% To 13% Over 2019,161.4,162.35,0.5883,neutral,up,0.4685,,
FNSPID_02143,2019-10-31,CI,Cigna Says On Track To Deliver 2021 EPS Target Of $20 To $21 Per Share And Cash Flow From Operations Of At Least $8.5B,161.4,162.35,0.5883,neutral,up,0.3913,,
FNSPID_02144,2019-10-31,CI,"9 Stocks To Watch For October 31, 2019",161.4,162.35,0.5883,neutral,up,0.4205,,
FNSPID_02145,2019-10-31,CI,"Earnings Scheduled For October 31, 2019",161.4,162.35,0.5883,neutral,down,0.4449,,
FNSPID_02146,2019-10-31,CI,Cigna Raises FY19 Adj. EPS Guidance From $16.60-$16.90 To $16.80-$17 vs $16.80 Estimate,161.4,162.35,0.5883,neutral,up,0.4103,,
FNSPID_02147,2019-10-31,CI,"Cigna Q3 Adj. EPS $4.54 Beats $4.36 Estimate, Sales $38.556B Beat $34.2B Estimate",161.4,162.35,0.5883,neutral,up,0.4341,,
FNSPID_02148,2019-10-28,CI,More Earnings And A Fed Decision In Week Four Of The WeTrader Competition,158.08,160.97,1.8251,up,up,0.3546,,
FNSPID_02149,2019-10-22,CI,Cigna shares are trading higher. Not seeing any news to justify the price action.,154.09,156.38,1.4849,up,up,0.4023,,
FNSPID_02150,2019-10-18,CI,Mizuho Starts Bullish Coverage On Health Insurance Stocks,150.93,150.8,-0.0839,neutral,neutral,0.3608,,
FNSPID_02151,2019-10-18,CI,"UPDATE: Mizuho On Cigna Also Notes 'In the near-term, we think earnings will be a catalyst to drive multiple expansion if CI meets its guidance for Express Scripts'",150.93,150.8,-0.0839,neutral,up,0.4397,,
FNSPID_02152,2019-10-18,CI,"UPDATE: Mizhuo Initiates Cigna With Buy, $180 Target As Firm Thinks 'Cigna and Express Scripts combined create revenue synergies that support the company's 2021 adjusted EPS outlook of $21.00-22.00 and the long-term EPS CAGR of +10-13%'",150.93,150.8,-0.0839,neutral,up,0.4302,,
FNSPID_02153,2019-10-18,CI,"Benzinga's Top Upgrades, Downgrades For October 18, 2019",150.93,150.8,-0.0839,neutral,up,0.389,,
FNSPID_02154,2019-10-18,CI,"Mizuho Initiates Coverage On Cigna with Buy Rating, Announces $180 Price Target",150.93,150.8,-0.0839,neutral,up,0.3649,"[PLACEHOLDER - Ollama unavailable, not a real model explanation] The headline ""Mizuho Initiates Coverage On Cigna with Buy Rating, Announces $180 Price Target"" reads as a up signal for the stock, which is consistent with an upward next-day move.",
FNSPID_02155,2019-10-15,CI,Shares of several healthcare provider companies are trading higher in sympathy with UnitedHealth Group after the company reported better-than-expected Q3 earnings results.,144.85,146.03,0.818,neutral,up,0.3954,,
FNSPID_02156,2019-10-11,CI,Shares of several healthcare companies are trading higher after President Trump made positive remarks on the U.S.-China trade talks as traders grew more optimistic over the possibility of a limited trade deal. Trump is scheduled to meet with Chinese Vice Premier Liu He at the White House today.,137.83,137.09,-0.538,neutral,up,0.3821,,
FNSPID_02157,2019-10-01,CI,Cigna Announces Medicare Advantage Expansion To Additional STates And Counties,136.05,134.97,-0.791,neutral,neutral,0.3841,,
FNSPID_02158,2019-09-30,CI,"UPDATE: BMO Upgrades Cigna To Outperform, Reiterates $188 Target 'reflecting our new ratings bias toward lower valuation as well as business mix that we think represents a better 'hedge' against political and health policy uncertainty'",137.28,136.05,-0.896,neutral,up,0.4361,,
FNSPID_02159,2019-09-30,CI,"Benzinga's Top Upgrades, Downgrades For September 30, 2019",137.28,136.05,-0.896,neutral,up,0.3877,,
FNSPID_02160,2019-09-30,CI,A Peek Into The Markets: US Stock Futures Up; Crude Oil Falls Over 1%,137.28,136.05,-0.896,neutral,up,0.3961,"[PLACEHOLDER - Ollama unavailable, not a real model explanation] The headline ""A Peek Into The Markets: US Stock Futures Up; Crude Oil Falls Over 1%"" reads as a up signal for the stock, which is consistent with an upward next-day move.",
FNSPID_02161,2019-09-30,CI,BMO Capital Upgrades Cigna to Outperform,137.28,136.05,-0.896,neutral,up,0.3739,"[PLACEHOLDER - Ollama unavailable, not a real model explanation] The headline ""BMO Capital Upgrades Cigna to Outperform"" reads as a up signal for the stock, which is consistent with an upward next-day move.",
FNSPID_02162,2019-09-26,CI,"Shares of several healthcare companies are trading lower, potentially on recent Democratic primary polls showing Senator Elizabeth Warren in the lead.",135.47,135.19,-0.207,neutral,down,0.3906,,
FNSPID_02163,2019-09-26,CI,"Cigna shares are trading lower after the company announced to exchange any and all of certain outstanding notes issued by Cigna Holding Company, Express Scripts Holding Company and Medco Health Solutions for new senior notes to be issued by Cigna and cash.",135.47,135.19,-0.207,neutral,up,0.3722,,
FNSPID_02164,2019-09-26,CI,"Morgan Stanley Maintains Overweight on Cigna, Raises Price Target to $208",135.47,135.19,-0.207,neutral,up,0.3672,,
FNSPID_02165,2019-09-26,CI,"Cigna Highlights Exchange Offer, Consent Solicitations For Senior Notes Of Cigna, Express Scripts, Medco Health",135.47,135.19,-0.207,neutral,up,0.367,,
FNSPID_02166,2019-09-24,CI,"Shares of health insurance companies are trading lower. Recent polls showed Medicare for-all-supporting candidate Elizabeth Warren taking a lead over Biden, which is viewed as a negative for private health insurers.",142.81,140.38,-1.7035,down,down,0.3683,,
FNSPID_02167,2019-09-19,CI,Cigna shares are trading higher on continued momentum after the company reported the expansion of its individual health care exchange offerings to 19 new markets across 10 states.,148.96,145.95,-2.0217,down,up,0.4382,,
FNSPID_02168,2019-09-18,CI,Cigna Reports Expansion Of Its Individual Health Care Exchange Offerings To 19 New Markets Across 10 States,145.1,148.96,2.6614,up,up,0.3725,"[PLACEHOLDER - Ollama unavailable, not a real model explanation] The headline ""Cigna Reports Expansion Of Its Individual Health Care Exchange Offerings To 19 New Markets Across 10 States"" reads as a up signal for the stock, which is consistent with an upward next-day move.",
FNSPID_02169,2019-09-17,CI,"Cigna shares trading lower, leading stocks in the healthcare provider space down. Today is the fifth day in a row the stock price failed to break above a resistance area around $165. Not seeing company- or industry-specific news to justify the move lower.",146.06,145.1,-0.6563,neutral,up,0.3703,"[PLACEHOLDER - Ollama unavailable, not a real model explanation] The headline ""Cigna shares trading lower, leading stocks in the healthcare provider space down. Today is the fifth day in a row the stock price failed to break above a resistance area around $165. Not seeing company- or industry-specific news to justify the move lower."" reads as a up signal for the stock, which is consistent with an upward next-day move.",
FNSPID_02170,2019-09-16,CI,Cigna shares are trading higher. Not seeing any news to justify the price action.,149.68,146.06,-2.4169,down,up,0.4023,,
FNSPID_02171,2019-09-12,CI,"Benzinga's Top Upgrades, Downgrades For September 12, 2019",143.78,145.47,1.1762,up,up,0.3869,,
FNSPID_02172,2019-09-12,CI,"Deutsche Bank Initiates Coverage On Cigna with Buy Rating, Announces $207 Price Target",143.78,145.47,1.1762,up,up,0.3663,,
FNSPID_02173,2019-09-11,CI,Cigna shares are trading lower as traders potentially took profits after the stock rose about 10% in the last 3 sessions.,146.41,143.78,-1.7975,down,up,0.3899,,
FNSPID_02174,2019-09-10,CI,"Cigna shares trading higher, leading most healthcare stocks higher. Not seeing company-specific news to justify the move higher. The stock is up about 10% over the last 3 sessions.",149.22,146.41,-1.8789,down,up,0.4258,,
FNSPID_02175,2019-09-09,CI,Cigna shares are trading higher. Not currently seeing any company-specific news to justify price action. BMO analysts said ESRX merger integration is 'starting to diminish' and that management believes ESRX has 'pivoted to earnings growth for 2H-2019 and beyond.',146.66,149.22,1.7452,up,up,0.3976,,
FNSPID_02176,2019-09-05,CI,"Cigna, CVS Developing Programs to Help Employers Afford Gene Therapies That Can Cost $2M+",136.57,139.1,1.8543,up,up,0.3627,"[PLACEHOLDER - Ollama unavailable, not a real model explanation] The headline ""Cigna, CVS Developing Programs to Help Employers Afford Gene Therapies That Can Cost $2M+"" reads as a up signal for the stock, which is consistent with an upward next-day move.",
FNSPID_02177,2019-08-27,CI,"Shares of several healthcare companies are trading lower after the Johnson & Johnson opioid crisis ruling. It is seen as an ominous sign for things to come for the whole sector as there are still 2,000 more lawsuits awaiting.",132.29,133.35,0.8067,neutral,down,0.3571,"[PLACEHOLDER - Ollama unavailable, not a real model explanation] The headline ""Shares of several healthcare companies are trading lower after the Johnson & Johnson opioid crisis ruling. It is seen as an ominous sign for things to come for the whole sector as there are still 2,000 more lawsuits awaiting."" reads as a down signal for the stock, which is consistent with a downward next-day move.",
FNSPID_02178,2019-08-22,CI,Cigna shares are trading lower on seemingly no company-specific news.,140.89,138.65,-1.592,down,up,0.384,,
FNSPID_02179,2019-08-20,CI,Cigna Corp Explores Sale Of Its Group Benefits Insurance Business,145.75,146.82,0.7384,neutral,neutral,0.3619,,
FNSPID_02180,2019-08-19,CI,Shares of several healthcare companies are trading higher as optimism increased for a resolution to the US-China trade war.,147.4,145.75,-1.1229,down,up,0.4115,,
FNSPID_02181,2019-08-16,CI,"Shares of healthcare companies are trading higher as US markets rebound from recent weakness following a yield curve inversion, which caused recession fears. Trump also recently announced the US would delay China tariffs, renewing hopes of a trade deal.",145.83,147.4,1.0791,up,up,0.3925,,
FNSPID_02182,2019-08-16,CI,Shares of several Brazilian companies are trading higher on renewed optimism surrounding US-China trade talks after President Trump announced earlier in the week that he would delay additional tariffs on Chinese goods until December.,145.83,147.4,1.0791,up,up,0.4314,"[PLACEHOLDER - Ollama unavailable, not a real model explanation] The headline ""Shares of several Brazilian companies are trading higher on renewed optimism surrounding US-China trade talks after President Trump announced earlier in the week that he would delay additional tariffs on Chinese goods until December."" reads as a up signal for the stock, which is consistent with an upward next-day move.",
FNSPID_02591,2019-12-31,CSX,2019 Rocks The Railroads,22.11,22.37,1.1471,up,neutral,0.3813,,
FNSPID_02592,2019-12-24,CSX,Today's Pickup: Diesel Laptops Debuts Free Parts Lookup Tool; The Cost Of Cybercrime,22.3,22.27,-0.1507,neutral,neutral,0.3982,,
FNSPID_02593,2019-12-23,CSX,Experts Predict More Short Line Railroad Mergers And Acquisitions,22.22,22.3,0.3575,neutral,neutral,0.4167,"[PLACEHOLDER - Ollama unavailable, not a real model explanation] The headline ""Experts Predict More Short Line Railroad Mergers And Acquisitions"" reads as a neutral signal for the stock, which is consistent with little or no next-day move.",
FNSPID_02594,2019-12-20,CSX,CSX And Virginia To Create Separate Freight And Passenger Rail Routes,22.36,22.22,-0.6286,neutral,neutral,0.4276,"[PLACEHOLDER - Ollama unavailable, not a real model explanation] The headline ""CSX And Virginia To Create Separate Freight And Passenger Rail Routes"" reads as a neutral signal for the stock, which is consistent with little or no next-day move.",
FNSPID_02595,2019-12-17,CSX,Pennsylvania Provides More Than $40 Million For Freight Rail Projects,22.03,22.29,1.1651,up,neutral,0.4114,,
FNSPID_02596,2019-12-16,CSX,STB Chief Predicts Legal Challenges To Railroad Rate Reform,22.25,22.03,-0.9479,neutral,up,0.3779,,
FNSPID_02597,2019-12-10,CSX,"Benzinga's Top Upgrades, Downgrades For December 10, 2019",21.51,21.92,1.8892,up,up,0.3879,,
FNSPID_02598,2019-12-10,CSX,Henderson Bypass In Kentucky Receives CSX Select Site Designation,21.51,21.92,1.8892,up,neutral,0.4009,,
FNSPID_02599,2019-12-10,CSX,10 Biggest Price Target Changes For Tuesday,21.51,21.92,1.8892,up,up,0.3518,,
FNSPID_02600,2019-12-10,CSX,"Citigroup Downgrades CSX to Neutral, Lowers Price Target to $75",21.51,21.92,1.8892,up,up,0.3703,,
FNSPID_02601,2019-12-06,CSX,Maryland Secures Funding For Double Stacking At Baltimore Tunnel,21.78,21.52,-1.2067,down,neutral,0.3488,,
FNSPID_02602,2019-12-05,CSX,North American Railroads Chart The Course For 2020,21.59,21.78,0.8776,neutral,neutral,0.4147,,
FNSPID_02603,2019-12-03,CSX,CSX Sees 'Soft Business Environment' Continuing Into 2020,21.3,21.53,1.0615,up,up,0.3854,,
FNSPID_02604,2019-11-25,CSX,Freight Rail Seeks Ways To Stay Afloat Amid Sinking Rail Volumes,21.87,21.92,0.2229,neutral,neutral,0.3886,,
FNSPID_02605,2019-11-25,CSX,"Nutrien Says 'Any Further Disruption' From Rail Strike 'Will Be Harmful To Our Business, The Canadian Economy'",21.87,21.92,0.2229,neutral,up,0.3593,,
FNSPID_02606,2019-11-21,CSX,"Canadian Ag Minister Says Gov't. Taking Canadian National Rail Strike Very Seriously, Sees Negotiated Deal As Still The Best Outcome",21.14,21.48,1.5994,up,up,0.3683,,
FNSPID_02607,2019-11-20,CSX,US Rail Volumes Slump In Flat Peak Season,21.19,21.14,-0.23,neutral,up,0.3948,,
FNSPID_02608,2019-11-12,CSX,"Benzinga's Top Upgrades, Downgrades For November 12, 2019",22.16,21.92,-1.0997,down,up,0.3896,"[PLACEHOLDER - Ollama unavailable, not a real model explanation] The headline ""Benzinga's Top Upgrades, Downgrades For November 12, 2019"" reads as a up signal for the stock, which is consistent with an upward next-day move.",
FNSPID_02609,2019-11-12,CSX,Deutsche Bank Downgrades CSX to Hold,22.16,21.92,-1.0997,down,up,0.3689,,
FNSPID_02610,2019-11-04,CSX,CSX Option Alert: Fri $74 Calls Sweep (22) near the Ask: 1206 @ $0.25 vs 40 OI; Ref=$73.203,22.38,22.5,0.5306,neutral,up,0.4199,,
FNSPID_02611,2019-11-01,CSX,Commentary: The Good And Bad Of Precision Scheduled Railroading,22.01,22.38,1.6882,up,neutral,0.4094,"[PLACEHOLDER - Ollama unavailable, not a real model explanation] The headline ""Commentary: The Good And Bad Of Precision Scheduled Railroading"" reads as a neutral signal for the stock, which is consistent with little or no next-day move.",
FNSPID_02612,2019-10-31,CSX,US Rail Volumes Still Sluggish,21.4,22.01,2.8462,up,up,0.3794,,
FNSPID_02613,2019-10-29,CSX,Commentary: Before CN Or CSX Tried PSR…,21.57,21.64,0.3106,neutral,neutral,0.3788,,
FNSPID_02614,2019-10-29,CSX,"Wells Fargo Initiates Coverage On CSX with Market Perform Rating, Announces $73 Price Target",21.57,21.64,0.3106,neutral,up,0.3715,,
FNSPID_02615,2019-10-22,CSX,Commentary: CSX Offers The First Trip Compliance Reporting,22.02,22.01,-0.0415,neutral,neutral,0.3741,,
FNSPID_02616,2019-10-21,CSX,"CSX shares are trading higher, not seeing any company-specific news to justify price action. NOTE: US markets as a whole are trading higher today on renewed China trade optimism.",21.55,22.02,2.1767,up,up,0.4435,,
FNSPID_02617,2019-10-18,CSX,13 Industrials Stocks Moving In Friday's Pre-Market Session,20.92,21.55,3.029,up,up,0.4316,,
FNSPID_02618,2019-10-18,CSX,CSX shares are trading lower following news the company agreed to purchase about 4.7 million shares of common stock from Mantle Ridge.,20.92,21.55,3.029,up,up,0.395,,
FNSPID_02619,2019-10-17,CSX,CSX Agrees To Purchase About 4.7M Shares Of Common Stock From Mantle Ridge,21.25,20.92,-1.5907,down,neutral,0.3688,"[PLACEHOLDER - Ollama unavailable, not a real model explanation] The headline ""CSX Agrees To Purchase About 4.7M Shares Of Common Stock From Mantle Ridge"" reads as a neutral signal for the stock, which is consistent with little or no next-day move.",
FNSPID_02620,2019-10-17,CSX,US Rail Volumes Still Falling,21.25,20.92,-1.5907,down,up,0.3815,,
FNSPID_02621,2019-10-17,CSX,32 Stocks Moving In Thursday's Mid-Day Session,21.25,20.92,-1.5907,down,up,0.4408,,
FNSPID_02622,2019-10-17,CSX,CSX shares are trading higher after the company reported better-than-expected Q3 EPS results.,21.25,20.92,-1.5907,down,up,0.4067,,
FNSPID_02623,2019-10-17,CSX,"Bank of America Maintains Buy on CSX, Lowers Price Target to $80",21.25,20.92,-1.5907,down,up,0.3707,,
FNSPID_02624,2019-10-17,CSX,"Credit Suisse Maintains Outperform on CSX, Raises Price Target to $82",21.25,20.92,-1.5907,down,up,0.3678,,
FNSPID_02625,2019-10-17,CSX,"Raymond James Maintains Outperform on CSX, Lowers Price Target to $80",21.25,20.92,-1.5907,down,up,0.3644,,
FNSPID_02626,2019-10-17,CSX,"TD Securities Maintains Hold on CSX, Raises Price Target to $77",21.25,20.92,-1.5907,down,up,0.3794,,
FNSPID_02627,2019-10-17,CSX,26 Stocks Moving in Thursday's Pre-Market Session,21.25,20.92,-1.5907,down,up,0.449,,
FNSPID_02628,2019-10-17,CSX,A Peek Into The Markets: US Stock Futures Up Ahead Of Morgan Stanley Earnings,21.25,20.92,-1.5907,down,up,0.3833,,
FNSPID_02629,2019-10-17,CSX,"10 Stocks To Watch For October 17, 2019",21.25,20.92,-1.5907,down,up,0.4005,"[PLACEHOLDER - Ollama unavailable, not a real model explanation] The headline ""10 Stocks To Watch For October 17, 2019"" reads as a up signal for the stock, which is consistent with an upward next-day move.",
FNSPID_02630,2019-10-16,CSX,CSX Improves Operating Ratio In The Third Quarter,21.02,21.25,1.1304,up,up,0.3972,,
FNSPID_02631,2019-10-16,CSX,CSX shares are trading higher after the company reported better-than-expected Q3 EPS results.,21.02,21.25,1.1304,up,up,0.4067,,
FNSPID_02632,2019-10-16,CSX,"CSX Q3 EPS $1.08 Beats $1.02 Estimate, Sales $2.98B Miss $2.99B Estimate",21.02,21.25,1.1304,up,up,0.4375,,
FNSPID_02633,2019-10-16,CSX,"Earnings Scheduled For October 16, 2019",21.02,21.25,1.1304,up,down,0.4411,,
FNSPID_02634,2019-10-14,CSX,Goldman Sachs Cuts 2020 Transports Earnings Estimates On Industrial Weakness,20.88,21.07,0.8897,neutral,up,0.3712,,
FNSPID_02635,2019-10-14,CSX,"Earnings, Econ Numbers And The Beige Book Pepper The Second Round of The WeTrader Competition",20.88,21.07,0.8897,neutral,neutral,0.351,,
FNSPID_02636,2019-10-11,CSX,Shares of several industrial companies are trading higher after President Trump made positive remarks on the U.S.-China trade talks as traders grew more optimistic over the possibility of a limited trade deal. Trump is scheduled to meet with Chinese Vice Premier Liu He at the White House today.,21.03,20.88,-0.7096,neutral,up,0.382,,
FNSPID_02637,2019-10-10,CSX,Can Precision Scheduled Railroading Save The Railroads' Third-Quarter Profits?,20.39,21.03,3.1521,up,neutral,0.4311,"[PLACEHOLDER - Ollama unavailable, not a real model explanation] The headline ""Can Precision Scheduled Railroading Save The Railroads' Third-Quarter Profits?"" reads as a neutral signal for the stock, which is consistent with little or no next-day move.",
FNSPID_02638,2019-10-09,CSX,Week 40 Picks Up Where Third Quarter Left Off,20.17,20.39,1.0873,up,neutral,0.3809,"[PLACEHOLDER - Ollama unavailable, not a real model explanation] The headline ""Week 40 Picks Up Where Third Quarter Left Off"" reads as a neutral signal for the stock, which is consistent with little or no next-day move.",
FNSPID_02639,2019-10-09,CSX,Port Report: Resin Exports To Grow With New Charleston Warehouse,20.17,20.39,1.0873,up,up,0.3957,,
FNSPID_02640,2019-10-09,CSX,CSX And Union Pacific Make Changes To Sales And Marketing Teams,20.17,20.39,1.0873,up,neutral,0.4053,"[PLACEHOLDER - Ollama unavailable, not a real model explanation] The headline ""CSX And Union Pacific Make Changes To Sales And Marketing Teams"" reads as a neutral signal for the stock, which is consistent with little or no next-day move.",
FNSPID_02641,2019-10-08,CSX,Commentary: CSX Beta Test Trip Plans Score Card Introduced,20.06,20.17,0.5466,neutral,neutral,0.3677,"[PLACEHOLDER - Ollama unavailable, not a real model explanation] The headline ""Commentary: CSX Beta Test Trip Plans Score Card Introduced"" reads as a neutral signal for the stock, which is consistent with little or no next-day move.",
FNSPID_02642,2019-10-08,CSX,US Freight Railroads File Lawsuit Against Rail Workers' Union Over Train Crew Size,20.06,20.17,0.5466,neutral,up,0.354,,
FNSPID_02643,2019-10-07,CSX,"Intermodal Freight Continues Shift To East Coast, Benefiting Trucking",20.34,20.06,-1.3924,down,up,0.3884,,
FNSPID_02644,2019-10-07,CSX,"Morgan Stanley Maintains Underweight on CSX, Lowers Price Target to $55",20.34,20.06,-1.3924,down,up,0.374,,
FNSPID_02645,2019-10-04,CSX,"Benzinga's Top Upgrades, Downgrades For October 4, 2019",20.32,20.34,0.1199,neutral,up,0.3881,,
FNSPID_02646,2019-10-04,CSX,10 Biggest Price Target Changes For Friday,20.32,20.34,0.1199,neutral,up,0.3534,,
FNSPID_02647,2019-10-04,CSX,A Peek Into The Markets: US Stock Futures Fall; All Eyes On Jobs Data,20.32,20.34,0.1199,neutral,up,0.3767,"[PLACEHOLDER - Ollama unavailable, not a real model explanation] The headline ""A Peek Into The Markets: US Stock Futures Fall; All Eyes On Jobs Data"" reads as a up signal for the stock, which is consistent with an upward next-day move.",
FNSPID_02648,2019-10-04,CSX,"JP Morgan Downgrades CSX to Neutral, Lowers Price Target to $76",20.32,20.34,0.1199,neutral,up,0.371,"[PLACEHOLDER - Ollama unavailable, not a real model explanation] The headline ""JP Morgan Downgrades CSX to Neutral, Lowers Price Target to $76"" reads as a up signal for the stock, which is consistent with an upward next-day move.",
FNSPID_02649,2019-10-03,CSX,CSX Installs New Leadership,20.4,20.32,-0.3733,neutral,neutral,0.386,,
FNSPID_02650,2019-10-03,CSX,Shippers Hammer Railroads With Lawsuits Over Fuel Surcharges,20.4,20.32,-0.3733,neutral,neutral,0.3633,,
FNSPID_02651,2019-10-02,CSX,Surface Transportation Board Issues Two Proposed Rule-makings,20.19,20.4,1.0412,up,neutral,0.4,,
FNSPID_02652,2019-10-01,CSX,Tech Thriller Author And Hunter Harrison Biographer Are Speakers At FreightWaves LIVE Chicago,20.41,20.19,-1.1191,down,neutral,0.4227,,
FNSPID_02653,2019-10-01,CSX,"Shares of railroad companies are trading lower as US markets fall following weak PMI data. Railroad and transportation stocks can be tied to growth and output and weak data can cause growth concerns, weighing negatively on the sector.",20.41,20.19,-1.1191,down,up,0.3945,,
FNSPID_02654,2019-09-24,CSX,Deutsche Bank Turns Bullish On Transports For 2020,20.9,20.98,0.3497,neutral,up,0.369,"[PLACEHOLDER - Ollama unavailable, not a real model explanation] The headline ""Deutsche Bank Turns Bullish On Transports For 2020"" reads as a up signal for the stock, which is consistent with an upward next-day move.",
FNSPID_02655,2019-09-24,CSX,Norfolk Southern Taps Mongeau For Board Seat,20.9,20.98,0.3497,neutral,neutral,0.3801,"[PLACEHOLDER - Ollama unavailable, not a real model explanation] The headline ""Norfolk Southern Taps Mongeau For Board Seat"" reads as a neutral signal for the stock, which is consistent with little or no next-day move.",
FNSPID_02656,2019-09-20,CSX,CSX shares are trading lower. Not seeing any news to justify the price action.,20.9,20.97,0.3498,neutral,up,0.3972,,
FNSPID_02657,2019-09-19,CSX,"PSR Changes Largely Done, Railroads Make Intermodal Pitch",21.56,20.9,-3.0654,down,neutral,0.4106,,
FNSPID_02658,2019-09-18,CSX,Shippers To Benefit From Savannah If Roads Can Keep Up,21.67,21.56,-0.506,neutral,neutral,0.3633,,
FNSPID_02659,2019-09-17,CSX,"UBS Maintains Neutral on CSX, Lowers Price Target to $75",21.68,21.67,-0.0421,neutral,up,0.3795,,
FNSPID_02660,2019-09-14,CSX,"Barron's Picks And Pans: Apple, CSX, Tapestry, Total, Viacom And More",22.05,21.68,-1.6715,down,neutral,0.3611,,
FNSPID_02661,2019-09-13,CSX,"Precision Railroading Is OK So Far, But There Are Lots Of Concerns: FTR Panelists",22.07,22.05,-0.1104,neutral,neutral,0.357,,
FNSPID_02662,2019-09-12,CSX,CSX Chief Outlines Company's Changing Mindset As E-Commerce Grows,21.79,22.07,1.2858,up,up,0.3604,,
FNSPID_02663,2019-09-12,CSX,US Rail Volumes Still Sluggish,21.79,22.07,1.2858,up,up,0.3794,,
FNSPID_02664,2019-09-11,CSX,UPDATE: CSX Sees 'A Little More Softness' Than Expected In 2H'19 In Coal Unit,21.62,21.79,0.8172,neutral,up,0.4121,,
FNSPID_02665,2019-09-11,CSX,CSX Shares Fall 1.3% Midday Amid Report Co. Seeing Softness In Its Coal Unit,21.62,21.79,0.8172,neutral,up,0.4181,,
FNSPID_02666,2019-09-10,CSX,Surface Transportation Board: 3 Class I Railroads Have Sufficient Returns For Capital Improvements,21.53,21.62,0.3961,neutral,up,0.3617,,
FNSPID_02667,2019-09-06,CSX,"Dorian Expected To Cause Delays For CSX, Norfolk Southern",20.57,21.03,2.266,up,neutral,0.3774,,
FNSPID_02668,2019-09-06,CSX,US Railroads Could Face Billions In Losses As Coal Demand Slumps,20.57,21.03,2.266,up,neutral,0.3373,,
FNSPID_02669,2019-09-04,CSX,"J.B. Hunt Provides Some Optimism, Less Doom At Investor Conference",20.56,20.73,0.8297,neutral,up,0.3853,,
FNSPID_02670,2019-09-04,CSX,CSX And Norfolk Southern Ready Themselves For Dorian,20.56,20.73,0.8297,neutral,neutral,0.4013,"[PLACEHOLDER - Ollama unavailable, not a real model explanation] The headline ""CSX And Norfolk Southern Ready Themselves For Dorian"" reads as a neutral signal for the stock, which is consistent with little or no next-day move.",
FNSPID_02671,2019-09-04,CSX,Moody's Says US Railroads Face $5B In Revenue Losses By 2030 From Coal's Continued Decline,20.56,20.73,0.8297,neutral,down,0.3958,,
FNSPID_02672,2019-08-30,CSX,Canadian National To Buy 220-Mile Line From CSX,20.41,20.21,-0.9997,neutral,up,0.3755,,
FNSPID_02673,2019-08-29,CSX,"Greenbrier, CSX And Norfolk Southern Announce Executive Appointments",20.26,20.41,0.7668,neutral,neutral,0.3712,,
FNSPID_02674,2019-08-28,CSX,OmniTRAX Acquires Shortline Railroad Assets In Northern Ohio,19.84,20.26,2.0875,up,neutral,0.3588,"[PLACEHOLDER - Ollama unavailable, not a real model explanation] The headline ""OmniTRAX Acquires Shortline Railroad Assets In Northern Ohio"" reads as a neutral signal for the stock, which is consistent with little or no next-day move.",
FNSPID_02675,2019-08-27,CSX,Commentary: Is Intermodal Rail Stalling?,19.55,19.84,1.5215,up,neutral,0.4018,,
FNSPID_02676,2019-08-20,CSX,Employee Levels At U.S. Class I Rail Operations Drop,19.66,19.83,0.8489,neutral,neutral,0.3414,,
FNSPID_02677,2019-08-20,CSX,Court Rejects Rail Shippers Class Formation Request; Senators Press For Rail Reform,19.66,19.83,0.8489,neutral,neutral,0.3717,,
FNSPID_03123,2019-12-24,EA,"TurnerSports ELeague To Run Clash Royale League Highlights, FIFA Ultimate Team Tourneys",105.34,105.3,-0.0368,neutral,neutral,0.3707,,
FNSPID_03124,2019-12-19,EA,"NCAA's Emmert Open To Return Of College Football Video Games, But With Several (Difficult) Conditions",104.17,104.76,0.5683,neutral,neutral,0.3603,,
FNSPID_03125,2019-12-17,EA,"$3M 'Apex Legends Global Series' To Start Next Month, Feature 12 Live Events",102.63,103.92,1.2577,up,neutral,0.4068,,
FNSPID_03126,2019-12-17,EA,Apex Legends Global Series Is Comprised Of Online & Live Events For PC Players Who Will Compete For Prize Purse Of More Than $3M,102.63,103.92,1.2577,up,neutral,0.5013,,
FNSPID_03127,2019-12-12,EA,"The Game Festival Will Allow Players To Stream Titles Like 'System Shock,' 'Eastward' For 48 Hours",101.99,101.46,-0.5138,neutral,neutral,0.4566,,
FNSPID_03128,2019-12-10,EA,College Esports: 7 Pioneering Programs In The Collegiate Gaming World,98.83,100.15,1.3354,up,neutral,0.422,,
FNSPID_03129,2019-12-09,EA,7 Stocks Moving In Monday's After-Hours Session,99.02,98.83,-0.1862,neutral,up,0.4358,,
FNSPID_03130,2019-12-09,EA,10 Biggest Price Target Changes For Monday,99.02,98.83,-0.1862,neutral,up,0.351,,
FNSPID_03131,2019-12-09,EA,"SunTrust Robinson Humphrey Maintains Buy on Electronic Arts, Raises Price Target to $113",99.02,98.83,-0.1862,neutral,neutral,0.3535,,
FNSPID_03132,2019-12-06,EA,"EA, Cloudera And More 'Fast Money Halftime Report' Picks From Dec. 6",100.18,99.02,-1.1624,down,neutral,0.3458,,
FNSPID_03133,2019-12-05,EA,Big Surprise? 'Fortnite' Was Most Popular Gaming Topic On Reddit This Year,99.1,100.18,1.0869,up,neutral,0.3738,,
FNSPID_03134,2019-12-03,EA,"What Do Amazon, Victoria's Secret And Bitcoin Have In Common? Giving Tuesday",98.28,97.66,-0.632,neutral,neutral,0.4441,,
FNSPID_03135,2019-12-03,EA,Esports Hits The Big Time: Top 'Counter-Strike' Team Plans Danish IPO,98.28,97.66,-0.632,neutral,neutral,0.3974,,
FNSPID_03136,2019-12-02,EA,Nintendo Switch Was A Black Friday Winner,97.43,98.28,0.8665,neutral,neutral,0.375,,
FNSPID_03137,2019-12-02,EA,"'Fast Money Halftime Report' Traders Give Their Take On JPMorgan, EA And More",97.43,98.28,0.8665,neutral,up,0.3668,,
FNSPID_03138,2019-11-18,EA,Electronic Arts Option Alert: Jan 17 $110 Calls at the Ask: 900 @ $0.6 vs 4504 OI; Ref=$97.755,94.51,93.83,-0.7188,neutral,up,0.4098,"[PLACEHOLDER - Ollama unavailable, not a real model explanation] The headline ""Electronic Arts Option Alert: Jan 17 $110 Calls at the Ask: 900 @ $0.6 vs 4504 OI; Ref=$97.755"" reads as a up signal for the stock, which is consistent with an upward next-day move.",
FNSPID_03139,2019-11-15,EA,"Highlights From The Xbox X019 Show: Project xCloud, 'Everwild' And More",94.66,94.51,-0.1538,neutral,neutral,0.3635,,
FNSPID_03140,2019-11-13,EA,"UBS Maintains Buy on Electronic Arts, Raises Price Target to $122",93.16,94.66,1.6042,up,up,0.3672,"[PLACEHOLDER - Ollama unavailable, not a real model explanation] The headline ""UBS Maintains Buy on Electronic Arts, Raises Price Target to $122"" reads as a up signal for the stock, which is consistent with an upward next-day move.",
FNSPID_03141,2019-11-11,EA,How Video Game Stocks Perform Heading Into The Holiday Shopping Season,93.54,93.48,-0.0623,neutral,neutral,0.357,"[PLACEHOLDER - Ollama unavailable, not a real model explanation] The headline ""How Video Game Stocks Perform Heading Into The Holiday Shopping Season"" reads as a neutral signal for the stock, which is consistent with little or no next-day move.",
FNSPID_03142,2019-10-30,EA,EA's Strong Quarter Overshadowed By 'Battlefield' Pushout,93.86,93.55,-0.3309,neutral,neutral,0.3712,"[PLACEHOLDER - Ollama unavailable, not a real model explanation] The headline ""EA's Strong Quarter Overshadowed By 'Battlefield' Pushout"" reads as a neutral signal for the stock, which is consistent with little or no next-day move.",
FNSPID_03143,2019-10-30,EA,"Nomura Maintains Buy on Electronic Arts, Lowers Price Target to $110",93.86,93.55,-0.3309,neutral,up,0.3521,,
FNSPID_03144,2019-10-30,EA,"Credit Suisse Maintains Outperform on Electronic Arts, Raises Price Target to $118",93.86,93.55,-0.3309,neutral,up,0.355,,
FNSPID_03145,2019-10-30,EA,"Baird Maintains Outperform on Electronic Arts, Lowers Price Target to $108",93.86,93.55,-0.3309,neutral,neutral,0.3496,,
FNSPID_03146,2019-10-30,EA,"UBS Maintains Buy on Electronic Arts, Lowers Price Target to $117",93.86,93.55,-0.3309,neutral,up,0.3647,,
FNSPID_03147,2019-10-30,EA,Video Game ETF Competition Gets Another Entrant With Global X's HERO,93.86,93.55,-0.3309,neutral,neutral,0.3668,,
FNSPID_03148,2019-10-29,EA,From EA Earnings Conference Call: Will Not Ship NBA Live Game In FY20,91.62,93.86,2.4468,up,up,0.3773,"[PLACEHOLDER - Ollama unavailable, not a real model explanation] The headline ""From EA Earnings Conference Call: Will Not Ship NBA Live Game In FY20"" reads as a up signal for the stock, which is consistent with an upward next-day move.",
FNSPID_03149,2019-10-29,EA,Electronic Arts Q2 Adj. EPS $0.97 Beats $0.85 Estimate,91.62,93.86,2.4468,up,up,0.4104,,
FNSPID_03150,2019-10-29,EA,"EA Sees FY20 Sales ~$5.41B, GAAP EPS $9.57 Including $5.74 In Benefits Related To 1-Time Income Tax Benefits",91.62,93.86,2.4468,up,up,0.4061,,
FNSPID_03151,2019-10-29,EA,"Electronic Arts Q2 GAAP EPS $2.89 Does Not Compare To $0.85 Estimate, Net Sales $1.348B, Net Bookings $1.277B Beat $1.25B Estimate",91.62,93.86,2.4468,up,up,0.4265,,
FNSPID_03152,2019-10-29,EA,"NCAA Will Let College Athletes Profit Off Their Name, Likeness",91.62,93.86,2.4468,up,neutral,0.4607,"[PLACEHOLDER - Ollama unavailable, not a real model explanation] The headline ""NCAA Will Let College Athletes Profit Off Their Name, Likeness"" reads as a neutral signal for the stock, which is consistent with little or no next-day move.",
FNSPID_03153,2019-10-29,EA,12 Stocks With The Highest Returns On Assets,91.62,93.86,2.4468,up,up,0.381,,
FNSPID_03154,2019-10-29,EA,"12 Stocks To Watch For October 29, 2019",91.62,93.86,2.4468,up,up,0.4089,,
FNSPID_03155,2019-10-29,EA,"Earnings Scheduled For October 29, 2019",91.62,93.86,2.4468,up,down,0.4443,,
FNSPID_03156,2019-10-28,EA,More Earnings And A Fed Decision In Week Four Of The WeTrader Competition,93.86,91.62,-2.3884,down,up,0.3546,,
FNSPID_03157,2019-10-24,EA,"Stifel Nicolaus Maintains Buy on Electronic Arts, Lowers Price Target to $114",93.14,93.46,0.3438,neutral,up,0.3604,,
FNSPID_03158,2019-10-22,EA,"UPDATE: Barclays Downgrades EA To Equal Weight Notes 'After a string of disappointing results from the last Star Wars title, Battlefield V, and Anthem, we think investors will need to see a couple of successful title releases before EA's multiple reverts'",91.51,92.88,1.4952,up,up,0.419,"[PLACEHOLDER - Ollama unavailable, not a real model explanation] The headline ""UPDATE: Barclays Downgrades EA To Equal Weight Notes 'After a string of disappointing results from the last Star Wars title, Battlefield V, and Anthem, we think investors will need to see a couple of successful title releases before EA's multiple reverts'"" reads as a up signal for the stock, which is consistent with an upward next-day move.",
FNSPID_03159,2019-10-22,EA,Another ETF Avenue For Video Game Access,91.51,92.88,1.4952,up,neutral,0.3721,"[PLACEHOLDER - Ollama unavailable, not a real model explanation] The headline ""Another ETF Avenue For Video Game Access"" reads as a neutral signal for the stock, which is consistent with little or no next-day move.",
FNSPID_03160,2019-10-22,EA,Barclays Downgrades Electronic Arts to Equal-Weight,91.51,92.88,1.4952,up,up,0.3555,,
FNSPID_03161,2019-10-21,EA,13 Stocks With The Highest EPS Growth Over The Past 5 Years,92.98,91.51,-1.576,down,up,0.3966,,
FNSPID_03162,2019-10-14,EA,Video Game Stocks Mostly Unaffected By 'Fortnite' Blackout,91.11,92.34,1.3528,up,up,0.3819,"[PLACEHOLDER - Ollama unavailable, not a real model explanation] The headline ""Video Game Stocks Mostly Unaffected By 'Fortnite' Blackout"" reads as a up signal for the stock, which is consistent with an upward next-day move.",
FNSPID_03163,2019-10-11,EA,Shares of several technology companies are trading higher after President Trump made positive remarks on the U.S.-China trade talks as traders grew more optimistic over the possibility of a limited trade deal. Trump is scheduled to meet with Chinese Vice Premier Liu He at the White House today.,91.41,91.11,-0.3291,neutral,up,0.3823,,
FNSPID_03164,2019-10-08,EA,"Shares of several technology companies are trading lower as optimism around the upcoming U.S.-China trade talks waned. A report says China is toning down its expectations of the meeting. The U.S. expanded its trade blacklist, and scheduled an increase in tariffs on $250 billion worth of Chinese goods from 25% to 30% on Oct. 15, which will go into effect if no progress is made.",89.81,90.14,0.3674,neutral,up,0.381,"[PLACEHOLDER - Ollama unavailable, not a real model explanation] The headline ""Shares of several technology companies are trading lower as optimism around the upcoming U.S.-China trade talks waned. A report says China is toning down its expectations of the meeting. The U.S. expanded its trade blacklist, and scheduled an increase in tariffs on $250 billion worth of Chinese goods from 25% to 30% on Oct. 15, which will go into effect if no progress is made."" reads as a up signal for the stock, which is consistent with an upward next-day move.",
FNSPID_03165,2019-10-04,EA,Electronic Arts Says Implemented Fix Related To FIFA 20 Global Series Registration Page Issue,92.79,90.81,-2.1337,down,up,0.3543,"[PLACEHOLDER - Ollama unavailable, not a real model explanation] The headline ""Electronic Arts Says Implemented Fix Related To FIFA 20 Global Series Registration Page Issue"" reads as a up signal for the stock, which is consistent with an upward next-day move.",
FNSPID_03166,2019-10-03,EA,Electronic Arts Says Aware Of Potential Issue Affecting Registration Page For FIFA 20 Global Series That Went Live On Thursday,91.55,92.79,1.3462,up,up,0.3759,,
FNSPID_03167,2019-10-02,EA,Shares of several technology companies are trading lower amid continued fears of a recession following weak ADP jobs report. There is also uncertainty in the market over the upcoming U.S.-China meeting next week.,91.47,91.55,0.0955,neutral,up,0.378,,
FNSPID_03168,2019-09-30,EA,'They're In A Catch-22': California Law Allowing College Players To Profit From Their Image Has Big Implications,94.93,93.89,-1.0938,down,neutral,0.3741,,
FNSPID_03169,2019-09-17,EA,"'Fast Money Halftime Report' Traders Weigh In On Southwest Airlines, EA And More",95.51,95.38,-0.1422,neutral,up,0.3863,,
FNSPID_03170,2019-09-15,EA,Examining The VanEck Esports ETF And Its 30% Surge This Year,96.19,95.51,-0.7062,neutral,neutral,0.3877,,
FNSPID_03171,2019-09-12,EA,Watching Volatility In EA Shares Here As Traders Circulate Unconfirmed Chatter Related To Recent UK Parliamentary Inquiry Suggesting A Precautionary Principle Should Apply For Video Game Publishers Utilizing Loot Boxes,95.43,95.57,0.1424,neutral,up,0.4015,,
FNSPID_03172,2019-09-10,EA,'EA's Project Atlas will go through external playtesting soon' -KitGuru,96.56,96.18,-0.392,neutral,up,0.3619,,
FNSPID_03173,2019-09-10,EA,EA Launches Cloud Gaming Technical Trial,96.56,96.18,-0.392,neutral,neutral,0.3782,,
FNSPID_03174,2019-09-04,EA,"Electronic Arts shares trading higher despite being removed from Wedbush's ""Best Ideas List."" All video game stocks are higher today.",95.06,94.57,-0.5105,neutral,up,0.3978,,
FNSPID_03175,2019-09-04,EA,"Wedbush Removes Electronic Arts From Best Ideas List As Firm Sees 'few near-term catalysts ahead of the launch of Star Wars Jedi: Fallen Order in mid-November' And Is Less Confident In Upside To Guidance For Apex Legends; Maintains Outperform, $122 Target",95.06,94.57,-0.5105,neutral,up,0.3857,,
FNSPID_03176,2019-08-19,EA,"'TODAY - Gamescom Opening Night LIVE Press Conference! Hideo Kojima, Call of Duty (Official Stream)' -YouTube",88.22,89.96,1.969,up,neutral,0.3632,,
FNSPID_03569,2019-12-20,EWJ,Japanese Prime Minister Shinzo Abe Has Expressed Serious Concerns Over Iran Scaling Back Its Commitments To 2015 Nuclear Deal In Meeting With Iranian Pres,52.11,52.06,-0.0836,neutral,up,0.3807,,
FNSPID_03570,2019-12-17,EWJ,'Japan will partner with the U.S. and Europe to develop quantum computers and related technology' -Tweet From Nikkei,52.4,52.2,-0.3989,neutral,up,0.3921,,
FNSPID_03571,2019-12-10,EWJ,"US, Japanese Gov'ts. Have Agreement On Domestic Production Plan For F-35 Stealth Fighters",51.9,52.01,0.2156,neutral,up,0.3788,,
FNSPID_03572,2019-12-05,EWJ,Opinion | How Tokyo Could Overtake Hong Kong As Asia's Financial Capital,51.62,52.22,1.1506,up,up,0.363,,
FNSPID_03573,2019-11-27,EWJ,Japan's FSA To Streamline The Tokyo Stock Exchange,51.65,51.16,-0.95,neutral,neutral,0.3697,,
FNSPID_03574,2019-11-20,EWJ,'SoftBank in talks for $2.8bn Japanese bank loan led by Mizuho' -Nikkei,51.19,51.24,0.1009,neutral,up,0.4054,,
FNSPID_03575,2019-11-13,EWJ,"UBS Says Partnerships Like It Has Struck In Japan, Brazil Are A Way, But Not The Only Way, For Bank To Grow",51.39,51.17,-0.4355,neutral,neutral,0.3719,,
FNSPID_03576,2019-11-12,EWJ,"Pres Trump Says Is Having Strong, Substantial Talks With Japan On Trade",51.57,51.39,-0.3505,neutral,up,0.3944,,
FNSPID_03577,2019-11-08,EWJ,Japanese Policymakers Will Seek To End A Tax Deduction For Big Corporations' Entertainment Spending,51.59,51.46,-0.2503,neutral,neutral,0.3486,,
FNSPID_03578,2019-11-04,EWJ,Xiaomi Will Enter Japan In 2020,51.36,51.42,0.1341,neutral,neutral,0.4454,,
FNSPID_03579,2019-11-03,EWJ,"Secretary Ross Say U.S. May Not Need to Put Tariffs on Imported Vehicles After Holding Good Conversations With Companies in EU, Japan",51.36,51.42,0.1341,neutral,up,0.3948,,
FNSPID_03580,2019-10-16,EWJ,Asian Equities Mixed After US Markets Edged Lower,49.61,49.48,-0.2603,neutral,up,0.4059,,
FNSPID_03581,2019-10-14,EWJ,"Benzinga Pro Mid-Day Price Check For Regional ETFs: US (SPY) Flat, Canada (EWC) Down 0.1%, China (FXI) Down 0.2%, Japan (EWJ) Down 0.3%, India (INDA) Down 0.3%, Brazil (EWZ) Down 0.5%, Australia (EWA) Down 0.6%, Russia (RSX) Down 1.4%",48.98,49.71,1.4938,up,neutral,0.4296,,
FNSPID_03582,2019-10-11,EWJ,"Benzinga Pro Mid-Day Price Check For Regional ETFs: Brazil (EWZ) Up 2.6%, China (FXI) Up 2%, US (SPY) Up 1.7%, Australia (EWA) Up 1.6%, Japan (EWJ) Up 1.5%, Canada (EWC) Up 1.1%, India (INDA) Up 0.8%, Russia (RSX) Up 0.6%",49.2,48.98,-0.4374,neutral,neutral,0.4849,,
FNSPID_03583,2019-10-07,EWJ,Trade Representative Robert Lighthizer Says Trade Deal With Japan Is About $55B Worth Of Trade,48.52,48.23,-0.5855,neutral,up,0.3921,,
FNSPID_03584,2019-10-07,EWJ,US-Japan Trade Agreement To Focus Heavily On Agricultural Sectors,48.52,48.23,-0.5855,neutral,up,0.3923,,
FNSPID_03585,2019-10-07,EWJ,Trump To Sign US-Japan Trade Agreement And US-Japan Digital Trade Agreement,48.52,48.23,-0.5855,neutral,up,0.3725,,
FNSPID_03586,2019-10-07,EWJ,"Benzinga Pro Mid-Day Price Check For Regional ETFs: Russia (RSX) Up 0.5%, US (SPY) Unch, Canada (EWC) Down 0.1%, India (INDA) Down 1%, Australia (EWA) Down 0.1%, Brazil (EWZ) Down 2%, Japan (EWJ) Down 0.3%, China (FXI) Down 0.6%",48.52,48.23,-0.5855,neutral,neutral,0.4539,,
FNSPID_03587,2019-10-07,EWJ,Trump To Sign US-Japan Trade Agreements At 3:30 p.m.,48.52,48.23,-0.5855,neutral,neutral,0.3554,,
FNSPID_03588,2019-10-07,EWJ,Japan Coast Guard Says More Than 20 Crew Members Rescued From N Korean Fishing Vessel That Collided With Japan Patrol Boat,48.52,48.23,-0.5855,neutral,up,0.3704,,
FNSPID_03589,2019-10-04,EWJ,Nikkei Survey Shows A Quarter Of Japanese Companies Want To Cut China Risk,48.83,48.52,-0.6347,neutral,neutral,0.3452,,
FNSPID_03590,2019-10-03,EWJ,"Benzinga Pro Mid-Day Price Check For Regional ETFs: China (FXI) Up 1.5%, Brazil (EWZ) Up 1.2%, India (INDA) Up 1%, US (SPY) Up 0.6%, Australia (EWA) Up 0.5%, Japan (EWJ) Up 0.2%, Russia (RSX) Up 0.1%, Canada (EWC) Flat",48.27,48.83,1.1593,up,neutral,0.4598,,
FNSPID_03591,2019-10-01,EWJ,"Benzinga Pro Mid-Day Price Check For Regional ETFs: India (INDA) Up 2.1%, Canada (EWC) Up 1.1%, US (SPY) Up 0.6%, Australia (EWA) Down 0.2%, China (FXI) Down 0.3%, Brazil (EWZ) Down 0.5%, Japan (EWJ) Down 0.5%, Russia (RSX) Down 0.6%",48.63,48.02,-1.2392,down,neutral,0.4811,,
FNSPID_03592,2019-09-30,EWJ,"Benzinga Pro Mid-Day Price Check For Regional ETFs: China (FXI) Up 1.4%, US (SPY) Up 0.7%, Canada (EWC) Up 0.4%, India (INDA) Up 0.3%, Japan (EWJ) Up 0.2%, Australia (EWA) Down 0.2%, Russia (RSX) Down 0.2%, Brazil (EWZ) Down 0.5%",48.84,48.63,-0.4406,neutral,neutral,0.4749,,
FNSPID_03593,2019-09-26,EWJ,"Trump Economic Adviser Larry Kudlow Says U.S. Will Not Impose Auto Tariffs On Japan As Long As The Goodwill, Progress Continues In Japan-U.S. Trade Deal",49.32,48.62,-1.431,down,up,0.3897,,
FNSPID_03594,2019-09-25,EWJ,Japanese Foreign Minister Says Sees No Added Tariffs On Section 232 Of US Trade Law Will Be Imposed On Japanese Autos As Long As Bilateral Trade Deal Is Implemented Faithfully,49.24,49.32,0.1748,neutral,up,0.4024,,
FNSPID_03595,2019-09-25,EWJ,"Tariffs On Japanese Cars, Car Parts Will Be Eliminated Through Further Talks, No Time Frame Set",49.24,49.32,0.1748,neutral,neutral,0.3711,"[PLACEHOLDER - Ollama unavailable, not a real model explanation] The headline ""Tariffs On Japanese Cars, Car Parts Will Be Eliminated Through Further Talks, No Time Frame Set"" reads as a neutral signal for the stock, which is consistent with little or no next-day move.",
FNSPID_03596,2019-09-25,EWJ,"Japan, US Ministers Confirmed No Automobile Export Quota Will Be Imposed; Countries Agree To 'Refrain From Taking Measures Against The Spirit Of These Agreements'",49.24,49.32,0.1748,neutral,up,0.3707,,
FNSPID_03597,2019-09-25,EWJ,"Benzinga Pro Mid-Day Price Check For Regional ETFs: US (SPY) Up 0.3%, Japan (EWJ) Up 0.2%, China (FXI) Down 0.1%, Australia (EWA) Down 0.2%, Russia (RSX) Down 0.3%, Canada (EWC) Down 0.4%, Brazil (EWZ) Down 0.5%, India (INDA) Down 0.8%",49.24,49.32,0.1748,neutral,neutral,0.4667,,
FNSPID_03598,2019-09-25,EWJ,'Japan will eliminate or reduce tariﬀs on over 90 percent of currently dutiable trade of U.S. food & agricultural exports.' -USTR,49.24,49.32,0.1748,neutral,up,0.3506,,
FNSPID_03599,2019-09-25,EWJ,"US Trade Rep Lighthizer Says US Will Eliminate Or Reduce Tariffs On Certain Industrial Goods From Japan, Including Some Machine Tools, Fasteners, Steam Turbines, Bikes, Musical Instruments",49.24,49.32,0.1748,neutral,up,0.3599,,
FNSPID_03600,2019-09-25,EWJ,Pres Trump Says US Is Working On Phase 2 Of Trade Deal With Japan,49.24,49.32,0.1748,neutral,up,0.4055,,
FNSPID_03601,2019-09-25,EWJ,"US Trade Rep Lighthizer Says Once Deal Implemented, Over 90% Of US Food, Ag Products Exported To Japan Will Be Duty Free Or Receive Preferential Tariff Access",49.24,49.32,0.1748,neutral,up,0.3968,,
FNSPID_03602,2019-09-25,EWJ,"Trump Says Trade Deal With Japan Will Be Tremendous For Technology Industry, Represents Big Dollars For US Farmers",49.24,49.32,0.1748,neutral,up,0.392,,
FNSPID_03603,2019-09-25,EWJ,"Trump Says First Phase Of US, Japan Trade Deal Will Open Up Markets To $7B Of US Products, Reached Deal On Robust Commitments For $40B Of Digital Trade",49.24,49.32,0.1748,neutral,up,0.4221,"[PLACEHOLDER - Ollama unavailable, not a real model explanation] The headline ""Trump Says First Phase Of US, Japan Trade Deal Will Open Up Markets To $7B Of US Products, Reached Deal On Robust Commitments For $40B Of Digital Trade"" reads as a up signal for the stock, which is consistent with an upward next-day move.",
FNSPID_03604,2019-09-24,EWJ,FBN's Edward Lawrence Says Two Japanese Reporters Were Told By Japan's Minister Of Foreign Affairs That US-Japan Trade Deal Is Done And Will Be Released Tomorrow,49.04,49.24,0.4037,neutral,up,0.3932,"[PLACEHOLDER - Ollama unavailable, not a real model explanation] The headline ""FBN's Edward Lawrence Says Two Japanese Reporters Were Told By Japan's Minister Of Foreign Affairs That US-Japan Trade Deal Is Done And Will Be Released Tomorrow"" reads as a up signal for the stock, which is consistent with an upward next-day move.",
FNSPID_03605,2019-09-24,EWJ,"Nikkei Says Japan, U.S. Fail To Agree On Us Tariff Removal Timeline",49.04,49.24,0.4037,neutral,up,0.3869,,
FNSPID_03606,2019-09-24,EWJ,"Benzinga Pro Mid-Day Price Check For Regional ETFs: US (SPY) Up 0.1%, Australia (EWA) Down 0.3%, Canada (EWC) Down 0.5%, Japan (EWJ) Down 0.9%, Brazil (EWZ) Down 0.9%, India (INDA) Down 0.9%, China (FXI) Down 1.1%, Russia (RSX) Down 1.6%",49.04,49.24,0.4037,neutral,neutral,0.4642,"[PLACEHOLDER - Ollama unavailable, not a real model explanation] The headline ""Benzinga Pro Mid-Day Price Check For Regional ETFs: US (SPY) Up 0.1%, Australia (EWA) Down 0.3%, Canada (EWC) Down 0.5%, Japan (EWJ) Down 0.9%, Brazil (EWZ) Down 0.9%, India (INDA) Down 0.9%, China (FXI) Down 1.1%, Russia (RSX) Down 1.6%"" reads as a neutral signal for the stock, which is consistent with little or no next-day move.",
FNSPID_03607,2019-09-24,EWJ,"Pres Trump, In UN Speech, Says We Will Finalize Trade Deal With Japan On Wed.",49.04,49.24,0.4037,neutral,up,0.373,,
FNSPID_03608,2019-09-23,EWJ,'U.S.-Japan Trade Deal in Jeopardy Over Clash Over Car Tariffs' -NYT,48.97,49.04,0.1406,neutral,up,0.3998,,
FNSPID_03609,2019-09-23,EWJ,Japan To Fund $10B Into Liquefied Nat Gas,48.97,49.04,0.1406,neutral,up,0.3662,"[PLACEHOLDER - Ollama unavailable, not a real model explanation] The headline ""Japan To Fund $10B Into Liquefied Nat Gas"" reads as a up signal for the stock, which is consistent with an upward next-day move.",
FNSPID_03610,2019-09-23,EWJ,"Benzinga Pro Mid-Day Price Check For Regional ETFs: India (INDA) Up 2.3%, Russia (RSX) Up 0.8%, US (SPY) Up 0.1%, Australia (EWA) Up 0.1%, Japan (EWJ) Down 0.1%, China (FXI) Down 0.2%, Canada (EWC) Down 0.2%, Brazil (EWZ) Down 1.1%",48.97,49.04,0.1406,neutral,neutral,0.4783,,
FNSPID_03611,2019-09-20,EWJ,"Benzinga Pro Mid-Day Price Check For Regional ETFs: India (INDA) Up 6%, Brazil (EWZ) Up 0.4%, Russia (RSX) Up 0.4%, Canada (EWC) Up 0.3%, US (SPY) Up 0.2%, Japan (EWJ) Up 0.1%, China (FXI) Up 0.1%, Australia (EWA) Flat",49.02,48.97,-0.1054,neutral,neutral,0.4628,,
FNSPID_03612,2019-09-20,EWJ,'Japan's Mitsubishi Says Rogue Oil Trader Lost $320 Million' -WSJ,49.02,48.97,-0.1054,neutral,up,0.3727,,
FNSPID_03613,2019-09-20,EWJ,"US-Japan trade Agreement to Maintain Tariffs on Japanese Auto Parts, Steel, Aluminum",49.02,48.97,-0.1054,neutral,up,0.3771,,
FNSPID_03614,2019-09-16,EWJ,"Benzinga Pro Mid-Day Price Check For Regional ETFs: Russia (RSX) Up 1.9%, Canada (EWC) Up 0.6%, Brazil (EWZ) Up 0.3%, Australia (EWA) Down 0.2%, US (SPY) Down 0.4%, Japan (EWJ) Down 0.4%, China (FXI) Down 1.1%, India (INDA) Down 2.1%",48.7,48.88,0.3712,neutral,neutral,0.4689,,
FNSPID_03615,2019-09-13,EWJ,"Benzinga Pro Mid-Day Price Check For Regional ETFs: Japan (EWJ) Up 1.2%, India (INDA) Up 1%, China (FXI) Up 0.9%, Russia (RSX) Up 0.6%, Australia (EWA) Up 0.3%, Canada (EWC) Up 0.2%, US (SPY) Flat, Brazil (EWZ) Down 0.6%",48.95,48.7,-0.5275,neutral,neutral,0.4628,,
FNSPID_03616,2019-09-12,EWJ,'US-Japan trade deal allows for antitrust actions on Big Tech' Nikkei,48.39,48.95,1.1742,up,up,0.3852,,
FNSPID_03617,2019-09-11,EWJ,"Benzinga Pro Mid-Day Price Check For Regional ETFs: China (FXI) Up 1.6%, Brazil (EWZ) Up 1.5%, Japan (EWJ) Up 0.8%, Russia (RSX) Up 0.6%, Australia (EWA) Up 0.4%, Canada (EWC) Up 0.1%, US (SPY) Down 0.5%, India (INDA) Down 0.6%",48.07,48.39,0.6626,neutral,neutral,0.48,,
FNSPID_03618,2019-09-11,EWJ,Japan New Foreign Min Motegi Says Will Make Utmost Efforts To Get US-Japan Trade Deal Signed By End Of September,48.07,48.39,0.6626,neutral,up,0.4045,,
FNSPID_03619,2019-09-10,EWJ,"Benzinga Pro Mid-Day Price Check For Regional ETFs: Canada (EWC) Up 0.4, China (FXI) Up 0.4%, Brazil (EWZ) Up 0.3%, Russia (RSX) Up 0.3%, Japan (EWJ) Up 0.2%, Australia (EWA) Up 0.1%, India (INDA) Down 0.1%, US (SPY) Down 0.3%",47.65,48.07,0.8853,neutral,neutral,0.4762,"[PLACEHOLDER - Ollama unavailable, not a real model explanation] The headline ""Benzinga Pro Mid-Day Price Check For Regional ETFs: Canada (EWC) Up 0.4, China (FXI) Up 0.4%, Brazil (EWZ) Up 0.3%, Russia (RSX) Up 0.3%, Japan (EWJ) Up 0.2%, Australia (EWA) Up 0.1%, India (INDA) Down 0.1%, US (SPY) Down 0.3%"" reads as a neutral signal for the stock, which is consistent with little or no next-day move.",
FNSPID_03620,2019-09-10,EWJ,Bank of Japan Policymakers Moving Closer to Expanding Stimulus as U.S.-China Trade War Broadens,47.65,48.07,0.8853,neutral,up,0.3732,,
FNSPID_03621,2019-09-05,EWJ,"Benzinga Pro Mid-Day Price Check For Regional ETFs: Brazil (EWZ) Up 2%, US (SPY) Up 1.4%, Australia (EWA) Up 1.3%, China (FXI) Up 1.3%, Canada (EWC) Up 0.9, Japan (EWJ) Up 0.9%, India (INDA) Up 0.3%, Russia (RSX) Flat",47.03,47.2,0.3477,neutral,neutral,0.4622,,
FNSPID_03622,2019-09-05,EWJ,Putin Says U.S. Talk of Deploying Missiles in Japan and South Korea is Worrying,47.03,47.2,0.3477,neutral,up,0.358,,
FNSPID_03623,2019-09-04,EWJ,"Benzinga Pro Mid-Day Price Check For Regional ETFs: Brazil (EWZ) Up 2.7%, China (FXI) Up 2.2%, Russia (RSX) Up 1.4%, Canada (EWC) Up 1.2%, US (SPY) Up 0.9%, Japan (EWJ) Up 0.6%, India (INDA) Up 0.5%, Australia (EWA) Up 0.2%",46.7,47.03,0.7189,neutral,neutral,0.4854,,
FNSPID_03624,2019-08-30,EWJ,"Benzinga Pro Mid-Day Price Check For Regional ETFs: Brazil (EWZ) Up 1.1%, Australia (EWA) Up 0.8%, Russia (RSX) Up 0.7%, India (INDA) Up 0.3%, Japan (EWJ) Up 0.1%, US (SPY) Flat, Canada (EWC) Down 0.1%, China (FXI) Down 0.2%",46.41,46.44,0.0557,neutral,neutral,0.4537,,
FNSPID_03625,2019-08-29,EWJ,"Benzinga Pro Mid-Day Price Check For Regional ETFs: Russia (RSX) Up 1.4%, US (SPY) Up 1.4%, Brazil (EWZ) Up 1.3%, Canada (EWC) Up 1%, Australia (EWA) Up 1%, Japan (EWJ) Up 0.8%, China (FXI) Up 0.8%, India (INDA) Down 0.1%",46.27,46.41,0.3163,neutral,neutral,0.4768,,
FNSPID_03626,2019-08-28,EWJ,"Benzinga Pro Mid-Day Price Check For Regional ETFs: Brazil (EWZ) Up 0.7%, Russia (RSX) Up 0.7%, US (SPY) Up 0.5%, Canada (EWC) Up 0.5%, Australia (EWA) Up 0.4%, Japan (EWJ) Up 0.1%, China (FXI) Down 0.2%, India (INDA) Down 1.1%",45.94,46.27,0.712,neutral,neutral,0.4788,,
FNSPID_03627,2019-08-28,EWJ,'Iran's Rouhani to Meet Japan PM Abe at UN Assembly in September' -Bloomberg,45.94,46.27,0.712,neutral,neutral,0.3624,,
FNSPID_03628,2019-08-27,EWJ,"Benzinga Pro Mid-Day Price Check For Regional ETFs: India (INDA) Up 0.7%, Europe (VGK) Up 0.4%, China (FXI) Up 0.2%, Canada (EWC) Up 0.1%, Japan (EWJ) Down 0.1%, US (SPY) Down 0.2%, Brazil (EWZ) Down 0.6%, Russia (RSX) Down 0.9%",45.96,45.94,-0.0375,neutral,neutral,0.4859,,
FNSPID_03629,2019-08-27,EWJ,"South Korea Rejects Abe's Accusations, Urges Japan To Retract Economic Retaliation",45.96,45.94,-0.0375,neutral,up,0.3552,,
FNSPID_03630,2019-08-26,EWJ,"Benzinga Pro Mid-Day Price Check For Regional ETFs: Japan (EWJ) Up 1.7%, India (INDA) Up 1.5%, China (FXI) Up 1.5%, Canada (EWC) Up 0.9%, Europe (VGK) Up 0.8%, Russia (RSX) Up 0.7%, US (SPY) Up 1%, Brazil (EWZ) Down 1%",46.1,45.96,-0.3174,neutral,neutral,0.476,,
FNSPID_03631,2019-08-26,EWJ,Trump Says Japan Auto Tariffs Not Being Considered At The Moment,46.1,45.96,-0.3174,neutral,up,0.3633,,
FNSPID_03632,2019-08-21,EWJ,"Benzinga Pro Mid-Day Price Check For Regional ETFs: Brazil (EWZ) Up 1.9%, Europe (VGK) Up 1.4%, Russia (RSX) Up 1.2%, Canada (EWC) Up 0.9%, China (FXI) Up 0.8%, US (SPY) Up 0.8%, Japan (EWJ) Up 0.6%, India (INDA) Down 0.5%",46.03,45.96,-0.1496,neutral,neutral,0.4913,,
FNSPID_03633,2019-08-20,EWJ,"U.S. Marines Commandant Berger Says Expects Japan, S. Korea to Work Out Differences Over Renewal of Intelligence Sharing Agreement",45.87,46.03,0.3378,neutral,up,0.356,,
FNSPID_03634,2019-08-19,EWJ,"Benzinga Pro Mid-Day Price Check For Regional ETFs: US (SPY) Up 1.4%, India (INDA) Up 1.1%, Russia (RSX) Up 0.3%, Japan (EWJ) Up 0.2% Europe (VGK) Up 0.1%, China (FXI) Down 0.7%, Canada (EWC) Down 0.7%, Brazil (EWZ) Down 0.8%",45.97,45.87,-0.206,neutral,neutral,0.4693,,
FNSPID_03635,2019-08-16,EWJ,US Special Representative For North Korea Stephen Biegun Will Travel To Japan And South Korea Next Week,45.98,45.97,-0.0187,neutral,neutral,0.3722,,
FNSPID_04113,2019-12-31,FCX,10 Worst Performing S&P 500 Stocks Of The Decade,12.18,12.25,0.6098,neutral,down,0.3528,,
FNSPID_04114,2019-12-17,FCX,"Benzinga's Top Upgrades, Downgrades For December 17, 2019",12.03,12.05,0.1543,neutral,up,0.3899,,
FNSPID_04115,2019-12-17,FCX,Freeport-McMoRan Shares Fall Modestly Over Last Few Mins. Following Large Block Trade Of 1.5M Shares At $13.10/Share,12.03,12.05,0.1543,neutral,up,0.4079,"[PLACEHOLDER - Ollama unavailable, not a real model explanation] The headline ""Freeport-McMoRan Shares Fall Modestly Over Last Few Mins. Following Large Block Trade Of 1.5M Shares At $13.10/Share"" reads as a up signal for the stock, which is consistent with an upward next-day move.",
FNSPID_04116,2019-12-17,FCX,"B. Riley Maintains Buy on Freeport-McMoRan, Raises Price Target to $15",12.03,12.05,0.1543,neutral,up,0.391,,
FNSPID_04117,2019-12-17,FCX,10 Biggest Price Target Changes For Tuesday,12.03,12.05,0.1543,neutral,up,0.3518,,
FNSPID_04118,2019-12-17,FCX,"BMO Capital Upgrades Freeport-McMoRan to Outperform, Raises Price Target to $17",12.03,12.05,0.1543,neutral,up,0.3914,,
FNSPID_04119,2019-12-11,FCX,"Freeport-McMoRan shares are trading higher ahead of today's Fed rate decision and outlook statements, as well as the Dec. 15 US-China tariff deadlines.",11.92,12.12,1.7134,up,up,0.4094,,
FNSPID_04120,2019-12-11,FCX,Freeport-McMoRan Option Alert: Jan 17 $12 Calls Sweep (7) near the Ask: 700 @ $1.0 vs 74243 OI; Earnings 1/23 Before Open [est] Ref=$12.66,11.92,12.12,1.7134,up,up,0.4201,,
FNSPID_04121,2019-12-09,FCX,Large Option Traders Betting Freeport-McMoRan Rally Will Continue Into 2020,11.23,11.4,1.4876,up,up,0.377,,
FNSPID_04122,2019-12-09,FCX,Freeport-McMoRan shares are trading higher. Not seeing any news to justify the price action.,11.23,11.4,1.4876,up,up,0.4026,,
FNSPID_04123,2019-12-06,FCX,Freeport-McMoRan shares are trading higher in sympathy with the overall market amid a rally in US equities following strong November jobs data.,10.8,11.23,3.9519,up,up,0.4259,,
FNSPID_04124,2019-12-04,FCX,Ready To Rebound? Stocks Seem Set To Boomerang As Trade Narrative Turns Positive,10.31,10.52,1.9802,up,up,0.3666,,
FNSPID_04125,2019-12-04,FCX,Shares of several basic material companies are trading higher after Bloomberg reported that the U.S. and China were edging closer to a trade deal.,10.31,10.52,1.9802,up,up,0.3833,,
FNSPID_04126,2019-12-03,FCX,Freeport-McMoRan Option Alert: Dec 20 $11.5 Calls at the Ask: 4292 @ $0.171 vs 3158 OI; Earnings 1/23 Before Open [est] Ref=$10.815,10.13,10.31,1.7399,up,up,0.4211,,
FNSPID_04127,2019-12-03,FCX,Shares of several basic material companies are trading lower on global macro concerns after Trump implied a US-China trade deal may not occur until 2020.,10.13,10.31,1.7399,up,up,0.3765,,
FNSPID_04128,2019-12-02,FCX,8 S&P 500 Stocks With The Highest Betas,10.63,10.13,-4.6288,down,up,0.3721,,
FNSPID_04129,2019-12-02,FCX,Freeport-McMoRan Option Alert: Dec 13 $11.5 Calls Sweep (13) above Ask!: 932 @ $0.38 vs 6343 OI; Earnings 1/23 Before Open [est] Ref=$11.545,10.63,10.13,-4.6288,down,up,0.4236,"[PLACEHOLDER - Ollama unavailable, not a real model explanation] The headline ""Freeport-McMoRan Option Alert: Dec 13 $11.5 Calls Sweep (13) above Ask!: 932 @ $0.38 vs 6343 OI; Earnings 1/23 Before Open [est] Ref=$11.545"" reads as a up signal for the stock, which is consistent with an upward next-day move.",
FNSPID_04130,2019-11-25,FCX,Freeport-McMoRan shares are trading higher as positive US-China trade comments and falling inventories push copper prices higher.,10.82,10.87,0.4288,neutral,up,0.4095,"[PLACEHOLDER - Ollama unavailable, not a real model explanation] The headline ""Freeport-McMoRan shares are trading higher as positive US-China trade comments and falling inventories push copper prices higher."" reads as a up signal for the stock, which is consistent with an upward next-day move.",
FNSPID_04131,2019-11-22,FCX,Freeport-McMoRan shares are trading higher amid strength in the broader industrial metals sector.,10.53,10.82,2.7313,up,up,0.4193,,
FNSPID_04132,2019-11-21,FCX,Large Freeport-McMoRan Option Trader Betting On 25% Upside,10.22,10.53,3.0881,up,up,0.3746,,
FNSPID_04133,2019-11-16,FCX,"Bulls And Bears Of The Week: Apple, Disney, Microsoft, Uber And More",10.22,10.47,2.4523,up,neutral,0.3971,"[PLACEHOLDER - Ollama unavailable, not a real model explanation] The headline ""Bulls And Bears Of The Week: Apple, Disney, Microsoft, Uber And More"" reads as a neutral signal for the stock, which is consistent with little or no next-day move.",
FNSPID_04134,2019-11-15,FCX,Shares of several basic material companies are trading higher on renewed US-China trade optimism.,10.36,10.22,-1.3441,down,up,0.4146,,
FNSPID_04135,2019-11-15,FCX,"Q3 13F Roundup: How Buffett, Einhorn, Ackman And Others Adjusted Their Portfolios",10.36,10.22,-1.3441,down,neutral,0.369,,
FNSPID_04136,2019-11-15,FCX,"Benzinga Pro's Top 5 Stocks To Watch For Fri., Nov. 15, 2019: JCP, JD, TLRY, FCX, AMAT",10.36,10.22,-1.3441,down,up,0.3968,"[PLACEHOLDER - Ollama unavailable, not a real model explanation] The headline ""Benzinga Pro's Top 5 Stocks To Watch For Fri., Nov. 15, 2019: JCP, JD, TLRY, FCX, AMAT"" reads as a up signal for the stock, which is consistent with an upward next-day move.",
FNSPID_04137,2019-11-15,FCX,Freeport-McMoRan Shares Quiet Premarket; Hearing Citi Has Named Stock A 'Top Pick',10.36,10.22,-1.3441,down,up,0.3737,,
FNSPID_04138,2019-11-14,FCX,Freeport-McMoRan Option Alert: Jan 17 $12 Calls Sweep (31) near the Ask: 953 @ $0.331 vs 68946 OI; Ref=$10.87,10.03,10.36,3.2377,up,up,0.4152,,
FNSPID_04139,2019-11-13,FCX,BofA Upgrades Freeport-McMoRan In Anticipation Of Grasberg Contribution,10.06,10.03,-0.2767,neutral,up,0.3613,"[PLACEHOLDER - Ollama unavailable, not a real model explanation] The headline ""BofA Upgrades Freeport-McMoRan In Anticipation Of Grasberg Contribution"" reads as a up signal for the stock, which is consistent with an upward next-day move.",
FNSPID_04140,2019-11-13,FCX,Freeport-McMoRan Option Alert: Dec 20 $13 Calls Sweep (42) near the Ask: 2272 @ $0.09 vs 1410 OI; Ref=$10.9667,10.06,10.03,-0.2767,neutral,up,0.411,,
FNSPID_04141,2019-11-13,FCX,"Benzinga's Top Upgrades, Downgrades For November 13, 2019",10.06,10.03,-0.2767,neutral,up,0.3899,,
FNSPID_04142,2019-11-13,FCX,Bank of America Upgrades Freeport-McMoRan to Buy,10.06,10.03,-0.2767,neutral,neutral,0.3589,,
FNSPID_04143,2019-11-11,FCX,Freeport-McMoRan shares are trading lower as China demand concerns weigh on copper prices.,10.29,10.25,-0.4508,neutral,up,0.3907,,
FNSPID_04144,2019-11-07,FCX,Jon Najarian Highlights Unusual Activity In PayPal And Freeport-McMoRan,10.46,10.69,2.2183,up,up,0.3553,"[PLACEHOLDER - Ollama unavailable, not a real model explanation] The headline ""Jon Najarian Highlights Unusual Activity In PayPal And Freeport-McMoRan"" reads as a up signal for the stock, which is consistent with an upward next-day move.",
FNSPID_04145,2019-11-07,FCX,"Morgan Stanley Assumes Freeport-McMoRan at Overweight, Announces $13.3 Price Target",10.46,10.69,2.2183,up,up,0.3818,,
FNSPID_04146,2019-11-07,FCX,Shares of Freeport-McMoRan are trading higher as new US-China trade developments move copper demand outlook higher.,10.46,10.69,2.2183,up,up,0.4101,,
FNSPID_04147,2019-11-06,FCX,Freeport-McRoRan shares are trading lower. Not seeing any news to justify the price action.,9.87,10.46,5.9211,up,up,0.3848,,
FNSPID_04148,2019-11-05,FCX,Shares of several basic materials companies are trading higher. Easing U.S.-China trade tensions are a positive catalyst for iron ore and industrial metals.,10.13,9.87,-2.4748,down,up,0.3798,,
FNSPID_04149,2019-11-01,FCX,Shares of most major miners trading higher with the broader stock market following mixed manufacturing data around the globe but much better-than-expected jobs data out of the US.,9.76,10.02,2.6616,up,up,0.3944,"[PLACEHOLDER - Ollama unavailable, not a real model explanation] The headline ""Shares of most major miners trading higher with the broader stock market following mixed manufacturing data around the globe but much better-than-expected jobs data out of the US."" reads as a up signal for the stock, which is consistent with an upward next-day move.",
FNSPID_04150,2019-10-31,FCX,Freeport-McMoRan shares are trading lower amid US crude oil stocks rising and weak Chinese factory data.,9.11,9.76,7.1283,up,up,0.4146,,
FNSPID_04151,2019-10-25,FCX,Freeport-McMoRan shares are trading higher potentially on a rebound after the stock traded lower on Q3 earnings.,9.41,9.5,0.9862,neutral,up,0.4163,,
FNSPID_04152,2019-10-24,FCX,"Freeport-McMoRan shares trading lower, reverting back to where the stock was trading immediately after release of Q4 results yesterday. Seeing some unusual option activity in the May $10 puts and the Jun $12 calls today.",8.9,9.41,5.7351,up,up,0.3852,,
FNSPID_04153,2019-10-24,FCX,"BMO Capital Maintains Market Perform on Freeport-McMoRan, Raises Price Target to $12",8.9,9.41,5.7351,up,up,0.3889,"[PLACEHOLDER - Ollama unavailable, not a real model explanation] The headline ""BMO Capital Maintains Market Perform on Freeport-McMoRan, Raises Price Target to $12"" reads as a up signal for the stock, which is consistent with an upward next-day move.",
FNSPID_04154,2019-10-23,FCX,Freeport-McMoRan shares are trading higher potentially on a rebound after the stock traded lower on Q3 earnings.,9.4,8.9,-5.3307,down,up,0.4163,,
FNSPID_04155,2019-10-23,FCX,"Freeport-McMoRan Q3 Adj. EPS $(0.01) Down From $0.35 YoY, Sales $3.308B Miss $3.55B Estimate",9.4,8.9,-5.3307,down,up,0.4057,,
FNSPID_04156,2019-10-21,FCX,Shares of several basic material companies are trading higher on renewed trade optimism. White House Economic Advisor Larry Kudlow said the December tariffs could be removed if U.S.-China trade talks go well.,9.11,9.22,1.1202,up,up,0.3988,"[PLACEHOLDER - Ollama unavailable, not a real model explanation] The headline ""Shares of several basic material companies are trading higher on renewed trade optimism. White House Economic Advisor Larry Kudlow said the December tariffs could be removed if U.S.-China trade talks go well."" reads as a up signal for the stock, which is consistent with an upward next-day move.",
FNSPID_04157,2019-10-18,FCX,"Shares of copper miner Freeport-McMoRan are trading higher following Chinese economic data showing growth in property and infrastructure, despite lower-than-expected overall economic growth.",8.89,9.11,2.5052,up,up,0.4003,,
FNSPID_04158,2019-10-16,FCX,Freeport-McMoRan Option Alert: Jun 19 $13 Calls Sweep (17) near the Ask: 1300 @ $0.39 vs 228 OI; Earnings 10/23 Before Open Ref=$9.51,8.82,8.76,-0.6316,neutral,up,0.4201,,
FNSPID_04159,2019-10-14,FCX,Freeport-McMoRan shares are trading lower potentially after BMO Capital lowered 3Q'19E EBITDA from $752 million to $596 million.,8.82,8.84,0.2105,neutral,down,0.4053,,
FNSPID_04160,2019-10-14,FCX,"Banks In Focus This Week As JPMorgan , Goldman Sachs, Others Report Tuesday",8.82,8.84,0.2105,neutral,up,0.3649,,
FNSPID_04161,2019-10-12,FCX,"Benzinga's Bulls And Bears Of The Week: Apple, Boeing, Facebook, Nike And More",8.82,8.84,0.2105,neutral,neutral,0.3915,,
FNSPID_04162,2019-10-11,FCX,Shares of several basic material companies are trading higher after President Trump made positive remarks on the U.S.-China trade talks as traders grew more optimistic over the possibility of a limited trade deal. Trump is scheduled to meet with Chinese Vice Premier Liu He at the White House today.,8.86,8.82,-0.5236,neutral,up,0.3818,"[PLACEHOLDER - Ollama unavailable, not a real model explanation] The headline ""Shares of several basic material companies are trading higher after President Trump made positive remarks on the U.S.-China trade talks as traders grew more optimistic over the possibility of a limited trade deal. Trump is scheduled to meet with Chinese Vice Premier Liu He at the White House today."" reads as a up signal for the stock, which is consistent with an upward next-day move.",
FNSPID_04163,2019-10-11,FCX,55 Biggest Movers From Yesterday,8.86,8.82,-0.5236,neutral,up,0.377,,
FNSPID_04164,2019-10-10,FCX,35 Stocks Moving In Thursday's Mid-Day Session,8.27,8.86,7.183,up,up,0.4466,,
FNSPID_04165,2019-10-10,FCX,"UBS Upgrades Freeport-McMoRan On Sell-Off, Projects Rising Copper Prices",8.27,8.86,7.183,up,up,0.3908,"[PLACEHOLDER - Ollama unavailable, not a real model explanation] The headline ""UBS Upgrades Freeport-McMoRan On Sell-Off, Projects Rising Copper Prices"" reads as a up signal for the stock, which is consistent with an upward next-day move.",
FNSPID_04166,2019-10-10,FCX,"JP Morgan Maintains Neutral on Freeport-McMoRan, Lowers Price Target to $12",8.27,8.86,7.183,up,up,0.3806,,
FNSPID_04167,2019-10-10,FCX,"Benzinga's Top Upgrades, Downgrades For October 10, 2019",8.27,8.86,7.183,up,up,0.3885,,
FNSPID_04168,2019-10-10,FCX,Freeport-McMoRan shares are trading higher after UBS upgraded the stock from Neutral to Buy.,8.27,8.86,7.183,up,up,0.4181,,
FNSPID_04169,2019-10-10,FCX,18 Stocks Moving in Thursday's Pre-Market Session,8.27,8.86,7.183,up,up,0.4487,,
FNSPID_04170,2019-10-10,FCX,"UBS Upgrades Freeport-McMoRan to Buy, Lowers Price Target to $12",8.27,8.86,7.183,up,up,0.3829,,
FNSPID_04171,2019-10-09,FCX,Stocks That Hit 52-Week Lows On Wednesday,7.89,8.27,4.7953,up,neutral,0.3398,,
FNSPID_04172,2019-10-08,FCX,Stocks That Hit 52-Week Lows On Tuesday,7.85,7.89,0.47,neutral,neutral,0.3394,,
FNSPID_04173,2019-10-08,FCX,"Shares of several basic material companies are trading lower as optimism around the upcoming U.S.-China trade talks waned. A report says China is toning down its expectations of the meeting. The U.S. expanded its trade blacklist, and scheduled an increase in tariffs on $250 billion worth of Chinese goods from 25% to 30% on Oct. 15, which will go into effect if no progress is made.",7.85,7.89,0.47,neutral,up,0.3795,,
FNSPID_04174,2019-10-02,FCX,"Shares of several basic material companies are trading lower as US markets fall following weak economic data, which has amplified recession fears.",8.19,8.18,-0.1127,neutral,up,0.3859,,
FNSPID_04175,2019-10-02,FCX,"Najarian Brothers See Unusual Activity In Activision Blizzard, Masco And More",8.19,8.18,-0.1127,neutral,up,0.367,,
FNSPID_04176,2019-10-01,FCX,Freeport-McMoRan shares are trading lower in sympathy with the overall market on seemingly no company-specific news.,8.46,8.19,-3.2715,down,up,0.3851,,
FNSPID_04177,2019-09-24,FCX,"Shares of copper companies are trading lower following weak economic data out of Europe and China, which is weighing on industrial input commodities.",9.24,9.29,0.5994,neutral,up,0.3854,,
FNSPID_04178,2019-09-20,FCX,"Benzinga's Top Upgrades, Downgrades For September 20, 2019",9.66,9.53,-1.3372,down,up,0.3882,,
FNSPID_04179,2019-09-20,FCX,Exane BNP Paribas Initiates Coverage On Freeport-McMoRan with Outperform Rating,9.66,9.53,-1.3372,down,up,0.3947,,
FNSPID_04180,2019-09-13,FCX,Freeport-McMoRan shares trading higher for the seventh day in the last 2 weeks after rebounding from around the $8.50 level to over $10. Indonesia raised its copper concentrate export recommendation for the company to 700K tons until Mar. 2020,9.93,9.66,-2.6952,down,up,0.4285,,
FNSPID_04181,2019-09-12,FCX,"Freeport-McMoRan shares are trading higher. The ECB stimulus measures are expected to encourage global economic growth, which is seen as a positive for copper.",9.57,9.93,3.7609,up,up,0.4164,,
FNSPID_04182,2019-09-10,FCX,"Shares of several metal/steel companies are trading higher on continued momentum from yesterday following data out of China, which showed less steel production imports and exports thus far in 2019 compared to the same period last year.",9.34,9.3,-0.3953,neutral,up,0.4407,,
FNSPID_04183,2019-09-09,FCX,Freeport-McMoRan shares trading higher following weekend data out of China showing exports of copper and steel fell on a year-over-year basis.,8.95,9.34,4.3299,up,up,0.4072,,
FNSPID_04184,2019-09-04,FCX,Shares of metal/steel companies are trading higher after data from China eased concerns of global growth slowing. Tensions in Hong Kong are also easing on the withdrawal of the extradition bill. The protests were seen as a potential disruptor to global growth.,8.57,8.8,2.5834,up,up,0.4048,,
FNSPID_04185,2019-09-03,FCX,Shares of several metals/steel companies are trading lower as global trade tension continues to rise after President Trump added a 15% tariff on $112 billion worth of Chinese goods on Sunday.,8.37,8.57,2.4256,up,up,0.3767,,
FNSPID_04186,2019-08-28,FCX,Stocks That Hit 52-Week Lows On Wednesday,8.26,8.42,1.8995,up,neutral,0.3398,"[PLACEHOLDER - Ollama unavailable, not a real model explanation] The headline ""Stocks That Hit 52-Week Lows On Wednesday"" reads as a neutral signal for the stock, which is consistent with little or no next-day move.",
FNSPID_04187,2019-08-27,FCX,Jon Najarian Sees Unusual Options Activity In Freeport-McMoRan And FibroGen,8.04,8.26,2.7554,up,up,0.3672,,
FNSPID_04188,2019-08-26,FCX,"Cintas, Sysco And More 'Fast Money Halftime Report' Picks From August 26",8.16,8.04,-1.4706,down,up,0.3573,,
FNSPID_04189,2019-08-26,FCX,Stocks That Hit 52-Week Lows On Monday,8.16,8.04,-1.4706,down,neutral,0.339,,
FNSPID_04677,2019-12-27,FDX,Strategist Says FedEx Was Right To Part Ways With Amazon,109.14,107.43,-1.5669,down,up,0.379,,
FNSPID_04678,2019-12-27,FDX,Commentary: Air Cargo Looks For Lift In 2020,109.14,107.43,-1.5669,down,up,0.3678,,
FNSPID_04679,2019-12-27,FDX,Carriers Gain Pricing Power As Truck Capacity Continues To Tighten,109.14,107.43,-1.5669,down,up,0.3635,,
FNSPID_04680,2019-12-26,FDX,Commentary: Trucking Industry Observations Heading Into 2020,109.11,109.14,0.0262,neutral,up,0.356,,
FNSPID_04681,2019-12-26,FDX,"UPS Sees 1.9M Returns On Jan. 2, 2020, Up 26% Year Over Year",109.11,109.14,0.0262,neutral,up,0.4178,,
FNSPID_04682,2019-12-26,FDX,Today's Pickup: Smith's Candor; Target On-Target,109.11,109.14,0.0262,neutral,up,0.3594,,
FNSPID_04683,2019-12-24,FDX,"PreMarket Prep Recap: The Importance Of PRs, FedEx Downgrade And Interviews With A Tesla Bear And Bull",107.89,109.11,1.1341,up,neutral,0.3925,,
FNSPID_04684,2019-12-24,FDX,"Benzinga's Top Upgrades, Downgrades For December 24, 2019",107.89,109.11,1.1341,up,up,0.3902,"[PLACEHOLDER - Ollama unavailable, not a real model explanation] The headline ""Benzinga's Top Upgrades, Downgrades For December 24, 2019"" reads as a up signal for the stock, which is consistent with an upward next-day move.",
FNSPID_04685,2019-12-24,FDX,Argus Research Downgrades FedEx to Hold,107.89,109.11,1.1341,up,up,0.3629,,
FNSPID_04686,2019-12-23,FDX,TruckStop.com Malware Outage Special Report,108.54,107.89,-0.5999,neutral,neutral,0.3669,,
FNSPID_04687,2019-12-23,FDX,6 Industrials Stocks Moving In Monday's Pre-Market Session,108.54,107.89,-0.5999,neutral,up,0.4401,,
FNSPID_04688,2019-12-22,FDX,"Notable Insider Buys: Energy Transfer, Enterprise Products Partners, FedEx",108.54,107.89,-0.5999,neutral,up,0.3657,,
FNSPID_04689,2019-12-21,FDX,"Benzinga's Bulls And Bears Of The Week: Apple, Microsoft, Netflix, Peloton And More",108.54,107.89,-0.5999,neutral,neutral,0.3661,,
FNSPID_04690,2019-12-19,FDX,Amazon Says Its Last-Mile Delivery Network Is On Track To Deliver 3.5B Packages In 2019,105.2,105.99,0.7482,neutral,up,0.3712,"[PLACEHOLDER - Ollama unavailable, not a real model explanation] The headline ""Amazon Says Its Last-Mile Delivery Network Is On Track To Deliver 3.5B Packages In 2019"" reads as a up signal for the stock, which is consistent with an upward next-day move.",
FNSPID_04691,2019-12-19,FDX,64 Biggest Movers From Yesterday,105.2,105.99,0.7482,neutral,up,0.3847,,
FNSPID_04692,2019-12-18,FDX,Amazon Searching For Ireland Warehouse As Brexit Threatens Open Border With UK,105.08,105.2,0.1089,neutral,up,0.3576,,
FNSPID_04693,2019-12-18,FDX,Mid-Afternoon Market Update: FedEx Falls On Earnings Miss; Neoleukin Therapeutics Shares Climb,105.08,105.2,0.1089,neutral,up,0.3928,,
FNSPID_04694,2019-12-18,FDX,"Amazon's Power Moves, Boeing's Struggles, Freight Economics, And Other Big Deals — WTT?!?",105.08,105.2,0.1089,neutral,neutral,0.4213,,
FNSPID_04695,2019-12-18,FDX,"No Holiday Gift From FedEx, But Some Analysts Still See Delivery Around The Corner",105.08,105.2,0.1089,neutral,up,0.3744,,
FNSPID_04696,2019-12-18,FDX,"PreMarket Prep Recap: FedEx Doesn't Deliver, Domino's Sliced After Downgrade",105.08,105.2,0.1089,neutral,up,0.3695,,
FNSPID_04697,2019-12-18,FDX,"UPDATE: Morgan Stanley On FedEx Notes 'Mgmt. commentary on higher costs, lower yields and price competition in eCommerce point to our long-term structural bear thesis (read-across to UPS)'",105.08,105.2,0.1089,neutral,up,0.4267,,
FNSPID_04698,2019-12-18,FDX,"UPDATE: Morgan Stanley Maintains Equal-Weight On FedEx, Lowers Target To $109 Notes 'We thought that EPS had bottomed after 1Q but we were wrong'",105.08,105.2,0.1089,neutral,up,0.3885,"[PLACEHOLDER - Ollama unavailable, not a real model explanation] The headline ""UPDATE: Morgan Stanley Maintains Equal-Weight On FedEx, Lowers Target To $109 Notes 'We thought that EPS had bottomed after 1Q but we were wrong'"" reads as a up signal for the stock, which is consistent with an upward next-day move.",
FNSPID_04699,2019-12-18,FDX,"Morgan Stanley Earlier Maintained Equal-Weight on FedEx, Lowered Price Target to $109",105.08,105.2,0.1089,neutral,up,0.3628,,
FNSPID_04700,2019-12-18,FDX,"UPDATE: Raymond James On FedEx Notes 'investments being made across the portfolio position FDX to reap future operational cost benefits (heightened capex profile), synergies (TNT), and growth (seven-day service in FDX Ground'",105.08,105.2,0.1089,neutral,up,0.4319,,
FNSPID_04701,2019-12-18,FDX,"UPDATE: Raymond James Maintains Outperform On FedEx, Lowers Target To $167 Notes 'we see limited downside, though we will keep a close eye on macro, service, and integration progress'",105.08,105.2,0.1089,neutral,up,0.4341,,
FNSPID_04702,2019-12-18,FDX,"Raymond James Earlier Maintained Outperform on FedEx, Lowered Price Target to $167",105.08,105.2,0.1089,neutral,up,0.3599,,
FNSPID_04703,2019-12-18,FDX,40 Stocks Moving In Wednesday's Mid-Day Session,105.08,105.2,0.1089,neutral,up,0.4379,,
FNSPID_04704,2019-12-18,FDX,"Commentary: Foreign Trade Zones Are Not ""Free Trade Zones""",105.08,105.2,0.1089,neutral,neutral,0.4299,,
FNSPID_04705,2019-12-18,FDX,Today's Pickup: Isuzu Motors To Acquire Volvo's UD Trucks For $2.3 Billion,105.08,105.2,0.1089,neutral,up,0.3668,"[PLACEHOLDER - Ollama unavailable, not a real model explanation] The headline ""Today's Pickup: Isuzu Motors To Acquire Volvo's UD Trucks For $2.3 Billion"" reads as a up signal for the stock, which is consistent with an upward next-day move.",
FNSPID_04706,2019-12-18,FDX,"UPDATE: Bank Of America Reiterates Neutral On FedEx, Lowers Target To $163 Notes 'We believe FedEx shares reflect overhang from higher Express/ TNT costs, economic and trade overhang, and the lost Amazon Ground and Express business'",105.08,105.2,0.1089,neutral,up,0.4341,"[PLACEHOLDER - Ollama unavailable, not a real model explanation] The headline ""UPDATE: Bank Of America Reiterates Neutral On FedEx, Lowers Target To $163 Notes 'We believe FedEx shares reflect overhang from higher Express/ TNT costs, economic and trade overhang, and the lost Amazon Ground and Express business'"" reads as a up signal for the stock, which is consistent with an upward next-day move.",
FNSPID_04707,2019-12-18,FDX,"UPDATE: Wells Fargo Maintains Overweight On FedEx, Lowers Target To $183 Notes 'While the cost challenges in Ground were a negative surprise in the quarter, we remain Overweight and continue to take the view that FY2020 earnings will be a likely bottom'",105.08,105.2,0.1089,neutral,up,0.4336,,
FNSPID_04708,2019-12-18,FDX,"Benzinga's Top Upgrades, Downgrades For December 18, 2019",105.08,105.2,0.1089,neutral,up,0.3892,"[PLACEHOLDER - Ollama unavailable, not a real model explanation] The headline ""Benzinga's Top Upgrades, Downgrades For December 18, 2019"" reads as a up signal for the stock, which is consistent with an upward next-day move.",
FNSPID_04709,2019-12-18,FDX,"UPDATE: Credit Suisse On FedEx Notes 'With many of the major problematic cost headwinds being largely absorbed in FY20, there is reasonable line of sight toward margin improvement and a reacceleration in earnings growth in FY21'",105.08,105.2,0.1089,neutral,up,0.463,,
FNSPID_04710,2019-12-18,FDX,"UPDATE: Credit Suisse Maintains Outperform On FedEx, Raises Target To $170 Notes 'at this point it is truly a challenge for us to think that things get materially worse from here'; 'Shaping up to be a Good Stock for 2020'",105.08,105.2,0.1089,neutral,up,0.4239,,
FNSPID_04711,2019-12-18,FDX,New Chapter In Ugly FedEx-Amazon Divorce Puts Merchants In Middle,105.08,105.2,0.1089,neutral,neutral,0.3886,,
FNSPID_04712,2019-12-18,FDX,"FedEx Hits ""Bottom"" In Fiscal 2020 Second Quarter",105.08,105.2,0.1089,neutral,up,0.3533,,
FNSPID_04713,2019-12-18,FDX,Investor Optimism Continues After Trade Deal; FedEx Delivers Disappointing Results,105.08,105.2,0.1089,neutral,up,0.3955,,
FNSPID_04714,2019-12-18,FDX,"Benzinga Pro's Top 5 Stocks To Watch For Wed., Dec. 18, 2019: UPS, MU, EPZM, SLDB, XXII",105.08,105.2,0.1089,neutral,up,0.396,,
FNSPID_04715,2019-12-18,FDX,"JP Morgan Maintains Neutral on FedEx, Lowers Price Target to $147",105.08,105.2,0.1089,neutral,up,0.3713,,
FNSPID_04716,2019-12-18,FDX,10 Biggest Price Target Changes For Wednesday,105.08,105.2,0.1089,neutral,neutral,0.3499,,
FNSPID_04717,2019-12-18,FDX,"BMO Capital Maintains Market Perform on FedEx, Lowers Price Target to $160",105.08,105.2,0.1089,neutral,up,0.3821,,
FNSPID_04718,2019-12-18,FDX,"Bank of America Reiterates Neutral on FedEx, Lowers Price Target to $163",105.08,105.2,0.1089,neutral,up,0.3592,"[PLACEHOLDER - Ollama unavailable, not a real model explanation] The headline ""Bank of America Reiterates Neutral on FedEx, Lowers Price Target to $163"" reads as a up signal for the stock, which is consistent with an upward next-day move.",
FNSPID_04719,2019-12-18,FDX,7 Industrials Stocks Moving In Wednesday's Pre-Market Session,105.08,105.2,0.1089,neutral,up,0.4363,,
FNSPID_04720,2019-12-18,FDX,"Wells Fargo Maintains Overweight on FedEx, Lowers Price Target to $183",105.08,105.2,0.1089,neutral,up,0.3635,,
FNSPID_04721,2019-12-18,FDX,26 Stocks Moving in Wednesday's Pre-Market Session,105.08,105.2,0.1089,neutral,up,0.4464,,
FNSPID_04722,2019-12-18,FDX,"Credit Suisse Maintains Outperform on FedEx, Raises Price Target to $170",105.08,105.2,0.1089,neutral,up,0.3688,,
FNSPID_04723,2019-12-18,FDX,A Peek Into The Markets: US Stock Futures Edge Higher; General Mills Earnings Top Views,105.08,105.2,0.1089,neutral,up,0.3876,,
FNSPID_04724,2019-12-18,FDX,Oppenheimer Downgrades FedEx to Perform,105.08,105.2,0.1089,neutral,neutral,0.3469,,
FNSPID_04725,2019-12-18,FDX,FedEx shares are trading lower after the company reported worse-than-expected Q2 results and issued soft FY20 guidance.,105.08,105.2,0.1089,neutral,up,0.3936,,
FNSPID_04726,2019-12-18,FDX,"9 Stocks To Watch For December 18, 2019",105.08,105.2,0.1089,neutral,up,0.4217,,
FNSPID_04727,2019-12-17,FDX,"FedEx Fails To Deliver, Reports Q2 Earnings Miss",116.8,105.08,-10.0288,down,neutral,0.3496,,
FNSPID_04728,2019-12-17,FDX,FedEx shares are trading lower after the company reported worse-than-expected Q2 results and issued soft FY20 guidance.,116.8,105.08,-10.0288,down,up,0.3936,,
FNSPID_04729,2019-12-17,FDX,Fedex Sees FY 2020 EPS $9.10 - $10.35 vs $12.03 Est,116.8,105.08,-10.0288,down,up,0.4194,,
FNSPID_04730,2019-12-17,FDX,Fedex Reports Q2 Revenue $17.3B vs $17.57B Est,116.8,105.08,-10.0288,down,up,0.4192,,
FNSPID_04731,2019-12-17,FDX,Fedex Reports Q2 EPS $2.51 vs $2.84 Est,116.8,105.08,-10.0288,down,up,0.4133,,
FNSPID_04732,2019-12-17,FDX,"Amazon's Shot At FedEx, 737 MAX Minimized, And A Tribute To American Shipper – WTT?!?",116.8,105.08,-10.0288,down,neutral,0.3807,,
FNSPID_04733,2019-12-17,FDX,"PreMarket Prep Recap: Boeing Approaches Key Technical Level, Amazon Forgoes Holiday Spirit With FedEx",116.8,105.08,-10.0288,down,up,0.362,,
FNSPID_04734,2019-12-17,FDX,Analyst: Amazon Blocking FedEx Ground Good News For UPS,116.8,105.08,-10.0288,down,up,0.3791,,
FNSPID_04735,2019-12-17,FDX,"Breathing A Sigh Of Consolidation As Markets Continue To Digest Trade, Brexit, Fed News",116.8,105.08,-10.0288,down,up,0.3736,,
FNSPID_04736,2019-12-17,FDX,"Tuesday's Market Minute: Holiday Shopping, Holiday Shipping",116.8,105.08,-10.0288,down,neutral,0.4071,,
FNSPID_04737,2019-12-17,FDX,A Preview Of FedEx's Earnings,116.8,105.08,-10.0288,down,neutral,0.3644,"[PLACEHOLDER - Ollama unavailable, not a real model explanation] The headline ""A Preview Of FedEx's Earnings"" reads as a neutral signal for the stock, which is consistent with little or no next-day move.",
FNSPID_04738,2019-12-17,FDX,"8 Stocks To Watch For December 17, 2019",116.8,105.08,-10.0288,down,up,0.42,"[PLACEHOLDER - Ollama unavailable, not a real model explanation] The headline ""8 Stocks To Watch For December 17, 2019"" reads as a up signal for the stock, which is consistent with an upward next-day move.",
FNSPID_04739,2019-12-17,FDX,"Earnings Scheduled For December 17, 2019",116.8,105.08,-10.0288,down,down,0.4456,"[PLACEHOLDER - Ollama unavailable, not a real model explanation] The headline ""Earnings Scheduled For December 17, 2019"" reads as a down signal for the stock, which is consistent with a downward next-day move.",
FNSPID_04740,2019-12-17,FDX,Amazon Bars Prime Sellers From Shipping With FedEx As Holiday Shopping Peaks,116.8,105.08,-10.0288,down,neutral,0.3577,,
FNSPID_04741,2019-12-16,FDX,Amazon Halting FedEx Ground Deliveries By Seller Fulfilled Prime Customers,117.42,116.8,-0.5302,neutral,up,0.3612,,
FNSPID_04742,2019-12-16,FDX,FedEx shares are trading lower on news that Amazon blocks sellers from using FedEx Ground for Prime shipments.,117.42,116.8,-0.5302,neutral,up,0.3892,,
FNSPID_04743,2019-12-16,FDX,Amazon Blocks Sellers From Using FedEx Ground For Prime Shipments,117.42,116.8,-0.5302,neutral,neutral,0.3562,,
FNSPID_04744,2019-12-16,FDX,Today's Pickup: Tesla's Truck May Not Ride In Europe; Pushback On Morgan Stanley's Amazon Forecast,117.42,116.8,-0.5302,neutral,up,0.3626,,
FNSPID_04745,2019-12-16,FDX,"Not Over Yet: Twists And Turns Still Ahead Including Nike Earnings, Quadruple Witching",117.42,116.8,-0.5302,neutral,up,0.3788,,
FNSPID_04746,2019-12-14,FDX,"Barron's Picks And Pans: Charles Schwab, Disney, Sprint, Netflix And More",117.42,116.8,-0.5302,neutral,neutral,0.4021,,
FNSPID_04747,2019-12-13,FDX,"Benzinga's Top Upgrades, Downgrades For December 13, 2019",118.54,117.42,-0.9477,neutral,up,0.3881,,
FNSPID_04748,2019-12-13,FDX,"Benzinga Pro's Top 5 Stocks To Watch For Fri., Dec. 13, 2019: EWU, SRPT, FDX, IHRT, REGN",118.54,117.42,-0.9477,neutral,up,0.3922,,
FNSPID_04749,2019-12-12,FDX,FedEx shares are trading higher after UBS upgraded the stock from Sell to Neutral and raised the price target from $132 to $161 per share.,117.99,118.54,0.4731,neutral,up,0.4153,,
FNSPID_04750,2019-12-12,FDX,"Benzinga's Top Upgrades, Downgrades For December 12, 2019",117.99,118.54,0.4731,neutral,up,0.3878,,
FNSPID_04751,2019-12-12,FDX,Volga-Dnepr Veteran Takes Top Cargo Job At UK Airport,117.99,118.54,0.4731,neutral,up,0.382,,
FNSPID_04752,2019-12-12,FDX,Second Peak Shipping Week Hits Snag As Mother Nature Intervenes,117.99,118.54,0.4731,neutral,neutral,0.3555,,
FNSPID_04753,2019-12-12,FDX,"Morgan Stanley Maintains Equal-Weight on FedEx, Lowers Price Target to $111",117.99,118.54,0.4731,neutral,up,0.3568,,
FNSPID_04754,2019-12-12,FDX,10 Biggest Price Target Changes For Thursday,117.99,118.54,0.4731,neutral,up,0.3523,,
FNSPID_04755,2019-12-12,FDX,"UBS Upgrades FedEx to Neutral, Raises Price Target to $161",117.99,118.54,0.4731,neutral,up,0.3699,,
FNSPID_04756,2019-12-09,FDX,"Celadon, Biggest Bankruptcy In Truckload History Expected By Mid-Week",111.99,112.34,0.3131,neutral,up,0.3671,"[PLACEHOLDER - Ollama unavailable, not a real model explanation] The headline ""Celadon, Biggest Bankruptcy In Truckload History Expected By Mid-Week"" reads as a up signal for the stock, which is consistent with an upward next-day move.",
FNSPID_04757,2019-12-09,FDX,Parcel Carriers Shine In First Peak Week,111.99,112.34,0.3131,neutral,up,0.3638,,
FNSPID_04758,2019-12-06,FDX,UK's East Midlands Airport Eyes Direct China Cargo Operations,112.06,111.99,-0.0639,neutral,up,0.3525,,
FNSPID_04759,2019-12-03,FDX,Amazon.com's Amazing Rise Wins It Top FreightTech 25 Honors,107.69,109.64,1.8063,up,neutral,0.3896,,
FNSPID_04760,2019-12-03,FDX,FedEx shares are trading lower. KeyBanc lowered its FY20 EPS estimate for FedEx from $12.25 to $12.00.,107.69,109.64,1.8063,up,down,0.4284,,
FNSPID_04761,2019-12-03,FDX,"FAA Calls Lufthansa Skirting Of Operating Approvals ""Blatant""",107.69,109.64,1.8063,up,up,0.3617,,
FNSPID_04762,2019-11-28,FDX,'Fast Money Halftime Report' Picks From Nov. 27,114.04,112.6,-1.2621,down,neutral,0.3456,"[PLACEHOLDER - Ollama unavailable, not a real model explanation] The headline ""'Fast Money Halftime Report' Picks From Nov. 27"" reads as a neutral signal for the stock, which is consistent with little or no next-day move.",
FNSPID_04763,2019-11-26,FDX,December Outlook: Will Trade Bells Start Ringing As Shopping Season Kicks Off?,115.07,115.08,0.0062,neutral,neutral,0.3986,,
FNSPID_04764,2019-11-25,FDX,Today's Pickup: A Race To The Bottom In E-Grocery Delivery; Stylish Delivery Robots; Using The Bathroom While You Work At UP,113.68,115.07,1.2285,up,neutral,0.4275,,
FNSPID_04765,2019-11-25,FDX,"Goodman's North American Unit Swallows 65 Acres Of Los Angeles ""Infill"" Real Estate",113.68,115.07,1.2285,up,neutral,0.4022,,
FNSPID_04766,2019-11-22,FDX,What Makes Old Dominion A Transportation Superstar?,111.55,113.68,1.9099,up,neutral,0.4626,,
FNSPID_04767,2019-11-21,FDX,"FedEx Says Will Not Apply Residential Peak Surcharge This Holiday Season, Expects To Move 33M+ Packages On Cyber Monday",108.36,111.55,2.9392,up,up,0.3906,,
FNSPID_04768,2019-11-21,FDX,BiTA Announces Involvement In 2 Blockchain Proof-Of-Concept Projects,108.36,111.55,2.9392,up,neutral,0.3626,"[PLACEHOLDER - Ollama unavailable, not a real model explanation] The headline ""BiTA Announces Involvement In 2 Blockchain Proof-Of-Concept Projects"" reads as a neutral signal for the stock, which is consistent with little or no next-day move.",
FNSPID_04769,2019-11-20,FDX,"FedEx, UPS To Slap Major Handling Surcharges On More Parcels",108.5,108.36,-0.1248,neutral,up,0.3782,,
FNSPID_04770,2019-11-19,FDX,"UPS, Portland Team Up On Electric-Assist Trike Delivery",110.81,108.5,-2.0898,down,up,0.3602,,
FNSPID_04771,2019-11-19,FDX,"Tech investments Improve Delta's Cargo Business, Official Says",110.81,108.5,-2.0898,down,up,0.4015,,
FNSPID_04772,2019-11-18,FDX,Today's Pick-Up: Nail Bars In Warehouses; FedEx's Smith Goes To War With New York Times,112.26,110.81,-1.2885,down,neutral,0.3722,,
FNSPID_04773,2019-11-18,FDX,NYT: FedEx A Case Study In The Shortcomings Of Trump's Corporate Tax Cuts,112.26,110.81,-1.2885,down,up,0.3762,,
FNSPID_04774,2019-11-18,FDX,UPS To Waive Money-Back Guarantees If Third Parties Use Tracking Data,112.26,110.81,-1.2885,down,up,0.3595,"[PLACEHOLDER - Ollama unavailable, not a real model explanation] The headline ""UPS To Waive Money-Back Guarantees If Third Parties Use Tracking Data"" reads as a up signal for the stock, which is consistent with an upward next-day move.",
FNSPID_04775,2019-11-14,FDX,USPS' Fiscal 2019 Package Volumes Hits Flat Notes,111.64,112.81,1.0531,up,up,0.3971,,
FNSPID_04776,2019-11-12,FDX,FedEx Unit More Than Doubles Early-A.M. Transpacific Air Network,114.87,111.32,-3.0951,down,neutral,0.3848,,
FNSPID_04777,2019-11-11,FDX,Regional Parcel Carriers Hope E-Commerce Will Boost Share Of Shippers' Wallets,115.56,114.87,-0.5919,neutral,neutral,0.3685,,
FNSPID_04778,2019-11-08,FDX,"UPS, In Latest Density Push, Pays Customers To Pick Up At Alternate Locations",116.3,115.56,-0.6372,neutral,neutral,0.3587,,
FNSPID_04779,2019-11-08,FDX,Appeals Court Finds UPS Liable For Illegally Transporting Contraband Cigarettes,116.3,115.56,-0.6372,neutral,neutral,0.3364,,
FNSPID_04780,2019-11-07,FDX,"'Fast Money Halftime Report' Traders Give Their View On Ford, Starbucks And More",116.8,116.3,-0.427,neutral,up,0.3721,,
FNSPID_04781,2019-11-07,FDX,"Alibaba, FedEx And More 'Fast Money Halftime Report' Picks For November 7",116.8,116.3,-0.427,neutral,neutral,0.3729,,
FNSPID_04782,2019-11-06,FDX,"In Change To Flat-Rate Shipping Program, FedEx Revises Packaging Rules",116.26,116.8,0.4596,neutral,up,0.3638,"[PLACEHOLDER - Ollama unavailable, not a real model explanation] The headline ""In Change To Flat-Rate Shipping Program, FedEx Revises Packaging Rules"" reads as a up signal for the stock, which is consistent with an upward next-day move.",
FNSPID_04783,2019-11-05,FDX,"Uber Shares Hit The Curb After Earnings, But Trade Optimism Continues To Lift Market",117.46,116.26,-1.0191,down,up,0.3991,"[PLACEHOLDER - Ollama unavailable, not a real model explanation] The headline ""Uber Shares Hit The Curb After Earnings, But Trade Optimism Continues To Lift Market"" reads as a up signal for the stock, which is consistent with an upward next-day move.",
FNSPID_04784,2019-11-05,FDX,UPS Expects Soaring Holiday Returns; Peak Day 26% Higher Than 2018,117.46,116.26,-1.0191,down,up,0.4076,,
FNSPID_04785,2019-11-04,FDX,"FedEx shares are trading higher in sympathy with the overall market on positive U.S.-China trade news. The National Security Adviser Robert O'Brien said ""we're relatively close to an agreement.""",117.45,117.46,0.0061,neutral,up,0.4443,,
FNSPID_04786,2019-11-04,FDX,"Charges Against Russian Trucking Owner Now Include Bribery, Kickbacks, Murder-For-Hire Plot",117.45,117.46,0.0061,neutral,neutral,0.3799,,
FNSPID_04787,2019-11-04,FDX,6 Industrials Stocks Moving In Monday's Pre-Market Session,117.45,117.46,0.0061,neutral,up,0.4401,,
FNSPID_04788,2019-11-03,FDX,"Notable Insider Buys In The Past Week: FedEx, Kinder Morgan, Trinity Industries",117.45,117.46,0.0061,neutral,up,0.361,,
FNSPID_04789,2019-10-30,FDX,"FedEx, UPS Begin The Great Last-Mile Delivery Divergence",111.04,108.77,-2.0406,down,neutral,0.4001,,
FNSPID_04790,2019-10-29,FDX,"Wells Fargo Bullish On FedEx, UPS",112.59,111.04,-1.3733,down,up,0.3586,,
FNSPID_04791,2019-10-29,FDX,Ben Gordon: Amazon Earnings Miss Highlights Competition In Last Mile,112.59,111.04,-1.3733,down,neutral,0.3784,,
FNSPID_04792,2019-10-29,FDX,"Wells Fargo Initiates Coverage On FedEx with Outperform Rating, Announces $189 Price Target",112.59,111.04,-1.3733,down,up,0.367,,
FNSPID_04793,2019-10-28,FDX,"UPDATE: Alphabet Held Secret 'Logistics Summit' With Representatives From FedEx, Other Shipping Cos.",112.86,112.59,-0.2462,neutral,up,0.358,"[PLACEHOLDER - Ollama unavailable, not a real model explanation] The headline ""UPDATE: Alphabet Held Secret 'Logistics Summit' With Representatives From FedEx, Other Shipping Cos."" reads as a up signal for the stock, which is consistent with an upward next-day move.",
FNSPID_04794,2019-10-28,FDX,FedEx Shares Volatile As Hearing Google Held Secret Meetings With Representatives From FedEx,112.86,112.59,-0.2462,neutral,up,0.3691,,
FNSPID_04795,2019-10-28,FDX,Amazon Offering Big Shippers Customized Ground Delivery Services At Low Rates,112.86,112.59,-0.2462,neutral,neutral,0.4084,,
FNSPID_04796,2019-10-26,FDX,"Barron's Picks And Pans: Altria, Square, Walmart And More",112.86,112.59,-0.2462,neutral,neutral,0.374,,
FNSPID_04797,2019-10-25,FDX,'Fast Money Halftime Report' Picks For October 24,112.64,112.86,0.1961,neutral,neutral,0.357,,
FNSPID_04798,2019-10-23,FDX,"Peak Season For Air Cargo: Past Results, Present Challenges",111.14,109.76,-1.2373,down,neutral,0.3624,,
FNSPID_04799,2019-10-23,FDX,"Amazon Expands Its In-Store Pickup Service Counter, Adds GNC, Health Mart And Stage Stores",111.14,109.76,-1.2373,down,neutral,0.3736,,
FNSPID_04800,2019-10-22,FDX,Today's Pickup: Konexial Acquires Axle Technologies AOBRD Customers,110.18,111.14,0.873,neutral,neutral,0.3639,,
FNSPID_04801,2019-10-22,FDX,"UPS Expands Drone, Other Operations For Healthcare Companies; Broadens E-Commerce Reach For Smaller Businesses",110.18,111.14,0.873,neutral,up,0.3639,,
FNSPID_04802,2019-10-22,FDX,"Mixed Bag: Better Outlooks From Lockheed, United Technologies, But McDonald's Misses",110.18,111.14,0.873,neutral,up,0.3568,,
FNSPID_04803,2019-10-21,FDX,"Wing Teams Up With FedEx, Walgreens For Milestone Drone Delivery",108.33,110.18,1.7035,up,neutral,0.3931,"[PLACEHOLDER - Ollama unavailable, not a real model explanation] The headline ""Wing Teams Up With FedEx, Walgreens For Milestone Drone Delivery"" reads as a neutral signal for the stock, which is consistent with little or no next-day move.",
FNSPID_04804,2019-10-18,FDX,UPS' Entry Could Raise Interest In Flat-Rate Parcel Shipping,106.81,108.33,1.4208,up,up,0.3866,,
FNSPID_04805,2019-10-15,FDX,FedEx Freight Expands Last Mile Delivery Network,106.85,107.43,0.5401,neutral,neutral,0.3861,,
FNSPID_04806,2019-10-15,FDX,Surprise! The Airbus Jetliner You Ordered Years Ago Just Got More Expensive,106.85,107.43,0.5401,neutral,neutral,0.414,,
FNSPID_04807,2019-10-14,FDX,Goldman Sachs Cuts 2020 Transports Earnings Estimates On Industrial Weakness,104.58,106.85,2.1665,up,up,0.3712,"[PLACEHOLDER - Ollama unavailable, not a real model explanation] The headline ""Goldman Sachs Cuts 2020 Transports Earnings Estimates On Industrial Weakness"" reads as a up signal for the stock, which is consistent with an upward next-day move.",
FNSPID_04808,2019-10-14,FDX,FedEx Opens 3 New Facilities for its International Business,104.58,106.85,2.1665,up,up,0.3551,,
FNSPID_04809,2019-10-12,FDX,'Fast Money' Picks For October 14,104.58,106.85,2.1665,up,neutral,0.3861,"[PLACEHOLDER - Ollama unavailable, not a real model explanation] The headline ""'Fast Money' Picks For October 14"" reads as a neutral signal for the stock, which is consistent with little or no next-day move.",
FNSPID_04810,2019-10-11,FDX,Shares of several industrial companies are trading higher after President Trump made positive remarks on the U.S.-China trade talks as traders grew more optimistic over the possibility of a limited trade deal. Trump is scheduled to meet with Chinese Vice Premier Liu He at the White House today.,103.7,104.58,0.852,neutral,up,0.382,,
FNSPID_04811,2019-10-11,FDX,"Berenberg Maintains Hold on FedEx, Lowers Price Target to $155",103.7,104.58,0.852,neutral,up,0.3605,,
FNSPID_04812,2019-10-11,FDX,18 Industrials Stocks Moving In Friday's Pre-Market Session,103.7,104.58,0.852,neutral,up,0.4372,,
FNSPID_04813,2019-10-10,FDX,Amazon Partner Inpax Lays Off About 600 After Amazon Ends Relationship,100.72,103.7,2.957,up,neutral,0.408,,
FNSPID_04814,2019-10-09,FDX,Stocks That Hit 52-Week Lows On Wednesday,99.22,100.72,1.5153,up,neutral,0.3398,,
FNSPID_04815,2019-10-09,FDX,"FedEx, Walgreens Add Returns To Their Joint Portfolio",99.22,100.72,1.5153,up,up,0.3542,,
FNSPID_04816,2019-10-09,FDX,"Benzinga's Top Upgrades, Downgrades For October 9, 2019",99.22,100.72,1.5153,up,up,0.3898,,
FNSPID_04817,2019-10-09,FDX,A Peek Into The Markets: US Stock Futures Up; Dow Futures Rise Over 200 Points,99.22,100.72,1.5153,up,up,0.3895,,
FNSPID_04818,2019-10-09,FDX,"Bernstein Downgrades FedEx to Market Perform, Announces $153 Price Target",99.22,100.72,1.5153,up,up,0.3522,,
FNSPID_04819,2019-10-08,FDX,Boeing Deliveries Plummet In Q3,98.61,99.22,0.6214,neutral,up,0.352,,
FNSPID_04820,2019-10-08,FDX,FedEx Announces Partnership To Facilitate Walgreens Customer Returns,98.61,99.22,0.6214,neutral,up,0.3677,,
FNSPID_04821,2019-10-07,FDX,Michaels Craft Stores Now Function As UPS Drop Off And Pick Up Locations,101.24,98.61,-2.604,down,neutral,0.3668,,
FNSPID_04822,2019-10-04,FDX,UPS To Invest $220 Million In Louisville Maintenance Hangar,101.89,101.24,-0.6364,neutral,up,0.358,,
FNSPID_04823,2019-10-03,FDX,Stocks That Hit 52-Week Lows On Thursday,100.97,101.89,0.9103,neutral,neutral,0.3405,,
FNSPID_04824,2019-10-03,FDX,"Loss Of Parcel Select Business Could Hit USPS Hard, Consultancy Says",100.97,101.89,0.9103,neutral,up,0.4084,,
FNSPID_04825,2019-10-02,FDX,Stocks That Hit 52-Week Lows On Wednesday,100.31,100.97,0.6606,neutral,neutral,0.3398,,
FNSPID_04826,2019-10-02,FDX,Shares of several industrial companies are trading lower on continued fears of a recession following weak ADP jobs report. There is also uncertainty in the market over the upcoming U.S.-China meeting next week.,100.31,100.97,0.6606,neutral,up,0.3742,,
FNSPID_04827,2019-10-02,FDX,Salesforce Forecasts 13% Holiday E-Commerce Growth In 2019,100.31,100.97,0.6606,neutral,up,0.3952,,
FNSPID_04828,2019-10-02,FDX,ChemDirect Joins Blockchain Alliance,100.31,100.97,0.6606,neutral,neutral,0.3826,,
FNSPID_04829,2019-10-02,FDX,8 Industrials Stocks Moving In Wednesday's Pre-Market Session,100.31,100.97,0.6606,neutral,up,0.4388,"[PLACEHOLDER - Ollama unavailable, not a real model explanation] The headline ""8 Industrials Stocks Moving In Wednesday's Pre-Market Session"" reads as a up signal for the stock, which is consistent with an upward next-day move.",
FNSPID_04830,2019-10-01,FDX,Stocks That Hit 52-Week Lows On Tuesday,100.92,100.31,-0.6072,neutral,neutral,0.3394,,
FNSPID_04831,2019-10-01,FDX,Shares of several industrial companies are trading lower after worse-than-expected PMI results.,100.92,100.31,-0.6072,neutral,up,0.3637,,
FNSPID_04832,2019-09-30,FDX,8 Latest Short Seller Targets,103.72,100.92,-2.6997,down,neutral,0.3495,"[PLACEHOLDER - Ollama unavailable, not a real model explanation] The headline ""8 Latest Short Seller Targets"" reads as a neutral signal for the stock, which is consistent with little or no next-day move.",
FNSPID_04833,2019-09-30,FDX,PE-Backed Truckload Carrier Files Bankruptcy. 339 Trucks Impacted.,103.72,100.92,-2.6997,down,neutral,0.3419,,
FNSPID_04834,2019-09-30,FDX,DHL Express Hikes US Rates 5.9% For 2020,103.72,100.92,-2.6997,down,up,0.4042,"[PLACEHOLDER - Ollama unavailable, not a real model explanation] The headline ""DHL Express Hikes US Rates 5.9% For 2020"" reads as a up signal for the stock, which is consistent with an upward next-day move.",
FNSPID_04835,2019-09-25,FDX,FedEx shares are trading higher as a potential rebound from September 18 when the stock fell roughly 13% following the company reporting weak Q2 earnings results.,104.77,103.43,-1.2786,down,up,0.4276,,
FNSPID_04836,2019-09-25,FDX,Today's Pickup: Legal home Deliveries Of Marijuana Coming To Massachusetts,104.77,103.43,-1.2786,down,neutral,0.3759,,
FNSPID_04837,2019-09-25,FDX,Beyond Impeachment: Nike Earnings Shine and Tobacco Giants Call Off Merger Talks,104.77,103.43,-1.2786,down,neutral,0.3755,,
FNSPID_04838,2019-09-24,FDX,"Netflix, Twitter And More 'Fast Money Halftime Report' Picks From September 24",102.07,104.77,2.6457,up,neutral,0.3988,,
FNSPID_04839,2019-09-24,FDX,Hearing Dealreporter Says FedEx May Be Targeted By An Activist Investor,102.07,104.77,2.6457,up,up,0.3713,,
FNSPID_04840,2019-09-23,FDX,Stocks That Hit 52-Week Lows On Monday,103.79,102.07,-1.6613,down,neutral,0.339,,
FNSPID_04841,2019-09-20,FDX,Proposal Floated To Allow USPS Self-Declaration Of Foreign Postal Shipments; Keep US In UPU,106.01,103.79,-2.0904,down,up,0.3901,,
FNSPID_04842,2019-09-19,FDX,World's Foremost Blockchain Experts And Groundbreaking Projects Part Of The Upcoming BiTA Symposium,108.62,106.01,-2.4073,down,neutral,0.4347,,
FNSPID_04843,2019-09-19,FDX,Mike Khouw Sees Unusual Activity In FedEx,108.62,106.01,-2.4073,down,up,0.393,"[PLACEHOLDER - Ollama unavailable, not a real model explanation] The headline ""Mike Khouw Sees Unusual Activity In FedEx"" reads as a up signal for the stock, which is consistent with an upward next-day move.",
FNSPID_04844,2019-09-19,FDX,FedEx Pilot Has Been Detained By Police In Southern China,108.62,106.01,-2.4073,down,down,0.396,,
FNSPID_04845,2019-09-19,FDX,7 Industrials Stocks Moving In Thursday's Pre-Market Session,108.62,106.01,-2.4073,down,up,0.437,,
FNSPID_04846,2019-09-19,FDX,52 Biggest Movers From Yesterday,108.62,106.01,-2.4073,down,up,0.3731,,
FNSPID_04847,2019-09-18,FDX,Does FedEx Face A Cyclical Or Structural Problem?,107.53,108.62,1.0205,up,neutral,0.427,,
FNSPID_04848,2019-09-18,FDX,"PreMarket Prep Recap: A Trio Of Earnings Debacles, Facebook Pulls A Fast One On Roku",107.53,108.62,1.0205,up,neutral,0.3719,,
FNSPID_04849,2019-09-18,FDX,Mid-Afternoon Market Update: Dow Falls Over 200 Points After Federal Reserve Lowers Interest Rates,107.53,108.62,1.0205,up,up,0.3824,,
FNSPID_04850,2019-09-18,FDX,36 Stocks Moving In Wednesday's Mid-Day Session,107.53,108.62,1.0205,up,up,0.4472,,
FNSPID_04851,2019-09-18,FDX,"UPDATE: UBS Maintains Sell On FedEx, Lowers Target To $132 As Firm Notes 'Weaker International drives a much greater than expected F2020 Reduction'; Firm Believes 'there is limited visibility to stronger margin performance necessary for a positive view'",107.53,108.62,1.0205,up,up,0.4447,,
FNSPID_04852,2019-09-18,FDX,Today's Pickup: Germany Moves To Tighten Rules On Delivery Subcontractors,107.53,108.62,1.0205,up,up,0.3735,"[PLACEHOLDER - Ollama unavailable, not a real model explanation] The headline ""Today's Pickup: Germany Moves To Tighten Rules On Delivery Subcontractors"" reads as a up signal for the stock, which is consistent with an upward next-day move.",
FNSPID_04853,2019-09-18,FDX,"FedEx Delivers Pain To Shareholders, But Some Analysts Are Shipping Support",107.53,108.62,1.0205,up,up,0.3633,,
FNSPID_04854,2019-09-18,FDX,"A Look At Benzinga Pro's Most-Searched Tickers For September 18, 2019",107.53,108.62,1.0205,up,neutral,0.3853,,
FNSPID_04855,2019-09-18,FDX,Mid-Day Market Update: FedEx Falls Following Downbeat Q2 Results; SPI Energy Shares Jump,107.53,108.62,1.0205,up,up,0.402,,
FNSPID_04856,2019-09-18,FDX,"UPDATE: Raymond James Reiterates Outperform On FedEx, Lowers Target To $175 Notes 'while we admittedly remain somewhat hesitant on the timeline, we still believe, at full integration, TNT's road-network can provide substantial cost savings in Europe'",107.53,108.62,1.0205,up,up,0.4497,,
FNSPID_04857,2019-09-18,FDX,"UPDATE: Stifel On FedEx Also Notes 'If all goes well, the stock could be at $180 again next year. If not, there is still downside to the shares, so we will wait to see more favorable risk/return before getting interested again'",107.53,108.62,1.0205,up,up,0.4009,,
FNSPID_04858,2019-09-18,FDX,"UPDATE: Stifel Downgrades FedEx To Hold, Lowers Target To $171 As Firm Notes 'Outlook Cut, as Express Slows Down; Moving to Sidelines'",107.53,108.62,1.0205,up,up,0.4163,,
FNSPID_04859,2019-09-18,FDX,Delta Explores Forest Residue As Jet Fuel,107.53,108.62,1.0205,up,neutral,0.4232,,
FNSPID_04860,2019-09-18,FDX,"UPDATE: KeyBanc Downgrades FedEx To Sector Weight 'to reflect a softer international outlook, negative mix shift with respect to Ground margins, and elevated near-term investment'",107.53,108.62,1.0205,up,up,0.4295,,
FNSPID_04861,2019-09-18,FDX,'Cramer: FedEx holds 'most dispiriting call about the economy I've heard in a very long time' -CNBC,107.53,108.62,1.0205,up,up,0.3578,,
FNSPID_04862,2019-09-18,FDX,"Benzinga's Top Upgrades, Downgrades For September 18, 2019",107.53,108.62,1.0205,up,up,0.3878,,
FNSPID_04863,2019-09-18,FDX,Mid-Morning Market Update: Markets Edge Lower; General Mills Posts Mixed Q1 Results,107.53,108.62,1.0205,up,up,0.4015,,
FNSPID_04864,2019-09-18,FDX,"UPDATE: BMO Maintains Downgrades FedEx To Market Perform, Lowers Target To $165 As Firm Notes 'The weaker global macroeconomic environment is weighing more heavily on FDX's higher-margin B2B business than anticipated'",107.53,108.62,1.0205,up,up,0.4392,,
FNSPID_04865,2019-09-18,FDX,"At FedEx, The Pain Continues, And The Gain Isn't In Sight",107.53,108.62,1.0205,up,neutral,0.3728,,
FNSPID_04866,2019-09-18,FDX,Fed And FedEx: Rate Decision Looms As Tariff Repercussions Seen In FDX Q1,107.53,108.62,1.0205,up,up,0.3939,,
FNSPID_04867,2019-09-18,FDX,"Benzinga Pro's Top 10 Most-Searched Tickers For Morning of Wednesday, September 18, 2019",107.53,108.62,1.0205,up,up,0.3721,,
FNSPID_04868,2019-09-18,FDX,10 Biggest Price Target Changes For Wednesday,107.53,108.62,1.0205,up,neutral,0.3499,,
FNSPID_04869,2019-09-18,FDX,4 Industrials Stocks Moving In Wednesday's Pre-Market Session,107.53,108.62,1.0205,up,up,0.4373,"[PLACEHOLDER - Ollama unavailable, not a real model explanation] The headline ""4 Industrials Stocks Moving In Wednesday's Pre-Market Session"" reads as a up signal for the stock, which is consistent with an upward next-day move.",
FNSPID_04870,2019-09-18,FDX,"Baird Maintains Outperform on FedEx, Lowers Price Target to $175",107.53,108.62,1.0205,up,up,0.3571,,
FNSPID_04871,2019-09-18,FDX,30 Stocks Moving in Wednesday's Pre-Market Session,107.53,108.62,1.0205,up,up,0.4268,,
FNSPID_04872,2019-09-18,FDX,"Morgan Stanley Maintains Equal-Weight on FedEx, Lowers Price Target to $120",107.53,108.62,1.0205,up,up,0.3599,,
FNSPID_04873,2019-09-18,FDX,"UBS Maintains Sell on FedEx, Lowers Price Target to $132",107.53,108.62,1.0205,up,up,0.3641,,
FNSPID_04874,2019-09-18,FDX,"Credit Suisse Maintains Outperform on FedEx, Lowers Price Target to $168",107.53,108.62,1.0205,up,up,0.361,"[PLACEHOLDER - Ollama unavailable, not a real model explanation] The headline ""Credit Suisse Maintains Outperform on FedEx, Lowers Price Target to $168"" reads as a up signal for the stock, which is consistent with an upward next-day move.",
FNSPID_04875,2019-09-18,FDX,"JP Morgan Maintains Neutral on FedEx, Lowers Price Target to $146",107.53,108.62,1.0205,up,up,0.3688,,
FNSPID_04876,2019-09-18,FDX,FedEx shares are trading lower after the company reported weak Q2 earning results and cut FY20 sales guidance. Several firms also downgraded the company's stock and lowered its price target.,107.53,108.62,1.0205,up,down,0.3844,,
FNSPID_04877,2019-09-18,FDX,"Raymond James Maintains Outperform on FedEx, Lowers Price Target to $175",107.53,108.62,1.0205,up,up,0.3565,,
FNSPID_04878,2019-09-18,FDX,A Peek Into The Markets: US Stock Futures Edge Lower; All Eyes On Fed Decision,107.53,108.62,1.0205,up,up,0.3949,,
FNSPID_04879,2019-09-18,FDX,"Stifel Downgrades FedEx to Hold, Lowers Price Target to $171",107.53,108.62,1.0205,up,up,0.3709,,
FNSPID_04880,2019-09-18,FDX,"BMO Capital Downgrades FedEx to Market Perform, Lowers Price Target to $165",107.53,108.62,1.0205,up,up,0.3721,,
FNSPID_04881,2019-09-18,FDX,"Deutsche Bank Downgrades FedEx to Hold, Lowers Price Target to $142",107.53,108.62,1.0205,up,up,0.3649,,
FNSPID_04882,2019-09-18,FDX,KeyBanc Downgrades FedEx to Sector Weight,107.53,108.62,1.0205,up,up,0.3724,,
FNSPID_04883,2019-09-18,FDX,"5 Stocks To Watch For September 18, 2019",107.53,108.62,1.0205,up,up,0.4179,,
FNSPID_04884,2019-09-17,FDX,7 Stocks Moving In Tuesday's After-Hours Session,123.48,107.53,-12.9198,down,up,0.4321,,
FNSPID_04885,2019-09-17,FDX,FedEx Falls After Q1 Earnings Miss,123.48,107.53,-12.9198,down,up,0.3855,,
FNSPID_04886,2019-09-17,FDX,Afternoon Market Update: What To Watch For Ahead Of The Closing Bell,123.48,107.53,-12.9198,down,up,0.3579,,
FNSPID_04887,2019-09-17,FDX,"FedEx Sees FY20 EPS Before Year-End MTM Retire Plan Accounting Adjustment $10-$12, EPS Before Year-End MTM Retirement Plan Accounting Adjustment, Excluding TNT Express Integration Expenses $11-$13",123.48,107.53,-12.9198,down,up,0.3851,,
FNSPID_04888,2019-09-17,FDX,FedEx Cuts FY20 Sales Guidance Given 'increased trade tensions and additional weakening of global economic conditions since the company's initial fiscal 2020 forecast in June',123.48,107.53,-12.9198,down,up,0.4144,,
FNSPID_04889,2019-09-17,FDX,FedEx shares are trading lower after the company reported worse-than-expected Q2 EPS and sales results. The company also cut FY20 sales guidance.,123.48,107.53,-12.9198,down,down,0.3883,,
FNSPID_04890,2019-09-17,FDX,"FedEx Q1 EPS $3.05 Misses $3.17 Estimate, Sales $17.048B Miss $17.07B Estimate",123.48,107.53,-12.9198,down,up,0.4267,,
FNSPID_04891,2019-09-17,FDX,FedEx Will Not Apply Peak Season Parcel Surcharges; Saves The Pain For The Outsized Stuff,123.48,107.53,-12.9198,down,neutral,0.3802,,
FNSPID_04892,2019-09-17,FDX,"Holding Pattern: Fed Meeting Coincides With Sizzling Geopolitics, FedEx Earnings",123.48,107.53,-12.9198,down,up,0.3703,,
FNSPID_04893,2019-09-17,FDX,FedEx Q1 Earnings Outlook,123.48,107.53,-12.9198,down,down,0.375,,
FNSPID_04894,2019-09-17,FDX,"7 Stocks To Watch For September 17, 2019",123.48,107.53,-12.9198,down,up,0.4172,,
FNSPID_04895,2019-09-17,FDX,"Earnings Scheduled For September 17, 2019",123.48,107.53,-12.9198,down,down,0.4344,,
FNSPID_04896,2019-09-16,FDX,"UPDATE: FedEx Reports Average 4.9% Price Increase For US Domestic, US Export/Import Via FedEx Express, FedEx Ground, FedEx Home Delivery",123.67,123.48,-0.1555,neutral,up,0.417,"[PLACEHOLDER - Ollama unavailable, not a real model explanation] The headline ""UPDATE: FedEx Reports Average 4.9% Price Increase For US Domestic, US Export/Import Via FedEx Express, FedEx Ground, FedEx Home Delivery"" reads as a up signal for the stock, which is consistent with an upward next-day move.",
FNSPID_04897,2019-09-16,FDX,FedEx Reports Will Not Charge Additional Residential Surcharges During Holiday Season 2019,123.67,123.48,-0.1555,neutral,up,0.3682,,
FNSPID_04898,2019-09-16,FDX,CBP Seeks To Expand E-Commerce Pilot Participation,123.67,123.48,-0.1555,neutral,neutral,0.3854,,
FNSPID_04899,2019-09-16,FDX,Farm To Table On Nationwide Scale,123.67,123.48,-0.1555,neutral,up,0.3605,,
FNSPID_04900,2019-09-16,FDX,"Energy Shares Up, Transports Lower In Pre-Market Trading After Attacks On Saudi Arabia",123.67,123.48,-0.1555,neutral,up,0.4086,"[PLACEHOLDER - Ollama unavailable, not a real model explanation] The headline ""Energy Shares Up, Transports Lower In Pre-Market Trading After Attacks On Saudi Arabia"" reads as a up signal for the stock, which is consistent with an upward next-day move.",
FNSPID_04901,2019-09-15,FDX,Mike Khouw's FedEx Options Trade,123.67,123.48,-0.1555,neutral,neutral,0.361,,
FNSPID_04902,2019-09-13,FDX,Dismissal Sought For FedEx Export Control Lawsuit,124.05,123.67,-0.3045,neutral,neutral,0.3519,,
FNSPID_04903,2019-09-11,FDX,Solving The Jigsaw Puzzle Of Filling Aircraft With Freight,123.95,123.63,-0.2587,neutral,neutral,0.4521,,
FNSPID_04904,2019-09-11,FDX,Air Cargo CEOs Among New US-UK Aviation Security Group,123.95,123.63,-0.2587,neutral,up,0.3752,"[PLACEHOLDER - Ollama unavailable, not a real model explanation] The headline ""Air Cargo CEOs Among New US-UK Aviation Security Group"" reads as a up signal for the stock, which is consistent with an upward next-day move.",
FNSPID_04905,2019-09-10,FDX,Alaska And The Amazon Effect,122.74,123.95,0.9869,neutral,neutral,0.4692,,
FNSPID_04906,2019-09-09,FDX,"Amazon Exposés Illustrate Foresight Of Attorney's 2018 Paper On New E-Commerce Delivery ""Paradigm""",119.29,122.74,2.8909,up,neutral,0.365,,
FNSPID_04907,2019-09-07,FDX,"Apple, Twitter And More 'Fast Money' Picks For September 9",119.29,122.74,2.8909,up,neutral,0.4044,"[PLACEHOLDER - Ollama unavailable, not a real model explanation] The headline ""Apple, Twitter And More 'Fast Money' Picks For September 9"" reads as a neutral signal for the stock, which is consistent with little or no next-day move.",
FNSPID_04908,2019-09-05,FDX,Shares of several large-cap companies are trading higher with the broader stock market after the Chinese Minister of Commerce said the leaders of the U.S. and China are set to meet in Washington D.C in early October.,116.66,115.34,-1.136,down,up,0.3849,,
FNSPID_04909,2019-09-04,FDX,Montreal Air Cargo Hub Mirabel Gets C$107 Million Boost,112.89,116.66,3.3446,up,up,0.3568,,
FNSPID_04910,2019-09-03,FDX,China Begins Probe Into FedEx Knives Shipment To Hong Kong,110.27,112.89,2.375,up,up,0.3688,,
FNSPID_04911,2019-09-03,FDX,"Morgan Stanley Maintains Equal-Weight, $131 Tgt On FedEx As Firm Expects 'a F1Q20 miss following the loss of AMZN Ground business and ongoing international weakness, though easier cost comparisons from incentive compensation and merit pay should help'",110.27,112.89,2.375,up,up,0.4025,,
FNSPID_04912,2019-09-03,FDX,Fedex Suspected of Illegally Delivering Knife Tools in Parcel Bound for Hong Kong,110.27,112.89,2.375,up,up,0.3539,,
FNSPID_04913,2019-08-30,FDX,"FedEx Buys Colombian Freight Forwarder, Customs Broker Affiliate",112.57,110.27,-2.0427,down,up,0.3797,,
FNSPID_04914,2019-08-29,FDX,"Najarian Brothers See Unusual Options Activity In FedEx, MasterCard And More",111.74,112.57,0.7367,neutral,up,0.3862,,
FNSPID_04915,2019-08-28,FDX,This Day In Market History: NYSE Launches Decimal Quotes,108.71,111.74,2.7876,up,neutral,0.3644,,
FNSPID_04916,2019-08-26,FDX,"Summer Doldrums Explode Along With Tariff War, Tweets",108.22,106.12,-1.9411,down,neutral,0.3547,,
FNSPID_04917,2019-08-26,FDX,FedEx unit expands final-mile delivery network,108.22,106.12,-1.9411,down,neutral,0.3619,,
FNSPID_04918,2019-08-26,FDX,10 Industrials Stocks Moving In Monday's Pre-Market Session,108.22,106.12,-1.9411,down,up,0.4325,,
FNSPID_04919,2019-08-23,FDX,Shares of several industrial companies are trading lower on escalated trade tensions after China announced it plans to impose a 5% to 10% tariff rate on $75 billion worth of U.S. goods. Trump announced he will respond to China's tariffs this afternoon.,107.85,108.22,0.3422,neutral,up,0.3734,,
FNSPID_04920,2019-08-23,FDX,"Trump Orders Postal Carriers To Search, Refuse All Deliveries Of Fentanyl From China",107.85,108.22,0.3422,neutral,neutral,0.3658,,
FNSPID_04921,2019-08-22,FDX,"Spectre Of Amazon And Peak Season Looms Over Stalled Talks Between Atlas, ATSG And Teamsters",112.2,107.85,-3.8773,down,neutral,0.3659,,
FNSPID_04922,2019-08-20,FDX,"From A To Z: How Animals Get To Aquariums And Zoos, And Everywhere In Between",110.6,112.26,1.5015,up,neutral,0.4776,,
FNSPID_04923,2019-08-19,FDX,UPS Removes Delivery Surcharges For 2019 Holiday Season,112.35,110.6,-1.5602,down,up,0.3654,,
FNSPID_05482,2019-12-31,GILD,Gilead Sciences Option Alert: Feb 21 $70 Calls at the Ask: 5863 @ $0.761 vs 14359 OI; Earnings 2/3 After Close [est] Ref=$64.5295,50.91,51.11,0.3848,neutral,up,0.4271,,
FNSPID_05483,2019-12-29,GILD,"Week Ahead In Biotech: PDUFA Date Ahead For Astra Zeneca, Merck's Lynparza, Pending Clinical Readouts In Focus",50.87,50.91,0.077,neutral,up,0.3845,,
FNSPID_05484,2019-12-24,GILD,"The Daily Biotech Pulse: NewLink Genetics Licenses Ovarian Cancer Dug, Correvio Awaits FDA Verdict",52.27,52.02,-0.4946,neutral,neutral,0.3938,"[PLACEHOLDER - Ollama unavailable, not a real model explanation] The headline ""The Daily Biotech Pulse: NewLink Genetics Licenses Ovarian Cancer Dug, Correvio Awaits FDA Verdict"" reads as a neutral signal for the stock, which is consistent with little or no next-day move.",
FNSPID_05485,2019-12-24,GILD,"Gilead and Eisai Enter Into Agreement in Japan for the Co-Promotion of the Investigational Rheumatoid Arthritis Therapy Filgotinib, Pending Regulatory Approval",52.27,52.02,-0.4946,neutral,up,0.3729,"[PLACEHOLDER - Ollama unavailable, not a real model explanation] The headline ""Gilead and Eisai Enter Into Agreement in Japan for the Co-Promotion of the Investigational Rheumatoid Arthritis Therapy Filgotinib, Pending Regulatory Approval"" reads as a up signal for the stock, which is consistent with an upward next-day move.",
FNSPID_05486,2019-12-20,GILD,Gilead Reports China's National Medical Products Admin. Approved Vosevi For Treatment Of Chronic Hep C Infection Who Require Re-Treatment,52.38,52.3,-0.1496,neutral,up,0.3634,,
FNSPID_05487,2019-12-20,GILD,"The Daily Biotech Pulse: Axovant Surges On Gene Therapy Study Results, FDA Approves Merck's Ebola Vaccine, Abeona Announces Offering",52.38,52.3,-0.1496,neutral,neutral,0.3994,"[PLACEHOLDER - Ollama unavailable, not a real model explanation] The headline ""The Daily Biotech Pulse: Axovant Surges On Gene Therapy Study Results, FDA Approves Merck's Ebola Vaccine, Abeona Announces Offering"" reads as a neutral signal for the stock, which is consistent with little or no next-day move.",
FNSPID_05488,2019-12-19,GILD,Gilead Reports Submission Of Filgotinib New Drug Application Under Priority Review For Rheumatoid Arthritis Treatment,51.15,52.38,2.3893,up,up,0.3671,,
FNSPID_05489,2019-12-19,GILD,"Micron Yesterday, Nike Today: Earnings Keep Rolling In As Week Winds Down",51.15,52.38,2.3893,up,up,0.3838,,
FNSPID_05490,2019-12-16,GILD,Gilead Sciences Option Alert: Jan 17 $70 Calls Sweep (21) near the Ask: 514 @ $0.693 vs 65480 OI; Earnings 2/3 After Close [est] Ref=$66.4952,51.8,51.87,0.121,neutral,up,0.4244,,
FNSPID_05491,2019-12-16,GILD,Gilead's Phase 2 ATLAS Study in Patients with Bridging Fibrosis and Compensated Cirrhosis Missed its Primary Endpoint,51.8,51.87,0.121,neutral,neutral,0.3941,,
FNSPID_05492,2019-12-14,GILD,"Bernie Sanders Tweet: We could eradicate HIV/AIDS in America. What's standing in the way? The greed of the pharmaceutical industry. An $8 HIV drug in Australia costs $2,000 in America. That is immoral. We need affordable, generic HIV medicine. Now",51.8,51.87,0.121,neutral,neutral,0.4174,,
FNSPID_05493,2019-12-13,GILD,Bristol-Myers Squibb Wins Patent Royalty Fight Against Gilead; Co. Awarded $585M In Damages Plus Royalty,51.53,51.8,0.5322,neutral,up,0.363,,
FNSPID_05494,2019-12-13,GILD,Gilead Sciences shares are trading lower after Credit Suisse downgraded the stock from Neutral to Underperform and lowered the price target from $67 to $63.,51.53,51.8,0.5322,neutral,down,0.3762,,
FNSPID_05495,2019-12-13,GILD,"Credit Suisse Downgrades Gilead Sciences to Underperform, Lowers Price Target to $63",51.53,51.8,0.5322,neutral,up,0.3608,"[PLACEHOLDER - Ollama unavailable, not a real model explanation] The headline ""Credit Suisse Downgrades Gilead Sciences to Underperform, Lowers Price Target to $63"" reads as a up signal for the stock, which is consistent with an upward next-day move.",
FNSPID_05496,2019-12-12,GILD,Gilead Sciences Option Alert: Jan 17 $70 Calls Sweep (41) above Ask!: 864 @ $1.087 vs 44382 OI; Earnings 2/3 After Close [est] Ref=$67.575,52.99,51.53,-2.7503,down,up,0.4302,,
FNSPID_05497,2019-12-12,GILD,Gilead Sciences Option Alert: Jan 17 $70 Calls Sweep (21) near the Ask: 608 @ $1.048 vs 44382 OI; Earnings 2/3 After Close [est] Ref=$67.535,52.99,51.53,-2.7503,down,up,0.4261,,
FNSPID_05498,2019-12-12,GILD,'Activists Say A Patent Office Lawyer's Tweets Showed 'Bias' In Favor Of Gilead In HIV Drug Case' - STAT,52.99,51.53,-2.7503,down,up,0.3734,,
FNSPID_05499,2019-12-12,GILD,Gilead Sciences Option Alert: Feb 21 $70 Calls at the Ask: 4230 @ $2.351 vs 10716 OI; Earnings 2/3 After Close [est] Ref=$67.6259,52.99,51.53,-2.7503,down,up,0.4249,,
FNSPID_05603,2019-12-30,GME,GameStop Option Alert: Jan 3 $6 Calls Sweep (2) near the Ask: 1000 @ $0.201 vs 6125 OI; Ref=$6.09,1.53,1.52,-0.8157,neutral,up,0.4197,,
FNSPID_05604,2019-12-30,GME,58 Biggest Movers From Friday,1.53,1.52,-0.8157,neutral,up,0.3862,,
FNSPID_05605,2019-12-27,GME,PreMarket Prep Recap: Who Let The Bulls Out?,1.48,1.53,3.8983,up,neutral,0.3915,"[PLACEHOLDER - Ollama unavailable, not a real model explanation] The headline ""PreMarket Prep Recap: Who Let The Bulls Out?"" reads as a neutral signal for the stock, which is consistent with little or no next-day move.",
FNSPID_05606,2019-12-27,GME,46 Stocks Moving In Friday's Mid-Day Session,1.48,1.53,3.8983,up,up,0.4438,,
FNSPID_05607,2019-12-27,GME,GameStop shares are trading higher on a potential rebound after the stock dropped approximately 11% over the past 4 trading sessions.,1.48,1.53,3.8983,up,up,0.4242,,
FNSPID_05608,2019-12-27,GME,"Christian Fromhertz, When Asked About A Top Short Idea For 2020, Says GameStop Could Be Interesting",1.48,1.53,3.8983,up,up,0.3666,,
FNSPID_05609,2019-12-23,GME,"PreMarket Prep Recap: $TSLAQ Crowd Continues To Be Punished, Eli Lilly's Incredible Friday Open",1.4,1.36,-3.0303,down,neutral,0.3706,,
FNSPID_05610,2019-12-18,GME,68 Biggest Movers From Yesterday,1.54,1.51,-1.6234,down,up,0.391,"[PLACEHOLDER - Ollama unavailable, not a real model explanation] The headline ""68 Biggest Movers From Yesterday"" reads as a up signal for the stock, which is consistent with an upward next-day move.",
FNSPID_05611,2019-12-17,GME,GameStop shares are trading higher. Not seeing any company-specific news to justify the price action.,1.51,1.54,1.6502,up,up,0.4025,,
FNSPID_05612,2019-12-12,GME,70 Biggest Movers From Yesterday,1.39,1.36,-2.3298,down,up,0.377,,
FNSPID_05613,2019-12-11,GME,"PreMarket Prep Recap: More Pain In The Retail Sector, Stalemate Ahead Of Fed Announcement",1.38,1.39,0.9042,neutral,up,0.3805,,
FNSPID_05614,2019-12-11,GME,50 Stocks Moving In Wednesday's Mid-Day Session,1.38,1.39,0.9042,neutral,up,0.4275,,
FNSPID_05615,2019-12-11,GME,Analysts Debate If GameStop Can Power Back Up,1.38,1.39,0.9042,neutral,neutral,0.3784,,
FNSPID_05616,2019-12-11,GME,"UPDATE: Baird Maintains Neutral On GameStop, Lowers Target To $5 Notes Co's 'Double whammy includes end-of-cycle downturn and digital shift'; 'Q3 miss driven by hardware declines, lighter software release slate'",1.38,1.39,0.9042,neutral,up,0.4003,"[PLACEHOLDER - Ollama unavailable, not a real model explanation] The headline ""UPDATE: Baird Maintains Neutral On GameStop, Lowers Target To $5 Notes Co's 'Double whammy includes end-of-cycle downturn and digital shift'; 'Q3 miss driven by hardware declines, lighter software release slate'"" reads as a up signal for the stock, which is consistent with an upward next-day move.",
FNSPID_05617,2019-12-11,GME,"UPDATE: Credit Suisse On GameStop Notes 'not only is it difficult to see how results will improve in a new cycle (after all, the last cycle didn't seem to stimulate enough software/pre-owned), but what happens between now and then is more concerning'",1.38,1.39,0.9042,neutral,up,0.4108,,
FNSPID_05618,2019-12-11,GME,"UPDATE: Credit Suisse On GameStop Notes 'Despite progress on the cost front and numerous tests ongoing, our focus remains on the gross profit deterioration (-21% y/y in total Q3), with declines across every business line'",1.38,1.39,0.9042,neutral,up,0.4254,,
FNSPID_05619,2019-12-11,GME,"UPDATE: Credit Suisse Maintains Underperform On GameStop, Lowers Target To $5 Notes Co's 'Q3 results were very weak, and serve as a reminder of both the cyclical and structural pressures this business faces'",1.38,1.39,0.9042,neutral,up,0.4158,,
FNSPID_05620,2019-12-11,GME,"Baird Maintains Neutral on GameStop, Lowers Price Target to $5",1.38,1.39,0.9042,neutral,up,0.3657,,
FNSPID_05621,2019-12-11,GME,10 Biggest Price Target Changes For Wednesday,1.38,1.39,0.9042,neutral,neutral,0.3499,,
FNSPID_05622,2019-12-11,GME,"Credit Suisse Maintains Underperform on GameStop, Lowers Price Target to $5",1.38,1.39,0.9042,neutral,up,0.3616,"[PLACEHOLDER - Ollama unavailable, not a real model explanation] The headline ""Credit Suisse Maintains Underperform on GameStop, Lowers Price Target to $5"" reads as a up signal for the stock, which is consistent with an upward next-day move.",
FNSPID_05623,2019-12-11,GME,32 Stocks Moving In Wednesday's Pre-Market Session,1.38,1.39,0.9042,neutral,up,0.4373,,
FNSPID_05624,2019-12-11,GME,A Peek Into The Markets: US Stock Futures Mixed; All Eyes On Fed Decision,1.38,1.39,0.9042,neutral,up,0.3891,,
FNSPID_05625,2019-12-11,GME,GameStop shares are trading lower after the company reported worse-than-expected Q3 EPS and sales results. The company also cut FY19 Adj. EPS guidance from $1.15-$1.30 to $0.10-$0.20.,1.38,1.39,0.9042,neutral,down,0.3906,,
FNSPID_05626,2019-12-11,GME,"10 Stocks To Watch For December 11, 2019",1.38,1.39,0.9042,neutral,up,0.3978,,
FNSPID_05635,2019-11-25,GME,Black Friday For Gamers: The Biggest Video Game Deals This Holiday Season,1.51,1.52,1.1609,up,neutral,0.3688,,
FNSPID_05636,2019-11-21,GME,Here's Every Major Retailer's Black Friday Weekend Shopping Hours,1.38,1.41,2.9091,up,neutral,0.4413,"[PLACEHOLDER - Ollama unavailable, not a real model explanation] The headline ""Here's Every Major Retailer's Black Friday Weekend Shopping Hours"" reads as a neutral signal for the stock, which is consistent with little or no next-day move.",
FNSPID_05637,2019-11-01,GME,GameStop shares are trading higher in sympathy with strength in overall market.,1.46,1.46,0.1712,neutral,up,0.4328,,
FNSPID_05638,2019-10-24,GME,9 Stocks With The Highest Short Percent Of Float,1.61,1.59,-1.0903,down,up,0.3878,,
FNSPID_05639,2019-10-23,GME,GameStop Reports Will Host Series Of Exclusive In-Store Events In Collaboration With Activision-Blizzard For Launch Of 'Call Of Duty: Modern Warfare',1.61,1.61,-0.1555,neutral,neutral,0.397,,
FNSPID_05640,2019-09-28,GME,"Notable Insider Buys In The Past Week: Beacon Roofing, HD Supply, Scientific Games",1.38,1.39,1.087,up,neutral,0.3652,,
FNSPID_05641,2019-09-24,GME,40 Stocks Moving In Tuesday's Mid-Day Session,1.25,1.3,3.7924,up,up,0.4381,,
FNSPID_05642,2019-09-23,GME,"GameStop shares are trading higher on continued momentum after an insider bought 5,250 shares at an average price of $4.62 per share. When an insider buys shares it can be seen as a sign of confidence in the company's outlook. The stock has rallied roughly 38% in the last month.",1.25,1.25,-0.1992,neutral,up,0.4473,,
FNSPID_05643,2019-09-18,GME,"Wedbush Analyst Michael Pachter On GameStop Strength Tells Benzinga 'I Don't See Anything Specifically, But We've Been Positive On It For The Last Few Weeks And There Are Some Investors Beginning To Show Some Interest.'",1.15,1.11,-3.4783,down,up,0.4305,,
FNSPID_05644,2019-09-18,GME,GameStop shares are trading higher on continued momentum after the stock rebounded since mid-August amid investors starting to show interest in the stock following a weak year in which the stock declined roughly 60%.,1.15,1.11,-3.4783,down,up,0.4438,,
FNSPID_05645,2019-09-15,GME,"Bulls And Bears Of The Week: Altria, Apple, Caterpillar, Ford, Oracle And More",1.09,1.08,-0.4598,neutral,neutral,0.3788,,
FNSPID_05646,2019-09-12,GME,71 Biggest Movers From Yesterday,1.14,1.1,-3.7118,down,up,0.3882,,
FNSPID_05647,2019-09-11,GME,48 Stocks Moving In Wednesday's Mid-Day Session,1.15,1.14,-0.2179,neutral,up,0.4366,,
FNSPID_05648,2019-09-11,GME,"'Limited Scope, Time To Stage A Turnaround': GameStop Analysts React To Difficult Q2",1.15,1.14,-0.2179,neutral,up,0.4088,,
FNSPID_05649,2019-09-11,GME,"Baird Maintains Neutral, $6 Target On Gamestop As Firm Notes Co's 'Strategic update provides new focus, but headwinds remain strong' As Firm Notes 'the near-term impact of an ending console cycle is likely to more than offset any material improvements'",1.15,1.14,-0.2179,neutral,up,0.4279,"[PLACEHOLDER - Ollama unavailable, not a real model explanation] The headline ""Baird Maintains Neutral, $6 Target On Gamestop As Firm Notes Co's 'Strategic update provides new focus, but headwinds remain strong' As Firm Notes 'the near-term impact of an ending console cycle is likely to more than offset any material improvements'"" reads as a up signal for the stock, which is consistent with an upward next-day move.",
FNSPID_05650,2019-09-11,GME,"UPDATE: Wedbush On GameStop Also Notes 'With a market cap of under $400 million, the company is well-positioned to go private, either through a creeping repurchase of its own shares or through investment by an outside firm'",1.15,1.14,-0.2179,neutral,up,0.4439,,
FNSPID_05651,2019-09-11,GME,"UPDATE: Wedbush On GameStop Thinks 'ongoing sales of the Switch Lite, a solid release schedule next year, and the launch of next generation consoles late in the year can keep GameStop generating $200 million or more in free cash flow annually'",1.15,1.14,-0.2179,neutral,up,0.4188,,
FNSPID_05652,2019-09-11,GME,"UPDATE: Wedbush Maintains Outperform On GameStop, Lowers Target To $8 As Firm Continues 'to believe that GameStop is an attractive investment'",1.15,1.14,-0.2179,neutral,up,0.4303,,
FNSPID_05653,2019-09-11,GME,"Benzinga Pro's Top 10 Most-Searched Tickers For Morning of Wednesday., September 11, 2019",1.15,1.14,-0.2179,neutral,up,0.3723,,
FNSPID_05654,2019-09-11,GME,10 Biggest Price Target Changes For Wednesday,1.15,1.14,-0.2179,neutral,neutral,0.3499,,
FNSPID_05655,2019-09-11,GME,26 Stocks Moving in Wednesday's Pre-Market Session,1.15,1.14,-0.2179,neutral,up,0.4464,,
FNSPID_05656,2019-09-11,GME,"Benchmark Maintains Sell on GameStop, Lowers Price Target to $3",1.15,1.14,-0.2179,neutral,up,0.3667,,
FNSPID_05657,2019-09-11,GME,"Wedbush Maintains Outperform on GameStop, Lowers Price Target to $8",1.15,1.14,-0.2179,neutral,up,0.3696,,
FNSPID_05658,2019-09-11,GME,GameStop shares are trading lower after the company reported worse-than-expected Q2 EPS and sales results.,1.15,1.14,-0.2179,neutral,down,0.3869,,
FNSPID_05659,2019-09-11,GME,"5 Stocks To Watch For September 11, 2019",1.15,1.14,-0.2179,neutral,up,0.4105,,
FNSPID_05660,2019-09-10,GME,From Q2 GameStop Earnings Conference Call: Sees FY19 Adj. Free Cash Flow $225M-$250M,1.27,1.15,-9.8232,down,up,0.4126,,
FNSPID_05661,2019-09-10,GME,5 Stocks Moving In Tuesday's After-Hours Session,1.27,1.15,-9.8232,down,up,0.4315,"[PLACEHOLDER - Ollama unavailable, not a real model explanation] The headline ""5 Stocks Moving In Tuesday's After-Hours Session"" reads as a up signal for the stock, which is consistent with an upward next-day move.",
FNSPID_05662,2019-09-10,GME,GameStop's Rough Year Continues After Q2 Earnings Miss,1.27,1.15,-9.8232,down,up,0.3615,,
FNSPID_05663,2019-09-10,GME,GameStop shares are trading lower after the company reported worse-than-expected Q2 EPS and sales results.,1.27,1.15,-9.8232,down,down,0.3869,"[PLACEHOLDER - Ollama unavailable, not a real model explanation] The headline ""GameStop shares are trading lower after the company reported worse-than-expected Q2 EPS and sales results."" reads as a down signal for the stock, which is consistent with a downward next-day move.",
FNSPID_05664,2019-09-10,GME,GameStop Sees FY19 Adj. EPS $1.15-$1.30 vs $1.48 Est.,1.27,1.15,-9.8232,down,up,0.435,"[PLACEHOLDER - Ollama unavailable, not a real model explanation] The headline ""GameStop Sees FY19 Adj. EPS $1.15-$1.30 vs $1.48 Est."" reads as a up signal for the stock, which is consistent with an upward next-day move.",
FNSPID_05665,2019-09-10,GME,"GameStop Q2 Adj. EPS $(0.32) Misses $(0.21) Estimate, Sales $1.29B Miss $1.34B Estimate",1.27,1.15,-9.8232,down,up,0.4254,,
FNSPID_05666,2019-09-10,GME,GameStop Q2 Earnings Preview,1.27,1.15,-9.8232,down,up,0.3644,,
FNSPID_05667,2019-09-10,GME,84 Biggest Movers From Yesterday,1.27,1.15,-9.8232,down,up,0.3823,,
FNSPID_05668,2019-09-10,GME,"7 Stocks To Watch For September 10, 2019",1.27,1.15,-9.8232,down,up,0.4148,,
FNSPID_05669,2019-09-10,GME,"Earnings Scheduled For September 10, 2019",1.27,1.15,-9.8232,down,down,0.4328,,
FNSPID_05670,2019-09-09,GME,Short Squeeze Candidates: 10 Most Heavily Shorted Stocks,1.19,1.27,6.9328,up,up,0.3591,,
FNSPID_05671,2019-09-09,GME,44 Stocks Moving In Monday's Mid-Day Session,1.19,1.27,6.9328,up,up,0.4474,,
FNSPID_05672,2019-08-28,GME,30 Stocks Moving in Wednesday's Pre-Market Session,0.97,1.06,9.0206,up,up,0.4268,,
FNSPID_05673,2019-08-23,GME,66 Biggest Movers From Yesterday,0.91,0.95,4.6575,up,up,0.3803,,
FNSPID_05674,2019-08-22,GME,48 Stocks Moving In Thursday's Mid-Day Session,0.97,0.91,-5.6847,down,up,0.4386,,
FNSPID_05675,2019-08-22,GME,"Top 10 Movers Via Benzinga Pro's Screener Tool For Morning of Thursday., August 22, 2019",0.97,0.91,-5.6847,down,up,0.3967,,
FNSPID_05676,2019-08-22,GME,"GameStop Option Alert: Jan, 2021 $5 Puts at the Bid: 9900 @ $2.201 vs 1887 OI; Earnings 9/5 After Close [est] Ref=$4.03",0.97,0.91,-5.6847,down,up,0.4187,,
FNSPID_05677,2019-08-22,GME,GameStop Gets A Boost From Michael Burry,0.97,0.91,-5.6847,down,up,0.3706,,
FNSPID_05678,2019-08-22,GME,GameStop shares are trading higher after Michael Burry announced a long position in the company.,0.97,0.91,-5.6847,down,up,0.3897,"[PLACEHOLDER - Ollama unavailable, not a real model explanation] The headline ""GameStop shares are trading higher after Michael Burry announced a long position in the company."" reads as a up signal for the stock, which is consistent with an upward next-day move.",
FNSPID_05679,2019-08-22,GME,26 Stocks Moving in Thursday's Pre-Market Session,0.97,0.91,-5.6847,down,up,0.449,,
FNSPID_05680,2019-08-22,GME,Michael Burry Announces he is Long Gamestop,0.97,0.91,-5.6847,down,neutral,0.3787,,
FNSPID_06086,2019-12-30,GRPN,MIG Master Fund Reports 5% Active Stake In Groupon,47.2,47.8,1.2712,up,up,0.403,,
FNSPID_06087,2019-12-23,GRPN,Stocks That Hit 52-Week Lows On Monday,45.2,46.8,3.5398,up,neutral,0.339,,
FNSPID_06088,2019-12-23,GRPN,10 Biggest Price Target Changes For Monday,45.2,46.8,3.5398,up,up,0.351,,
FNSPID_06089,2019-12-23,GRPN,"Ascendiant Capital Maintains Buy on Groupon, Lowers Price Target to $3.25",45.2,46.8,3.5398,up,up,0.3942,,
FNSPID_06090,2019-12-19,GRPN,46 Stocks Moving In Thursday's Mid-Day Session,45.6,44.6,-2.193,down,up,0.4423,,
FNSPID_06091,2019-12-19,GRPN,Stocks That Hit 52-Week Lows On Thursday,45.6,44.6,-2.193,down,neutral,0.3405,,
FNSPID_06092,2019-12-18,GRPN,68 Biggest Movers From Yesterday,47.8,45.6,-4.6025,down,up,0.391,"[PLACEHOLDER - Ollama unavailable, not a real model explanation] The headline ""68 Biggest Movers From Yesterday"" reads as a up signal for the stock, which is consistent with an upward next-day move.",
FNSPID_06093,2019-12-17,GRPN,42 Stocks Moving In Tuesday's Mid-Day Session,47.8,47.8,0.0,neutral,up,0.4439,"[PLACEHOLDER - Ollama unavailable, not a real model explanation] The headline ""42 Stocks Moving In Tuesday's Mid-Day Session"" reads as a up signal for the stock, which is consistent with an upward next-day move.",
FNSPID_06094,2019-12-17,GRPN,"UPDATE: Goldman Downgrades Groupon To Sell, Lowers Target From $3.20 To $2.40 'due to execution risks in the North America business model transition and a negative inflection in International customer trends'",47.8,47.8,0.0,neutral,up,0.4216,,
FNSPID_06095,2019-12-17,GRPN,"Benzinga's Top Upgrades, Downgrades For December 17, 2019",47.8,47.8,0.0,neutral,up,0.3899,,
FNSPID_06096,2019-12-17,GRPN,Groupon shares are trading lower after Goldman Sachs downgraded the stock from Neutral to Sell and announced a $2.4 price target.,47.8,47.8,0.0,neutral,up,0.3857,,
FNSPID_06097,2019-12-17,GRPN,"Goldman Dumps Groupon, Says International Headwinds Threaten Bottom Line",47.8,47.8,0.0,neutral,up,0.3931,,
FNSPID_06098,2019-12-17,GRPN,30 Stocks Moving in Tuesday's Pre-Market Session,47.8,47.8,0.0,neutral,up,0.425,,
FNSPID_06099,2019-12-17,GRPN,"Goldman Sachs Downgrades Groupon to Sell, Announces $2.4 Price Target",47.8,47.8,0.0,neutral,up,0.3706,,
FNSPID_06100,2019-11-06,GRPN,"Benzinga's Top Upgrades, Downgrades For November 6, 2019",58.4,58.2,-0.3425,neutral,up,0.391,,
FNSPID_06101,2019-11-06,GRPN,JP Morgan Downgrades Groupon to Underweight,58.4,58.2,-0.3425,neutral,up,0.3726,"[PLACEHOLDER - Ollama unavailable, not a real model explanation] The headline ""JP Morgan Downgrades Groupon to Underweight"" reads as a up signal for the stock, which is consistent with an upward next-day move.",
FNSPID_06102,2019-11-05,GRPN,Groupon shares are trading lower after the company reported worse-than-expected Q3 EPS and sales results.,60.0,58.4,-2.6667,down,up,0.3791,,
FNSPID_06103,2019-11-05,GRPN,24 Stocks Moving in Tuesday's Pre-Market Session,60.0,58.4,-2.6667,down,up,0.4427,"[PLACEHOLDER - Ollama unavailable, not a real model explanation] The headline ""24 Stocks Moving in Tuesday's Pre-Market Session"" reads as a up signal for the stock, which is consistent with an upward next-day move.",
FNSPID_06104,2019-11-05,GRPN,"A Peek Into The Markets: US Stock Futures Up Ahead Of Earnings, Economic Data",60.0,58.4,-2.6667,down,up,0.3991,,
FNSPID_06105,2019-11-05,GRPN,"10 Stocks To Watch For November 5, 2019",60.0,58.4,-2.6667,down,up,0.399,"[PLACEHOLDER - Ollama unavailable, not a real model explanation] The headline ""10 Stocks To Watch For November 5, 2019"" reads as a up signal for the stock, which is consistent with an upward next-day move.",
FNSPID_06106,2019-11-04,GRPN,8 Stocks Moving In Monday's After-Hours Session,60.0,60.0,0.0,neutral,up,0.4408,,
FNSPID_06107,2019-11-04,GRPN,Groupon Falls After Q3 Earnings Miss,60.0,60.0,0.0,neutral,up,0.394,,
FNSPID_06108,2019-11-04,GRPN,Groupon Q3 Sales $495.7M vs $525.4M Estimate,60.0,60.0,0.0,neutral,up,0.4229,,
FNSPID_06109,2019-11-04,GRPN,Groupon Q3 Adj. EPS $0.01 Misses $0.03 Estimate,60.0,60.0,0.0,neutral,up,0.4138,,
FNSPID_06110,2019-11-04,GRPN,Q3 Earnings Preview For Groupon,60.0,60.0,0.0,neutral,up,0.3767,"[PLACEHOLDER - Ollama unavailable, not a real model explanation] The headline ""Q3 Earnings Preview For Groupon"" reads as a up signal for the stock, which is consistent with an upward next-day move.",
FNSPID_06111,2019-11-04,GRPN,13 Technology Stocks Moving In Monday's Pre-Market Session,60.0,60.0,0.0,neutral,up,0.4163,,
FNSPID_06112,2019-11-04,GRPN,"8 Stocks To Watch For November 4, 2019",60.0,60.0,0.0,neutral,up,0.4167,,
FNSPID_06113,2019-11-04,GRPN,"Earnings Scheduled For November 4, 2019",60.0,60.0,0.0,neutral,down,0.4314,,
FNSPID_06114,2019-10-07,GRPN,"15 Most Popular Stocks Under $10, According To Robinhood Users",55.2,54.0,-2.1739,down,up,0.3778,,
FNSPID_06115,2019-10-07,GRPN,24 Stocks Moving in Monday's Pre-Market Session,55.2,54.0,-2.1739,down,up,0.4468,,
FNSPID_06116,2019-10-02,GRPN,'Investors Warm to Potential Groupon-Yelp Deal: Aegis Capital' -Dow Jones,51.4,53.4,3.8911,up,up,0.3741,,
FNSPID_06117,2019-09-27,GRPN,Hearing Wedbush Says Groupon-Yelp Merger Makes Strategic Sense,53.4,53.2,-0.3745,neutral,neutral,0.3581,,
FNSPID_06118,2019-09-27,GRPN,Wedbush Explores What A Groupon-Yelp Merger Would Look Like,53.4,53.2,-0.3745,neutral,neutral,0.4419,,
FNSPID_06119,2019-09-25,GRPN,"Groupon Reports Partnership With DerbySoft To Allow Groupon To Work With More Hotels, Expand Instant Bookings, No Terms Disclosed",56.0,53.8,-3.9286,down,neutral,0.3565,,
FNSPID_06120,2019-09-12,GRPN,13 Technology Stocks Moving In Thursday's Pre-Market Session,57.8,58.6,1.3841,up,up,0.4156,,
FNSPID_06121,2019-09-12,GRPN,"WSJ: Groupon Eyeing M&A, Yelp Could Be The Target",57.8,58.6,1.3841,up,up,0.3745,,
FNSPID_06122,2019-09-11,GRPN,"Groupon Could Target Online-Review Company Yelp; Combination of Groupon, Yelp Could Generate Synergies of More Than $200M",60.2,57.8,-3.9867,down,neutral,0.4051,,
FNSPID_06123,2019-09-04,GRPN,"Groupon Director Robert Bass Buys 50,000 @ Avg Price: $2.58",49.6,51.6,4.0323,up,up,0.3778,,
FNSPID_06124,2019-08-30,GRPN,15 Technology Stocks Moving In Friday's Pre-Market Session,49.6,48.2,-2.8226,down,up,0.4244,,
FNSPID_06125,2019-08-30,GRPN,"Activists Want Groupon's Management to Buy Back More Shares, Form Strategic Partnership, Sell Company",49.6,48.2,-2.8226,down,neutral,0.4516,,
FNSPID_06126,2019-08-22,GRPN,Groupon Hearings Dealreporter Says Groupon Sale Is Now Likely According To Sources,49.4,48.0,-2.834,down,up,0.3957,,
FNSPID_06657,2019-12-18,HAL,"Benzinga's Top Upgrades, Downgrades For December 18, 2019",21.79,21.74,-0.2445,neutral,up,0.3892,,
FNSPID_06658,2019-12-18,HAL,9 Energy Stocks Moving In Wednesday's Pre-Market Session,21.79,21.74,-0.2445,neutral,up,0.4372,,
FNSPID_06659,2019-12-18,HAL,"BMO Capital Downgrades Halliburton to Market Perform, Announces $23 Price Target",21.79,21.74,-0.2445,neutral,up,0.3775,,
FNSPID_06660,2019-12-17,HAL,Halliburton Shares Relatively Quiet Following ~$185M Block Trade Of 7.5M Shares At $24.645/Share,21.92,21.79,-0.6075,neutral,up,0.4076,,
FNSPID_06661,2019-12-16,HAL,Shares of oil & gas companies are trading higher on preliminary Phase One US-China trade agreement.,21.62,21.92,1.3963,up,up,0.4028,,
FNSPID_06662,2019-12-12,HAL,"Shares of oil & gas companies are trading higher following multiple positive US-China trade developments, including a tweet from President Trump suggesting the US is 'very close' to a deal.",21.58,21.3,-1.2757,down,up,0.4065,,
FNSPID_06663,2019-12-10,HAL,"Citigroup Maintains Buy on Halliburton, Raises Price Target to $29",20.24,20.76,2.5888,up,up,0.363,,
FNSPID_06664,2019-12-06,HAL,Shares of oil and gas companies are trading higher after OPEC and OPEC+ agreed to further oil production cuts.,19.83,20.04,1.0748,up,up,0.395,,
FNSPID_06665,2019-12-04,HAL,Shares of oil companies are trading higher following a larger-than-expected draw in US crude inventories as well as positive US-China trade reports and anticipation of further OPEC production cuts this year.,19.06,19.02,-0.2329,neutral,up,0.4168,,
FNSPID_06666,2019-12-04,HAL,"Halliburton Among Companies Cutting 1,000 Jobs In Oklahoma, Texas",19.06,19.02,-0.2329,neutral,neutral,0.336,,
FNSPID_06667,2019-12-03,HAL,Shares of several oil and gas companies are trading lower on global macro concerns after Trump implied a US-China trade deal may not occur until 2020.,18.3,19.06,4.1727,up,up,0.38,,
FNSPID_06668,2019-11-27,HAL,"Why Halliburton, PayPal Could Catch Up With Street Expectations",18.85,18.48,-1.9617,down,neutral,0.3961,,
FNSPID_06669,2019-11-22,HAL,4 Energy Stocks Moving In Friday's Pre-Market Session,18.48,18.78,1.6675,up,up,0.432,,
FNSPID_06670,2019-11-21,HAL,"Shares of oil & gas companies are trading higher on reports indicating OPEC+ is likely to extend its existing oil supply cuts until June. Wednesday EIA data also showed a smaller-than-expected build in crude inventories, alleviating demand concerns.",18.6,18.48,-0.6626,neutral,up,0.4011,,
FNSPID_06671,2019-11-20,HAL,Shares of oil and gas companies are trading higher after the EIA reported a smaller-than-expected build in US crude oil inventories.,18.07,18.6,2.9225,up,up,0.4009,,
FNSPID_06672,2019-11-20,HAL,"Benzinga's Top Upgrades, Downgrades For November 20, 2019",18.07,18.6,2.9225,up,up,0.3903,,
FNSPID_06673,2019-11-20,HAL,"Deutsche Bank Initiates Coverage On Halliburton with Buy Rating, Announces $26 Price Target",18.07,18.6,2.9225,up,up,0.3683,,
FNSPID_06674,2019-11-19,HAL,Shares of several oil companies are trading lower on reports that Russia is unlikely to advocate for further output cuts.,17.52,18.07,3.1658,up,down,0.3815,,
FNSPID_06675,2019-11-18,HAL,Shares of several oil & gas companies are trading lower after Saudi Arabia's crude exports fell from 6.88M to 6.67M barrels per day in September indicating a lower demand for oil and gas.,17.75,17.52,-1.2897,down,down,0.3883,,
FNSPID_06676,2019-11-13,HAL,Shares of several oil and companies are trading lower after U.S.-China trade talks complicate over farm purchases.,18.15,17.9,-1.4064,down,up,0.399,,
FNSPID_06677,2019-11-12,HAL,Shares of several oil & gas companies are trading lower on concerns of slower economic growth and oil demand after Trump gave mixed messages about U.S.-China trade talks and did not mention any specifics about progress in negotiations.,18.51,18.15,-1.9496,down,up,0.378,,
FNSPID_06678,2019-11-07,HAL,Shares of oil and gas companies are trading higher after the US and China agreed to phase out tariffs.,18.45,18.73,1.5267,up,up,0.4032,,
FNSPID_06679,2019-11-06,HAL,Shares of several oil companies are trading lower following reports indicating OPEC+ countries are not pushing for further oil supply cuts at the upcoming meeting.,18.13,18.45,1.7476,up,up,0.3802,,
FNSPID_06680,2019-11-05,HAL,Shares of several oil & gas companies are trading higher on optimism around U.S.-China trade talks. It was earlier reported that Trump administration officials are considering tariff cuts of 15% on approximately $112 billion in Chinese imports that was imposed on September 1.,18.53,18.13,-2.1378,down,up,0.4182,,
FNSPID_06681,2019-11-04,HAL,"Shares of several oil & gas companies are trading higher in sympathy with the overall market after National Security Adviser Robert O'Brien said: ""we're relatively close to an agreement"" and that Trump invited President Xi to the U.S. to sign if both sides agree on the ""phase one"" deal.",18.55,18.53,-0.0949,neutral,up,0.3941,,
FNSPID_06682,2019-11-01,HAL,"Shares of several oil & gas companies are trading higher on optimism around the U.S.-China trade deal. China's factory activity expanded and U.S. job growth slowed less than expected in October, signaling optimism around the global economy.",17.68,18.55,4.8781,up,up,0.4081,,
FNSPID_06683,2019-10-30,HAL,Shares of several oil & gas companies are trading lower. Economists believe a further slowdown is still looming. EIA crude inventories showed a worse-than-expected build.,17.11,16.95,-0.9773,neutral,up,0.3627,,
FNSPID_06684,2019-10-30,HAL,Halliburton shares are trading lower. Not seeing any news to justify the price action.,17.11,16.95,-0.9773,neutral,up,0.3761,,
FNSPID_06685,2019-10-23,HAL,Shares of several oil and gas companies are trading higher following a larger-than-expected draw in US crude inventories.,17.79,17.53,-1.4844,down,up,0.4092,,
FNSPID_06686,2019-10-23,HAL,UPDATE: Argus Downgrades Haliburton To Hold As Firm Expects Co.'to face pressure from rising crude oil inventories and moderating global demand' to face pressure from rising crude oil',17.79,17.53,-1.4844,down,up,0.4084,"[PLACEHOLDER - Ollama unavailable, not a real model explanation] The headline ""UPDATE: Argus Downgrades Haliburton To Hold As Firm Expects Co.'to face pressure from rising crude oil inventories and moderating global demand' to face pressure from rising crude oil'"" reads as a up signal for the stock, which is consistent with an upward next-day move.",
FNSPID_06687,2019-10-23,HAL,10 Energy Stocks Moving In Wednesday's Pre-Market Session,17.79,17.53,-1.4844,down,up,0.4171,,
FNSPID_06688,2019-10-23,HAL,Argus Research Downgrades Halliburton to Hold,17.79,17.53,-1.4844,down,neutral,0.3478,,
FNSPID_06689,2019-10-22,HAL,"Cowen & Co. Maintains Outperform on Halliburton, Lowers Price Target to $27",17.52,17.79,1.5578,up,up,0.3549,"[PLACEHOLDER - Ollama unavailable, not a real model explanation] The headline ""Cowen & Co. Maintains Outperform on Halliburton, Lowers Price Target to $27"" reads as a up signal for the stock, which is consistent with an upward next-day move.",
FNSPID_06690,2019-10-22,HAL,"Stifel Maintains Buy on Halliburton, Lowers Price Target to $26",17.52,17.79,1.5578,up,up,0.3714,"[PLACEHOLDER - Ollama unavailable, not a real model explanation] The headline ""Stifel Maintains Buy on Halliburton, Lowers Price Target to $26"" reads as a up signal for the stock, which is consistent with an upward next-day move.",
FNSPID_06691,2019-10-22,HAL,"RBC Capital Maintains Outperform on Halliburton, Lowers Price Target to $23",17.52,17.79,1.5578,up,up,0.3685,,
FNSPID_06692,2019-10-21,HAL,Mid-Afternoon Market Update: Crude Oil Down 1%; Innophos Holdings Shares Plummet,17.26,17.52,1.4788,up,up,0.3941,,
FNSPID_06693,2019-10-21,HAL,"US Treasury Has Issued Amended General License For Deals Involving PDVSA, Authorizes Through Jan. 22 Deals With PDVSA That Were In Effect Before Jul. 26, 2019 For Chevron, Halliburton, Schlumberger, Baker Hughes, Weatherford Int'l.",17.26,17.52,1.4788,up,neutral,0.3559,,
FNSPID_06694,2019-10-21,HAL,"PreMarket Prep: Schizophrenic Drug Stocks, A Technical Play On Halliburton's Q3 Report",17.26,17.52,1.4788,up,neutral,0.3674,,
FNSPID_06695,2019-10-21,HAL,Shares of several oil and gas companies are trading higher on US-China renewed trade optimism.,17.26,17.52,1.4788,up,up,0.4231,,
FNSPID_06696,2019-10-21,HAL,Mid-Day Market Update: Petmed Express Jumps On Upbeat Earnings; Infosys Shares Slide,17.26,17.52,1.4788,up,up,0.3949,,
FNSPID_06697,2019-10-21,HAL,Earnings Season Kicks Into Full Gear In Round 3 Of The WeTrader Competition,17.26,17.52,1.4788,up,neutral,0.348,,
FNSPID_06698,2019-10-21,HAL,Mid-Morning Market Update: Markets Open Higher; Halliburton Sales Miss Estimates,17.26,17.52,1.4788,up,up,0.3784,,
FNSPID_06699,2019-10-21,HAL,"Halliburton Co shares are trading higher after the company reported Q3 earnings. From the conference call, the company said it sees more international sales and margin growth opportunities in FY20.",17.26,17.52,1.4788,up,up,0.4265,,
FNSPID_06700,2019-10-21,HAL,"Earnings Roll On With Light Schedule Today But McDonald's, Biogen On Tuesday Calendar",17.26,17.52,1.4788,up,up,0.354,,
FNSPID_06701,2019-10-21,HAL,"From Halliburton Q3 Earnings Conference Call: Further Improvement In Receivables, Draw Down On Inventory In Q4 Will Allow Co. To Generate ~$1B Of Free Cash Flow For FY19",17.26,17.52,1.4788,up,up,0.4326,,
FNSPID_06702,2019-10-21,HAL,From Halliburton Q3 Earnings Conference Call: Will Keep Cutting Costs In North American Operations,17.26,17.52,1.4788,up,up,0.3952,"[PLACEHOLDER - Ollama unavailable, not a real model explanation] The headline ""From Halliburton Q3 Earnings Conference Call: Will Keep Cutting Costs In North American Operations"" reads as a up signal for the stock, which is consistent with an upward next-day move.",
FNSPID_06703,2019-10-21,HAL,"From Halliburton Q3 Earnings Conference Call: Sees More Int'l. Sales, Margin Growth Opportunities During FY20 From Mature Fields, Shallow Water Markets",17.26,17.52,1.4788,up,up,0.411,,
FNSPID_06704,2019-10-21,HAL,5 Energy Stocks Moving In Monday's Pre-Market Session,17.26,17.52,1.4788,up,up,0.4297,,
FNSPID_06705,2019-10-21,HAL,A Peek Into The Markets: US Stock Futures Edge Higher Ahead Of Earnings,17.26,17.52,1.4788,up,up,0.4199,,
FNSPID_06706,2019-10-21,HAL,"Halliburton Q3 EPS $0.34, Inline, Sales $5.55B Miss $5.83B Estimate",17.26,17.52,1.4788,up,up,0.4223,,
FNSPID_06707,2019-10-21,HAL,"Earnings Scheduled For October 21, 2019",17.26,17.52,1.4788,up,down,0.4449,,
FNSPID_06708,2019-10-21,HAL,"7 Stocks To Watch For October 21, 2019",17.26,17.52,1.4788,up,up,0.4204,,
FNSPID_06709,2019-10-18,HAL,"Shares of several oil & gas companies are trading lower as economic concerns from China outweighed bullish signs from its refining sector. China's economic growth slowed to 6% year-over-year in the third quarter, its weakest in approximately 27 years.",16.22,17.26,6.4026,up,down,0.4335,,
FNSPID_06710,2019-10-18,HAL,Halliburton shares are trading higher after Citigroup maintained its Buy rating on the stock.,16.22,17.26,6.4026,up,up,0.3986,"[PLACEHOLDER - Ollama unavailable, not a real model explanation] The headline ""Halliburton shares are trading higher after Citigroup maintained its Buy rating on the stock."" reads as a up signal for the stock, which is consistent with an upward next-day move.",
FNSPID_06711,2019-10-18,HAL,"Citigroup Maintains Buy on Halliburton, Lowers Price Target to $25",16.22,17.26,6.4026,up,up,0.3594,,
FNSPID_06712,2019-10-14,HAL,Borderlands: Halliburton Lays Off 650 Workers; DHL Expands El Paso Freight Operations,16.51,16.46,-0.3199,neutral,up,0.3552,,
FNSPID_06713,2019-10-14,HAL,Shares of several oil & gas companies are trading lower as the vague U.S.-China trade deal failed to meet expectations amongst companies and investors. The continued uncertainty around the deal is hindering the global economy and the demand for oil.,16.51,16.46,-0.3199,neutral,down,0.413,,
FNSPID_06714,2019-10-11,HAL,Shares of oil and gas companies are trading higher in sympathy with the overall market after President Trump made positive remarks on US-China trade talks. NOTE: The price of oil has continued to trade higher after the price per barrel broke the $54 resistance level.,16.68,16.51,-1.0026,down,up,0.4386,,
FNSPID_06715,2019-10-11,HAL,23 Energy Stocks Moving In Friday's Pre-Market Session,16.68,16.51,-1.0026,down,up,0.4353,,
FNSPID_06716,2019-10-09,HAL,"Halliburton Cutting 650 Oilfield Services Jobs Across Colorado, Wyoming, New Mexico, Dakota, Says Cutting 650 Oilfield Services Jobs Across Colorado, Wyoming, New Mexico, Dakotas",16.08,16.22,0.8757,neutral,down,0.3836,,
FNSPID_06717,2019-10-08,HAL,10 Biggest Price Target Changes For Tuesday,16.06,16.08,0.1096,neutral,up,0.3518,,
FNSPID_06718,2019-10-08,HAL,"Morgan Stanley Maintains Overweight on Halliburton, Lowers Price Target to $30",16.06,16.08,0.1096,neutral,up,0.3553,,
FNSPID_06719,2019-10-02,HAL,No Zip: Energy Sector Q3 Seen Weak Despite Attack On Oil Supplies,15.99,16.41,2.5867,up,up,0.4212,"[PLACEHOLDER - Ollama unavailable, not a real model explanation] The headline ""No Zip: Energy Sector Q3 Seen Weak Despite Attack On Oil Supplies"" reads as a up signal for the stock, which is consistent with an upward next-day move.",
FNSPID_06720,2019-10-02,HAL,"Shares of oil companies are trading lower following a larger-than-expected build in US crude inventories. Additionally, overall market weakness and recession fears are weighing on oil demand outlook.",15.99,16.41,2.5867,up,up,0.3906,,
FNSPID_06721,2019-09-27,HAL,Halliburton shares are trading lowed despite no company-specific news. NOTE: Global markets have been volatile today following the renewal of US-China trade threats.,16.49,16.59,0.6407,neutral,up,0.4369,"[PLACEHOLDER - Ollama unavailable, not a real model explanation] The headline ""Halliburton shares are trading lowed despite no company-specific news. NOTE: Global markets have been volatile today following the renewal of US-China trade threats."" reads as a up signal for the stock, which is consistent with an upward next-day move.",
FNSPID_06722,2019-09-26,HAL,"Jim Cramer Shares His Thoughts On Dollar Tree, Halliburton, More",16.96,16.49,-2.8023,down,up,0.3718,,
FNSPID_06723,2019-09-26,HAL,Shares of several oil & gas companies are trading lower following a build in US crude inventories as well as continued Saudi progress in restoring production following September 14 attacks.,16.96,16.49,-2.8023,down,up,0.4002,,
FNSPID_06724,2019-09-24,HAL,"Shares of several oil & gas companies are trading lower after weak manufacturing data from Europe and Japan was released, potentially signaling low global demand for oil. Saudi Arabia is also restoring oil output faster than anticipated.",17.16,17.11,-0.2566,neutral,up,0.3784,,
FNSPID_06725,2019-09-23,HAL,30 Stocks Moving in Monday's Pre-Market Session,18.14,17.16,-5.4342,down,up,0.4311,"[PLACEHOLDER - Ollama unavailable, not a real model explanation] The headline ""30 Stocks Moving in Monday's Pre-Market Session"" reads as a up signal for the stock, which is consistent with an upward next-day move.",
FNSPID_06726,2019-09-18,HAL,Shares of several oil & gas companies are trading lower on continued momentum after Saudi Arabia announced it is close to restoring 70% of the 5.7 million BPD of oil output loss and will be back at normal levels in a matter of weeks. NOTE: The return of output to normal levels was initially expected to take up to months.,18.32,18.42,0.5285,neutral,up,0.3823,,
FNSPID_06727,2019-09-17,HAL,Shares of several oil & gas companies are trading lower after Saudi Arabia announced it is close to restoring 70% of the 5.7 million BPD of oil output loss and will be back at normal levels in a matter of weeks. NOTE: The return of output to normal levels was initially expected to take up to months.,18.51,18.32,-1.0461,down,up,0.3809,,
FNSPID_06728,2019-09-16,HAL,"Benzinga's Top Upgrades, Downgrades For September 16, 2019",19.8,18.51,-6.4918,down,up,0.3885,,
FNSPID_06729,2019-09-16,HAL,10 Biggest Price Target Changes For Monday,19.8,18.51,-6.4918,down,up,0.351,"[PLACEHOLDER - Ollama unavailable, not a real model explanation] The headline ""10 Biggest Price Target Changes For Monday"" reads as a up signal for the stock, which is consistent with an upward next-day move.",
FNSPID_06730,2019-09-16,HAL,Shares of several oil & gas companies are trading higher on heightened tensions following an attack on a Saudi Arabian oil field. NOTE: The strike on the oil field has disrupted about half of Saudi Arabia's oil production equivalent to 5% of the daily global oil supply.,19.8,18.51,-6.4918,down,up,0.3755,,
FNSPID_06731,2019-09-16,HAL,"Barclays Downgrades Halliburton to Equal-Weight, Lowers Price Target to $23",19.8,18.51,-6.4918,down,up,0.3573,,
FNSPID_06733,2019-09-12,HAL,Shares of several oil and gas companies are trading lower after as a potential push-back after the sector trading higher for the last three consecutive sessions on news that OPEC and other countries would agree to extend oil output cuts to support prices. NOTE: Saudi Arabia wants to boost oil prices for the upcoming Aramco IPO in an effort to balance its budget and pull off a $2 trillion valuation.,17.39,17.84,2.6329,up,up,0.4096,,
FNSPID_06734,2019-09-12,HAL,"Wells Fargo Maintains Outperform on Halliburton, Lowers Price Target to $26",17.39,17.84,2.6329,up,up,0.3542,"[PLACEHOLDER - Ollama unavailable, not a real model explanation] The headline ""Wells Fargo Maintains Outperform on Halliburton, Lowers Price Target to $26"" reads as a up signal for the stock, which is consistent with an upward next-day move.",
FNSPID_06735,2019-09-10,HAL,Shares of several oil & gas companies are trading higher on extended optimism that OPEC and other countries will potentially agree to extend oil output cuts to support prices. NOTE: Saudi Arabia wants to boost oil prices for the upcoming Aramco IPO in an effort to balance its budget and pull off a $2 trillion valuation.,17.63,17.65,0.0998,neutral,up,0.4193,,
FNSPID_06736,2019-09-09,HAL,Shares of several oil & gas companies are trading higher after the new Saudi energy minister said there would be no radical change in the country's oil policy and the deal to cut oil production by 1.2 million barrels per day will stay.,17.56,17.63,0.401,neutral,up,0.3987,,
FNSPID_06737,2019-09-06,HAL,"Citigroup Maintains Buy on Halliburton, Lowers Price Target to $27",16.8,17.56,4.505,up,up,0.3577,"[PLACEHOLDER - Ollama unavailable, not a real model explanation] The headline ""Citigroup Maintains Buy on Halliburton, Lowers Price Target to $27"" reads as a up signal for the stock, which is consistent with an upward next-day move.",
FNSPID_06738,2019-09-05,HAL,Shares of several oil & gas companies are trading higher after the EIA reported a crude inventory draw of 4.771 million compared to the 2.488 million draw estimate. A larger-than-expected draw is seen as a sign of oil demand increasing.,16.73,16.8,0.4737,neutral,up,0.4317,,
FNSPID_06739,2019-09-05,HAL,"Bank of America Reiterates Buy on Halliburton, Lowers Price Target to $23",16.73,16.8,0.4737,neutral,up,0.3629,,
FNSPID_06740,2019-09-03,HAL,"Shares of several oil and gas companies are trading lower as trade concerns continue to escalate following a new 15% tariff, which was added by President Trump to $112 billion worth of Chinese goods on Sunday.",16.51,16.51,0.0,neutral,down,0.3751,,
FNSPID_06741,2019-09-03,HAL,17 Energy Stocks Moving In Tuesday's Pre-Market Session,16.51,16.51,0.0,neutral,up,0.4263,,
FNSPID_06742,2019-08-29,HAL,Shares of several oil & gas companies are trading higher amid easing trade tensions. China's Ministry of Commerce said the country is willing to calmly resolve the trade dispute with the USA and is against any further escalation in tensions.,16.16,16.43,1.673,up,up,0.4041,,
FNSPID_06743,2019-08-28,HAL,Stocks That Hit 52-Week Lows On Wednesday,15.69,16.16,2.9445,up,neutral,0.3398,,
FNSPID_06744,2019-08-28,HAL,Shares of several oil stocks are trading higher due to an oil price increase after industry data showed a decline in US oil reserves.,15.69,16.16,2.9445,up,up,0.4171,,
FNSPID_06745,2019-08-26,HAL,22 Energy Stocks Moving In Monday's Pre-Market Session,15.26,15.09,-1.0857,down,up,0.4325,,
FNSPID_06746,2019-08-23,HAL,Shares of several oil & gas companies are trading lower on escalated trade tensions after China announced it plans to impose a 5%-10% tariff rate on $75 billion worth of U.S. goods.,15.45,15.26,-1.2415,down,up,0.37,,
FNSPID_06747,2019-08-16,HAL,"Shares of several oil and gas companies are trading higher after OPEC delivered a bearish 2019 oil market outlook, which may prompt further supply cuts.",16.45,16.85,2.4378,up,up,0.3969,,
FNSPID_07161,2019-12-22,HD,How The Dow Jones Industrial Average Changed Over The Past Decade,186.94,188.18,0.666,neutral,neutral,0.4089,,
FNSPID_07162,2019-12-21,HD,"Barron's Picks And Pans: Alibaba, Biogen, China Mobile, Peter Lynch Picks And More",186.94,188.18,0.666,neutral,neutral,0.3733,,
FNSPID_07163,2019-12-20,HD,Online Christmas Tree Shops Can Take The Hassle Out Of The Holidays,188.63,186.94,-0.8952,neutral,neutral,0.3848,,
FNSPID_07164,2019-12-17,HD,Home Depot Option Alert: Jan 17 $225 Calls Sweep (4) near the Ask: 1011 @ $1.7 vs 10795 OI; Ref=$218.82,185.67,185.91,0.1286,neutral,up,0.4151,,
FNSPID_07165,2019-12-13,HD,"Benzinga's Top Upgrades, Downgrades For December 13, 2019",182.56,183.8,0.6773,neutral,up,0.3881,,
FNSPID_07166,2019-12-12,HD,"UPDATE: Nomura On Home Depot Notes 'Beyond 2020, we expect incremental investments to ease while the corresponding benefits begin to kick in at a more meaningful clip'",180.82,182.56,0.9621,neutral,up,0.4294,,
FNSPID_07167,2019-12-12,HD,"UPDATE: Nomura Maintains Neutral On Home Depot, Lowers Target To $224 After Attending Co's Investor Conference Firm Notes 'we believe that 2020 will likely be a trough year'",180.82,182.56,0.9621,neutral,up,0.4004,"[PLACEHOLDER - Ollama unavailable, not a real model explanation] The headline ""UPDATE: Nomura Maintains Neutral On Home Depot, Lowers Target To $224 After Attending Co's Investor Conference Firm Notes 'we believe that 2020 will likely be a trough year'"" reads as a up signal for the stock, which is consistent with an upward next-day move.",
FNSPID_07168,2019-12-12,HD,"Benzinga's Top Upgrades, Downgrades For December 12, 2019",180.82,182.56,0.9621,neutral,up,0.3878,,
FNSPID_07169,2019-12-12,HD,"Geopolitical Jumble: UK Election Results, US Tariff Decision, Front And Center",180.82,182.56,0.9621,neutral,up,0.3667,,
FNSPID_07170,2019-12-12,HD,"Wedbush Maintains Neutral on Home Depot, Lowers Price Target to $225",180.82,182.56,0.9621,neutral,up,0.3531,,
FNSPID_07171,2019-12-12,HD,"Morgan Stanley Maintains Overweight on Home Depot, Lowers Price Target to $225",180.82,182.56,0.9621,neutral,up,0.3559,,
FNSPID_07172,2019-12-12,HD,"JP Morgan Maintains Overweight on Home Depot, Lowers Price Target to $241",180.82,182.56,0.9621,neutral,up,0.3592,,
FNSPID_07173,2019-12-12,HD,10 Biggest Price Target Changes For Thursday,180.82,182.56,0.9621,neutral,up,0.3523,,
FNSPID_07174,2019-12-12,HD,"RBC Capital Maintains Outperform on Home Depot, Lowers Price Target to $232",180.82,182.56,0.9621,neutral,up,0.3641,,
FNSPID_07175,2019-12-12,HD,"Nomura Maintains Neutral on Home Depot, Lowers Price Target to $224",180.82,182.56,0.9621,neutral,up,0.3507,,
FNSPID_07176,2019-12-12,HD,"Gordon Haskett Downgrades Home Depot to Accumulate, Announces $230 Price Target",180.82,182.56,0.9621,neutral,neutral,0.3506,,
FNSPID_07177,2019-12-12,HD,Credit Suisse Upgrades Home Depot to Outperform,180.82,182.56,0.9621,neutral,up,0.3516,"[PLACEHOLDER - Ollama unavailable, not a real model explanation] The headline ""Credit Suisse Upgrades Home Depot to Outperform"" reads as a up signal for the stock, which is consistent with an upward next-day move.",
FNSPID_07178,2019-12-12,HD,Hearing Gordon Haskett Downgraded Home Depot Shares From Buy To Accumulate,180.82,182.56,0.9621,neutral,up,0.352,,
FNSPID_07179,2019-12-11,HD,"Benzinga Pro's Top 5 Stocks To Watch For Wed., Dec. 11, 2019: NFLX, LOW, CEI, PLCE, DFFN",180.79,180.82,0.0188,neutral,up,0.402,,
FNSPID_07180,2019-12-11,HD,Home Depot Reaffirms 2020 Sales Guidance,180.79,180.82,0.0188,neutral,neutral,0.3566,,
FNSPID_07181,2019-12-11,HD,"Home Depot Sees FY20 Total Sales Growth 3.5%-4.0%, Comparable Sales Growth 3.5%-4.0%, Operating Margin 14%",180.79,180.82,0.0188,neutral,up,0.4238,,
FNSPID_07182,2019-12-09,HD,Home Depot Option Alert: Fri $215 Calls Sweep (30) near the Ask: 543 @ $2.045 vs 2492 OI; Ref=$214.4075,184.65,184.12,-0.291,neutral,up,0.4051,,
FNSPID_07183,2019-12-03,HD,"Home Depot, Schlumberger And More 'Fast Money' Picks For Dec. 3",181.34,182.58,0.6866,neutral,neutral,0.3608,,
FNSPID_07184,2019-11-29,HD,"Black Friday Experts On 2019 Trends, Why Best Buy Is A Winner",186.85,184.4,-1.3106,down,neutral,0.3841,,
FNSPID_07185,2019-11-29,HD,3 ETFs For Black Friday,186.85,184.4,-1.3106,down,neutral,0.3652,,
FNSPID_07186,2019-11-29,HD,Jon Najarian Highlights Unusual Activity In Facebook And Home Depot,186.85,184.4,-1.3106,down,neutral,0.3865,,
FNSPID_07187,2019-11-27,HD,"Trump, China Comments On Trade Continue To Be A Tailwind For Market",188.96,186.85,-1.1166,down,up,0.3787,,
FNSPID_07188,2019-11-26,HD,"Najarian Brothers Highlight Unusual Option Activity In Qualcomm, Home Depot And More",187.06,188.96,1.0147,up,up,0.3741,,
FNSPID_07189,2019-11-26,HD,More Retail Results Pour In Ahead Of Holiday After Monday's Record-Setting Session,187.06,188.96,1.0147,up,up,0.3874,,
FNSPID_07190,2019-11-25,HD,Retail Still Front And Center As Holiday Week Kicks Off,185.06,187.06,1.0806,up,up,0.3875,,
FNSPID_07191,2019-11-25,HD,"Morgan Stanley Maintains Overweight on Home Depot, Lowers Price Target to $235",185.06,187.06,1.0806,up,up,0.3552,"[PLACEHOLDER - Ollama unavailable, not a real model explanation] The headline ""Morgan Stanley Maintains Overweight on Home Depot, Lowers Price Target to $235"" reads as a up signal for the stock, which is consistent with an upward next-day move.",
FNSPID_07192,2019-11-23,HD,"Barron's Picks And Pans: Pfizer's New Identity, Electric Vehicles, Hong Kong Exodus — And Is The Bull Market About To End?",185.06,187.06,1.0806,up,neutral,0.4117,,
FNSPID_07193,2019-11-21,HD,Sell-Side Is Constructive On Lowe's After Q3 Earnings Beat,185.18,184.75,-0.2333,neutral,up,0.4095,"[PLACEHOLDER - Ollama unavailable, not a real model explanation] The headline ""Sell-Side Is Constructive On Lowe's After Q3 Earnings Beat"" reads as a up signal for the stock, which is consistent with an upward next-day move.",
FNSPID_07194,2019-11-21,HD,Lowe's And Home Depot's Quarterly Reports Both Underline The Importance Of Technology,185.18,184.75,-0.2333,neutral,neutral,0.3887,,
FNSPID_07195,2019-11-21,HD,"Despite Tariff Fears, Market Shows Signs Of Resilience As Retail Earnings Continue",185.18,184.75,-0.2333,neutral,up,0.41,,
FNSPID_07196,2019-11-21,HD,"SunTrust Robinson Humphrey Maintains Hold on Home Depot, Raises Price Target to $225",185.18,184.75,-0.2333,neutral,neutral,0.3654,,
FNSPID_07197,2019-11-20,HD,"PreMarket Prep Recap: Target Hits The Spot, Analyst Sparks Rally In Canopy Growth",187.18,185.18,-1.0684,down,up,0.3828,,
FNSPID_07198,2019-11-20,HD,"Raymond James Maintains Outperform, $250 Target On Home Depot Notes 'We think there was a lot to like from HD's 3Q19 results and see the setup as favorable going forward with comps on pace to accelerate to the mid single-digits'; 'Buy the Dip'",187.18,185.18,-1.0684,down,up,0.3806,,
FNSPID_07199,2019-11-20,HD,"Today's Pickup: Hyperloop Route Between Chicago To Pittsburgh Can Create 900,000 Jobs Over A 25-Year Period",187.18,185.18,-1.0684,down,neutral,0.3866,,
FNSPID_07200,2019-11-20,HD,Lowe's Announces Plans To Close More Stores,187.18,185.18,-1.0684,down,neutral,0.3674,,
FNSPID_07201,2019-11-20,HD,Home Depot Fix Up Is Coming: Analysts Not As Bearish As Investors After Sales Miss,187.18,185.18,-1.0684,down,up,0.3743,,
FNSPID_07202,2019-11-20,HD,"Despite Strong Earnings From Lowe's, Target, Market On Defensive From Trade Fears",187.18,185.18,-1.0684,down,up,0.4121,,
FNSPID_07203,2019-11-20,HD,"Nomura Maintains Hold Neutral on Home Depot, Lowers Price Target to $237",187.18,185.18,-1.0684,down,up,0.3588,,
FNSPID_07204,2019-11-20,HD,77 Biggest Movers From Yesterday,187.18,185.18,-1.0684,down,up,0.3884,,
FNSPID_07205,2019-11-19,HD,Mid-Afternoon Market Update: Kohl's Falls On Downbeat Earnings; Myovant Sciences Shares Climb,191.39,187.18,-2.1961,down,up,0.3967,,
FNSPID_07206,2019-11-19,HD,Mid-Day Market Update: Crude Oil Down 2.5%; Medicines Company Shares Jump,191.39,187.18,-2.1961,down,up,0.3837,,
FNSPID_07207,2019-11-19,HD,51 Stocks Moving In Tuesday's Mid-Day Session,191.39,187.18,-2.1961,down,up,0.4377,,
FNSPID_07208,2019-11-19,HD,Home Depot Lowers Sales Forecast For The Remainder Of 2019,191.39,187.18,-2.1961,down,neutral,0.3436,"[PLACEHOLDER - Ollama unavailable, not a real model explanation] The headline ""Home Depot Lowers Sales Forecast For The Remainder Of 2019"" reads as a neutral signal for the stock, which is consistent with little or no next-day move.",
FNSPID_07209,2019-11-19,HD,2 Experts React To Home Depot's Earnings: Internal Issues At Play,191.39,187.18,-2.1961,down,up,0.369,,
FNSPID_07210,2019-11-19,HD,Mid-Morning Market Update: Markets Mostly Lower; Home Depot Reports Downbeat Sales,191.39,187.18,-2.1961,down,up,0.3877,,
FNSPID_07211,2019-11-19,HD,Home Depot's Earnings Exceed Expectations But Sales Fall Short,191.39,187.18,-2.1961,down,down,0.365,,
FNSPID_07212,2019-11-19,HD,"Despite Back-And-Forth Trade News, Market Continues To Grind Higher",191.39,187.18,-2.1961,down,up,0.3881,,
FNSPID_07213,2019-11-19,HD,"Home Depot On Mitigating Tariff Impact Says Will Work To Change Country Of Origin, To Change Makeup Of The Product Itself",191.39,187.18,-2.1961,down,neutral,0.3778,,
FNSPID_07214,2019-11-19,HD,"Home Depot Says Continutes To Ramp Investment Up, And Investment Will Be Higher In 2020 Than It Was In 2019",191.39,187.18,-2.1961,down,up,0.3868,,
FNSPID_07215,2019-11-19,HD,Tuesday's Market Minute: Earnings Stumble Out Of The Gate,191.39,187.18,-2.1961,down,neutral,0.349,,
FNSPID_07216,2019-11-19,HD,"From Home Depot Q3 Earnings Conference Call: As Expected, During Q3, We Saw Increased Costs Arising From Tariffs",191.39,187.18,-2.1961,down,up,0.4301,,
FNSPID_07217,2019-11-19,HD,"Benzinga Pro's Top 5 Stocks To Watch For Tues., Nov. 19, 2019: LOW, I, XRT, SAEX, ROKU",191.39,187.18,-2.1961,down,up,0.4003,,
FNSPID_07218,2019-11-19,HD,"Home Depot Reports Mixed Q3 Earnings, Cuts Guidance",191.39,187.18,-2.1961,down,up,0.3703,,
FNSPID_07219,2019-11-19,HD,28 Stocks Moving in Tuesday's Pre-Market Session,191.39,187.18,-2.1961,down,up,0.4467,"[PLACEHOLDER - Ollama unavailable, not a real model explanation] The headline ""28 Stocks Moving in Tuesday's Pre-Market Session"" reads as a up signal for the stock, which is consistent with an upward next-day move.",
FNSPID_07220,2019-11-19,HD,"CNBC's Jim Cramer Tweets: 'I am all over $HD even as i am out here. We bought this thing last time it ""cratered:"" but no Tome today,. Like many http://www.actionalertsplus.com has huge gains. Will mull.'",191.39,187.18,-2.1961,down,neutral,0.3646,,
FNSPID_07221,2019-11-19,HD,The Home Depot shares are trading lower after the company cut its FY19 sales growth forecast and missed Q3 sales estimates.,191.39,187.18,-2.1961,down,down,0.401,,
FNSPID_07222,2019-11-19,HD,A Peek Into The Markets: US Stock Futures Rise; Home Depot Sales Miss Views,191.39,187.18,-2.1961,down,up,0.3789,,
FNSPID_07223,2019-11-19,HD,"Home Depot Sees FY19 Sales Growth Up 1.8%, Comp Sales Growth Up 3.5%",191.39,187.18,-2.1961,down,up,0.3919,,
FNSPID_07224,2019-11-19,HD,"Home Depot Q3 EPS $2.53 Beats $2.52 Estimate, Sales $27.2B Miss $27.53B Estimate",191.39,187.18,-2.1961,down,up,0.4078,,
FNSPID_07225,2019-11-19,HD,"10 Stocks To Watch For November 19, 2019",191.39,187.18,-2.1961,down,up,0.4015,,
FNSPID_07226,2019-11-19,HD,"Earnings Scheduled For November 19, 2019",191.39,187.18,-2.1961,down,down,0.4407,,
FNSPID_07227,2019-11-18,HD,"'Fast Money Halftime Report' Traders Advise Viewers On Microsoft, Apple And More",202.39,191.39,-5.4386,down,up,0.362,"[PLACEHOLDER - Ollama unavailable, not a real model explanation] The headline ""'Fast Money Halftime Report' Traders Advise Viewers On Microsoft, Apple And More"" reads as a up signal for the stock, which is consistent with an upward next-day move.",
FNSPID_07228,2019-11-18,HD,Q3 Earnings Outlook For Home Depot,202.39,191.39,-5.4386,down,up,0.3665,,
FNSPID_07229,2019-11-18,HD,More Records Shattered: Stocks Start Week At Record Highs With More Retail Earnings Next,202.39,191.39,-5.4386,down,up,0.3806,,
FNSPID_07230,2019-11-18,HD,"Benzinga Pro's Top 5 Stocks To Watch For Mon., Nov. 18, 2019: TMUS, NBY, SPLK, QD, HD",202.39,191.39,-5.4386,down,up,0.407,"[PLACEHOLDER - Ollama unavailable, not a real model explanation] The headline ""Benzinga Pro's Top 5 Stocks To Watch For Mon., Nov. 18, 2019: TMUS, NBY, SPLK, QD, HD"" reads as a up signal for the stock, which is consistent with an upward next-day move.",
FNSPID_07231,2019-11-17,HD,"Barron's Picks And Pans: Medtronic, Tesla, Walmart And More",202.39,191.39,-5.4386,down,neutral,0.4004,"[PLACEHOLDER - Ollama unavailable, not a real model explanation] The headline ""Barron's Picks And Pans: Medtronic, Tesla, Walmart And More"" reads as a neutral signal for the stock, which is consistent with little or no next-day move.",
FNSPID_07232,2019-11-15,HD,"Driving Higher: Market Keeps Hanging In, On Pace For Another Record-Setting Week",201.07,202.39,0.6575,neutral,up,0.4006,,
FNSPID_07233,2019-11-15,HD,"JP Morgan Maintains Overweight on Home Depot, Raises Price Target to $262",201.07,202.39,0.6575,neutral,up,0.362,,
FNSPID_07234,2019-11-14,HD,"Morgan Stanley Maintains Overweight on Home Depot, Raises Price Target to $245",200.44,201.07,0.3128,neutral,up,0.359,,
FNSPID_07235,2019-11-13,HD,12 Dow Stocks With At Least 2% Dividend Yields,198.96,200.44,0.7453,neutral,up,0.3781,,
FNSPID_07236,2019-11-11,HD,"Benzinga's Top Upgrades, Downgrades For November 11, 2019",196.42,197.54,0.5694,neutral,up,0.389,,
FNSPID_07237,2019-11-11,HD,Edward Jones Downgrades Home Depot to Hold,196.42,197.54,0.5694,neutral,neutral,0.3484,"[PLACEHOLDER - Ollama unavailable, not a real model explanation] The headline ""Edward Jones Downgrades Home Depot to Hold"" reads as a neutral signal for the stock, which is consistent with little or no next-day move.",
FNSPID_07238,2019-11-08,HD,"Jim Cramer Gives His Opinion On Home Depot, MongoDB And More",197.3,196.42,-0.4467,neutral,neutral,0.3525,,
FNSPID_07239,2019-11-06,HD,Credit Suisse Now Favors Lowe's Stock Over Home Depot,198.29,197.39,-0.4573,neutral,neutral,0.4052,,
FNSPID_07240,2019-11-06,HD,"Credit Suisse Earlier Maintained Neutral on Home Depot, Raised Price Target to $225",198.29,197.39,-0.4573,neutral,up,0.3599,,
FNSPID_07241,2019-11-05,HD,"UPDATE: Wells Fargo On Home Depot Also Notes 'Our Q3 checks point to healthy sell-through of full-priced seasonal items, a rational promotional environment, and little reason to back away from acceleration potential in Q4'",196.76,198.29,0.7795,neutral,up,0.431,,
FNSPID_07242,2019-11-05,HD,"UPDATE: Wells Fargo Maintains Outperform On Home Depot, Raises Target To $260 As Firm Notes 'While lumber deflation, hurricane compares (-60bps), and a rainier October could add some noise, we see Q3 an unlikely stumbling block'",196.76,198.29,0.7795,neutral,up,0.4175,,
FNSPID_07243,2019-11-05,HD,"Wells Fargo Maintains Outperform on Home Depot, Raises Price Target to $260",196.76,198.29,0.7795,neutral,up,0.3556,,
FNSPID_07244,2019-11-05,HD,"Home Depot To Report Q3 Earnings On Tues., Nov. 19, 2019 Before Market Open",196.76,198.29,0.7795,neutral,up,0.3797,,
FNSPID_07245,2019-11-04,HD,"Earnings Thoughts Turn To Retail Later This Week, But Uber Starts Parade Today",199.06,196.76,-1.1578,down,neutral,0.3462,,
FNSPID_07246,2019-11-01,HD,"This Day In Market History: Microsoft, Intel Become First Nasdaq Stocks To Join The Dow",201.11,199.06,-1.0197,down,neutral,0.3989,,
FNSPID_07247,2019-10-21,HD,Stocks That Hit 52-Week Highs On Monday,200.57,200.99,0.2112,neutral,up,0.3546,,
FNSPID_07248,2019-10-17,HD,Best Credit Cards For Home Improvement,200.63,201.61,0.4899,neutral,neutral,0.3828,,
FNSPID_07249,2019-10-17,HD,Stocks That Hit 52-Week Highs On Thursday,200.63,201.61,0.4899,neutral,up,0.3571,,
FNSPID_07250,2019-10-17,HD,"Jim Cramer Shares His Thoughts On Canopy Growth, Procter & Gamble And More",200.63,201.61,0.4899,neutral,neutral,0.3555,,
FNSPID_07251,2019-10-11,HD,Stocks That Hit 52-Week Highs On Friday,198.84,198.44,-0.2046,neutral,up,0.36,,
FNSPID_07252,2019-10-08,HD,"Raymond James Assumes Home Depot at Outperform, Announces $250 Price Target",192.07,194.0,1.0015,up,neutral,0.3683,,
FNSPID_07253,2019-10-07,HD,"'Fast Money Halftime Report' Traders Advise Viewers On AbbVie, Home Depot And More",192.13,192.07,-0.0309,neutral,up,0.3659,,
FNSPID_07254,2019-10-07,HD,"Home Depot, Twilio And More 'Fast Money Halftime Report' Picks From October 7",192.13,192.07,-0.0309,neutral,neutral,0.3866,,
FNSPID_07255,2019-10-04,HD,Volatile Week Ending With Decent Jobs Report; Costco Misses On Revenue,193.14,192.13,-0.5221,neutral,up,0.3676,,
FNSPID_07256,2019-09-26,HD,'Fast Money' Picks For September 26,194.72,194.78,0.0305,neutral,neutral,0.3944,,
FNSPID_07257,2019-09-25,HD,10 Biggest Price Target Changes For Wednesday,193.28,194.72,0.7409,neutral,neutral,0.3499,,
FNSPID_07258,2019-09-25,HD,"Wells Fargo Maintains Outperform on Home Depot, Raises Price Target to $250",193.28,194.72,0.7409,neutral,up,0.3558,,
FNSPID_07259,2019-09-19,HD,DZ Bank Earlier Downgraded Home Depot to Sell,193.3,190.38,-1.5124,down,up,0.3787,,
FNSPID_07260,2019-09-19,HD,11 Most Aggressively Shorted Stocks,193.3,190.38,-1.5124,down,up,0.3683,,
FNSPID_07261,2019-09-18,HD,Small Carriers Expanding Fleets As Large Carriers Reduce Tractor Counts,195.6,193.3,-1.174,down,neutral,0.3556,,
FNSPID_07262,2019-09-18,HD,Fed And FedEx: Rate Decision Looms As Tariff Repercussions Seen In FDX Q1,195.6,193.3,-1.174,down,up,0.3939,,
FNSPID_07263,2019-09-17,HD,"Benzinga's Top Upgrades, Downgrades For September 17, 2019",195.07,195.6,0.2693,neutral,up,0.3885,,
FNSPID_07264,2019-09-17,HD,Guggenheim Downgrades Home Depot to Neutral,195.07,195.6,0.2693,neutral,neutral,0.3469,,
FNSPID_07265,2019-09-13,HD,10 Biggest Price Target Changes For Friday,198.27,195.73,-1.2779,down,up,0.3534,,
FNSPID_07266,2019-09-13,HD,"Citi Maintains Buy on Home Depot, Raises Price Target to $269",198.27,195.73,-1.2779,down,up,0.3613,,
FNSPID_07267,2019-09-11,HD,"Amazon, Home Depot Sign On As Tenants To Multi-Story Seattle Warehouse",197.15,198.11,0.49,neutral,up,0.3542,,
FNSPID_07268,2019-09-06,HD,Jon Najarian Sees Unusual Activity In Home Depot And Occidental Petroleum,195.85,197.33,0.7528,neutral,neutral,0.3577,,
FNSPID_07269,2019-09-03,HD,East Coast Freight Markets Distorted By Dorian Response,188.72,189.94,0.6466,neutral,up,0.361,"[PLACEHOLDER - Ollama unavailable, not a real model explanation] The headline ""East Coast Freight Markets Distorted By Dorian Response"" reads as a up signal for the stock, which is consistent with an upward next-day move.",
FNSPID_07270,2019-09-03,HD,"New Tariffs Appear To Have Apple, Caterpillar, Nvidia Under Pressure Early On",188.72,189.94,0.6466,neutral,up,0.3703,,
FNSPID_07271,2019-08-30,HD,Large Retail Chains Activate Disaster Teams To Replenish Florida Stores,191.95,188.72,-1.6849,down,neutral,0.404,"[PLACEHOLDER - Ollama unavailable, not a real model explanation] The headline ""Large Retail Chains Activate Disaster Teams To Replenish Florida Stores"" reads as a neutral signal for the stock, which is consistent with little or no next-day move.",
FNSPID_07272,2019-08-29,HD,'Fast Money Halftime Report' Picks For August 29,191.45,191.95,0.2596,neutral,neutral,0.365,,
FNSPID_07273,2019-08-29,HD,Florida Preps For Strengthening Hurricane Dorian: Storm Could Hit State As Damaging Cat 4,191.45,191.95,0.2596,neutral,up,0.3726,,
FNSPID_07274,2019-08-29,HD,"Shares of several Home Improvement companies are trading higher amid concerns of Hurricane Dorian, which could cause extensive damage to Florida homes.",191.45,191.95,0.2596,neutral,up,0.3777,,
FNSPID_07275,2019-08-27,HD,Home Depot In Q2 Received Grand Jury Subpoena From A U.S. Attorney And An Amendment Of Subpoena From EPA Civil Enforcement Division,183.78,186.93,1.714,up,up,0.3555,,
FNSPID_07276,2019-08-26,HD,"Summer Doldrums Explode Along With Tariff War, Tweets",184.15,183.78,-0.2013,neutral,neutral,0.3547,"[PLACEHOLDER - Ollama unavailable, not a real model explanation] The headline ""Summer Doldrums Explode Along With Tariff War, Tweets"" reads as a neutral signal for the stock, which is consistent with little or no next-day move.",
FNSPID_07277,2019-08-22,HD,"Lowe's Has Self-Help Comeback, Boosts Hopes For Rest Of The Year",186.15,183.16,-1.6062,down,up,0.3743,,
FNSPID_07278,2019-08-22,HD,Cramer: Short Sellers Played Role In Wednesday's Retail Surge,186.15,183.16,-1.6062,down,up,0.3765,,
FNSPID_07279,2019-08-22,HD,"Morgan Stanley Maintains Overweight on Home Depot, Raises Price Target to $225",186.15,183.16,-1.6062,down,up,0.361,,
FNSPID_07280,2019-08-21,HD,"Home Depot, Shopify And More 'Fast Money Halftime Report' Picks From August 21",185.63,186.15,0.2813,neutral,neutral,0.3903,,
FNSPID_07281,2019-08-21,HD,"A Look At Benzinga Pro's Most-Searched Tickers For August 21, 2019",185.63,186.15,0.2813,neutral,neutral,0.3819,"[PLACEHOLDER - Ollama unavailable, not a real model explanation] The headline ""A Look At Benzinga Pro's Most-Searched Tickers For August 21, 2019"" reads as a neutral signal for the stock, which is consistent with little or no next-day move.",
FNSPID_07282,2019-08-21,HD,"UPDATE: Baird Maintains Outperform On Home Depot, As Firm Notes 'In light of potential demand improvement in H2, we believe there are opportunities within building products given also reasonable valuation'",185.63,186.15,0.2813,neutral,up,0.4418,,
FNSPID_07283,2019-08-21,HD,"Home Depot Core Strength Goes On Despite Cheaper Lumber, Bad Weather And China",185.63,186.15,0.2813,neutral,up,0.3557,"[PLACEHOLDER - Ollama unavailable, not a real model explanation] The headline ""Home Depot Core Strength Goes On Despite Cheaper Lumber, Bad Weather And China"" reads as a up signal for the stock, which is consistent with an upward next-day move.",
FNSPID_07284,2019-08-21,HD,Stocks That Hit 52-Week Highs On Wednesday,185.63,186.15,0.2813,neutral,up,0.3539,,
FNSPID_07285,2019-08-21,HD,Cramer To Trump: Listen To Home Depot CFO's Comments On Trade,185.63,186.15,0.2813,neutral,neutral,0.3791,"[PLACEHOLDER - Ollama unavailable, not a real model explanation] The headline ""Cramer To Trump: Listen To Home Depot CFO's Comments On Trade"" reads as a neutral signal for the stock, which is consistent with little or no next-day move.",
FNSPID_07286,2019-08-21,HD,"Consumer Still Reigns As Target, Lowe's Both Exceed Earnings Expectations",185.63,186.15,0.2813,neutral,up,0.3527,,
FNSPID_07287,2019-08-21,HD,"Benzinga Pro's Top 10 Most-Searched Tickers For Morning of Wednesday., August 21, 2019",185.63,186.15,0.2813,neutral,up,0.3797,,
FNSPID_07288,2019-08-21,HD,10 Biggest Price Target Changes For Wednesday,185.63,186.15,0.2813,neutral,neutral,0.3499,,
FNSPID_07289,2019-08-21,HD,"Baird Maintains Outperform on Home Depot, Raises Price Target to $230",185.63,186.15,0.2813,neutral,up,0.3511,,
FNSPID_07290,2019-08-21,HD,"Credit Suisse Maintains Neutral on Home Depot, Raises Price Target to $213",185.63,186.15,0.2813,neutral,up,0.352,,
FNSPID_07291,2019-08-21,HD,"Wedbush Maintains Neutral on Home Depot, Raises Price Target to $230",185.63,186.15,0.2813,neutral,up,0.3537,"[PLACEHOLDER - Ollama unavailable, not a real model explanation] The headline ""Wedbush Maintains Neutral on Home Depot, Raises Price Target to $230"" reads as a up signal for the stock, which is consistent with an upward next-day move.",
FNSPID_07292,2019-08-21,HD,"Citigroup Maintains Buy on Home Depot, Raises Price Target to $246",185.63,186.15,0.2813,neutral,up,0.3601,,
FNSPID_07293,2019-08-21,HD,"UBS Maintains Buy on Home Depot, Raises Price Target to $240",185.63,186.15,0.2813,neutral,up,0.3623,,
FNSPID_07294,2019-08-21,HD,55 Biggest Movers From Yesterday,185.63,186.15,0.2813,neutral,up,0.377,,
FNSPID_07295,2019-08-20,HD,Mid-Afternoon Market Update: Dow Falls 100 Points; Fabrinet Shares Plunge On Weak Forecast,182.84,185.63,1.5247,up,up,0.3983,,
FNSPID_07296,2019-08-20,HD,44 Stocks Moving In Tuesday's Mid-Day Session,182.84,185.63,1.5247,up,up,0.444,,
FNSPID_07297,2019-08-20,HD,Mid-Day Market Update: ToughBuilt Industries Falls After Q2 Results; iBio Shares Surge,182.84,185.63,1.5247,up,up,0.3987,,
FNSPID_07298,2019-08-20,HD,Mid-Morning Market Update: Markets Open Lower; Home Depot Earnings Beat Expectations,182.84,185.63,1.5247,up,up,0.3921,,
FNSPID_07299,2019-08-20,HD,"Home Depot Says Tariffs On List 1 Through 4 Chinese Imports, 4 Being At 10%, Could Raise Cost Of Sales By 2%",182.84,185.63,1.5247,up,up,0.4266,,
FNSPID_07300,2019-08-20,HD,"Earnings Season Keeps Rolling Along, With Home Depot, Kohl's On Front Burner",182.84,185.63,1.5247,up,up,0.3595,,
FNSPID_07301,2019-08-20,HD,Home Depot Trades Higher On Q2 Earnings Beat,182.84,185.63,1.5247,up,up,0.3783,,
FNSPID_07302,2019-08-20,HD,32 Stocks Moving in Tuesday's Pre-Market Session,182.84,185.63,1.5247,up,up,0.4361,,
FNSPID_07303,2019-08-20,HD,Home Depot shares are trading higher after the company reported better-than-expected Q2 EPS results.,182.84,185.63,1.5247,up,up,0.3934,,
FNSPID_07304,2019-08-20,HD,A Peek Into The Markets: US Stock Futures Flat Ahead Of Retail Earnings,182.84,185.63,1.5247,up,up,0.4004,"[PLACEHOLDER - Ollama unavailable, not a real model explanation] The headline ""A Peek Into The Markets: US Stock Futures Flat Ahead Of Retail Earnings"" reads as a up signal for the stock, which is consistent with an upward next-day move.",
FNSPID_07305,2019-08-20,HD,"Home Depot Q2 EPS $3.17 Beats $3.09 Estimate, Sales $30.839B Miss $31.04B Estimate",182.84,185.63,1.5247,up,up,0.4285,,
FNSPID_07306,2019-08-20,HD,"8 Stocks To Watch For August 20, 2019",182.84,185.63,1.5247,up,up,0.4165,,
FNSPID_07307,2019-08-20,HD,"Earnings Scheduled For August 20, 2019",182.84,185.63,1.5247,up,down,0.4309,,
FNSPID_07308,2019-08-19,HD,This Analyst Prefers Lowe's Over Home Depot Ahead Of Earnings,175.14,182.84,4.3953,up,neutral,0.3658,,
FNSPID_07309,2019-08-19,HD,"Busy Week Ahead With Fed Symposium And Retail Earnings Marching On With Target, Kohl's",175.14,182.84,4.3953,up,up,0.3752,,
FNSPID_07616,2019-12-26,KR,'Kroger Says Facebook Posts Claiming Free Groceries Are Fake ' -RTT News,25.17,25.05,-0.45,neutral,up,0.3671,,
FNSPID_07617,2019-12-13,KR,"Benzinga's Top Upgrades, Downgrades For December 13, 2019",24.47,24.66,0.7832,neutral,up,0.3881,,
FNSPID_07618,2019-12-12,KR,"Benzinga's Top Upgrades, Downgrades For December 12, 2019",24.57,24.47,-0.3901,neutral,up,0.3878,,
FNSPID_07619,2019-12-12,KR,Evercore ISI Group Upgrades Kroger to Outperform,24.57,24.47,-0.3901,neutral,up,0.3725,,
FNSPID_07620,2019-12-10,KR,Walmart Testing Driverless Grocery Delivery,24.28,24.41,0.5382,neutral,neutral,0.408,,
FNSPID_07621,2019-12-06,KR,3 Analysts Debate Kroger's Stock Following Q3 Earnings,23.95,24.25,1.2732,up,up,0.389,,
FNSPID_07622,2019-12-06,KR,"Deutsche Bank Reiterates Hold on Kroger, Raises Price Target to $28",23.95,24.25,1.2732,up,up,0.3645,,
FNSPID_07623,2019-12-05,KR,From Kroger Q3 Earnings Conference Call: Annual Adj. EPS Guidance Will Be Heavily Influenced By Fuel Margins In Q4,23.35,23.95,2.5746,up,up,0.4129,,
FNSPID_07624,2019-12-05,KR,"Benzinga Pro's Top 5 Stocks To Watch For Thurs., Dec. 5, 2019: KR, YETI, BNGO, GOOS, ULTA",23.35,23.95,2.5746,up,up,0.3961,,
FNSPID_07625,2019-12-05,KR,"Kroger Q3 Comps Excluding Fuel Up 2.5%, Digital Sales Up 21%",23.35,23.95,2.5746,up,up,0.3887,,
FNSPID_07626,2019-12-05,KR,The Kroger Co shares are trading lower after the company reported worse-than-expected Q3 EPS and sales results.,23.35,23.95,2.5746,up,down,0.3806,,
FNSPID_07627,2019-12-05,KR,Kroger Sees FY19 Adj. EPS $2.15-$2.25 vs $2.20 Estimate; FY20 Adj. EPS $2.30-$2.40 vs $2.33 Est.,23.35,23.95,2.5746,up,up,0.4393,,
FNSPID_07628,2019-12-05,KR,"Kroger Q3 EPS $0.47 Misses $0.48 Estimate, Sales $27.974B Miss $28.15B Estimate",23.35,23.95,2.5746,up,up,0.4314,,
FNSPID_07629,2019-12-05,KR,"10 Stocks To Watch For December 5, 2019",23.35,23.95,2.5746,up,up,0.3987,,
FNSPID_07630,2019-12-05,KR,"Earnings Scheduled For December 5, 2019",23.35,23.95,2.5746,up,down,0.4402,,
FNSPID_07631,2019-12-04,KR,Q3 Earnings Preview For Kroger,24.08,23.35,-3.0391,down,up,0.3842,,
FNSPID_07632,2019-12-04,KR,Ready To Rebound? Stocks Seem Set To Boomerang As Trade Narrative Turns Positive,24.08,23.35,-3.0391,down,up,0.3666,,
FNSPID_07633,2019-12-02,KR,"Cyber Monday Puts Major Retailers Walmart, Amazon, Target And Others In Focus",24.17,23.86,-1.2617,down,neutral,0.3951,"[PLACEHOLDER - Ollama unavailable, not a real model explanation] The headline ""Cyber Monday Puts Major Retailers Walmart, Amazon, Target And Others In Focus"" reads as a neutral signal for the stock, which is consistent with little or no next-day move.",
FNSPID_07634,2019-12-02,KR,"Wells Fargo Maintains Outperform on Kroger, Raises Price Target to $31",24.17,23.86,-1.2617,down,up,0.3644,,
FNSPID_07635,2019-11-26,KR,December Outlook: Will Trade Bells Start Ringing As Shopping Season Kicks Off?,23.56,23.72,0.7027,neutral,neutral,0.3986,,
FNSPID_07636,2019-11-21,KR,"Kroger Added Too Much To Its Cart, Will Slowdown 'Restock Kroger' Plans",23.26,23.56,1.3108,up,up,0.367,,
FNSPID_07637,2019-11-19,KR,"Kroger Reports Partnership With Infarm To Offer In-Store Living Produce Farms, No Terms Disclosed",23.41,23.16,-1.042,down,up,0.3615,,
FNSPID_07638,2019-11-13,KR,"Benzinga's Top Upgrades, Downgrades For November 13, 2019",23.43,23.44,0.0372,neutral,up,0.3899,,
FNSPID_07639,2019-11-13,KR,10 Biggest Price Target Changes For Wednesday,23.43,23.44,0.0372,neutral,neutral,0.3499,,
FNSPID_07640,2019-11-13,KR,"Deutsche Bank Upgrades Kroger to Hold, Raises Price Target to $27",23.43,23.44,0.0372,neutral,up,0.3687,,
FNSPID_07641,2019-11-06,KR,The Kroger Co shares are trading lower. Not seeing any news to justify the price action.,23.38,23.26,-0.5185,neutral,up,0.376,,
FNSPID_07642,2019-11-06,KR,Kroger and TrueCar Partner To Launch Kroger Auto Buying Program,23.38,23.26,-0.5185,neutral,neutral,0.3934,,
FNSPID_07643,2019-11-06,KR,"Credit Suisse Maintains Outperform on Kroger, Raises Price Target to $30",23.38,23.26,-0.5185,neutral,up,0.3683,,
FNSPID_07644,2019-11-06,KR,61 Biggest Movers From Yesterday,23.38,23.26,-0.5185,neutral,up,0.3867,,
FNSPID_07645,2019-11-05,KR,Mid-Day Market Update: EverQuote Rises After Upbeat Q3 Results; Armstrong Flooring Shares Plummet,24.1,23.38,-2.9824,down,up,0.3914,,
FNSPID_07646,2019-11-05,KR,54 Stocks Moving In Tuesday's Mid-Day Session,24.1,23.38,-2.9824,down,up,0.4377,,
FNSPID_07647,2019-11-05,KR,Kroger Says Plant-based Alternatives Will Be A Key Driver To Deliver Double-digit Simple Truth Brand Sales And Category Margins In 2020,24.1,23.38,-2.9824,down,up,0.3973,,
FNSPID_07648,2019-11-05,KR,Kroger shares are trading higher after the company announced a $1 billion buyback.,24.1,23.38,-2.9824,down,up,0.4038,,
FNSPID_07649,2019-11-05,KR,Kroger Option Alert: Apr 17 $29 Calls Sweep (33) near the Ask: 713 @ $1.217 vs 188 OI; Earnings 12/5 Before Open [est] Ref=$26.92,24.1,23.38,-2.9824,down,up,0.4243,"[PLACEHOLDER - Ollama unavailable, not a real model explanation] The headline ""Kroger Option Alert: Apr 17 $29 Calls Sweep (33) near the Ask: 713 @ $1.217 vs 188 OI; Earnings 12/5 Before Open [est] Ref=$26.92"" reads as a up signal for the stock, which is consistent with an upward next-day move.",
FNSPID_07650,2019-11-05,KR,Kroger At Analyst Day Says Unexpected Headwind Impacted 3-Yr Incremental Operating Profit Trajectory By About $800M,24.1,23.38,-2.9824,down,up,0.4101,,
FNSPID_07651,2019-10-29,KR,The Kroger Co shares are trading lower. Credit Suisse lowered its FY19 and FY20 estimates from $2.21 and $2.44 to $2.20 and $2.40 respectively.,21.33,21.42,0.4466,neutral,down,0.4668,,
FNSPID_07652,2019-10-29,KR,Amazon Fresh Grocery Delivery Service Now Free For Prime Members,21.33,21.42,0.4466,neutral,neutral,0.419,,
FNSPID_07653,2019-10-28,KR,"Kroger Shares Unaffected Following Co. Press Release Highlighting Women In California, Colorado, Idaho, New Mexico, Oregon, Utah, Washington Can Obtain Contraceptives From A Kroger Health Pharmacy",21.94,21.33,-2.7635,down,up,0.3662,"[PLACEHOLDER - Ollama unavailable, not a real model explanation] The headline ""Kroger Shares Unaffected Following Co. Press Release Highlighting Women In California, Colorado, Idaho, New Mexico, Oregon, Utah, Washington Can Obtain Contraceptives From A Kroger Health Pharmacy"" reads as a up signal for the stock, which is consistent with an upward next-day move.",
FNSPID_07654,2019-10-23,KR,Kroger Option Alert: Nov 8 $25 Calls at the Ask: 5000 @ $0.57 vs 971 OI; Earnings 12/5 Before Open [est] Ref=$24.945,21.63,21.59,-0.2001,neutral,up,0.4212,,
FNSPID_07655,2019-10-22,KR,Kroger shares are trading higher on seemingly no company-specific news.,21.52,21.63,0.5231,neutral,up,0.404,,
FNSPID_07656,2019-10-16,KR,Tosca To Acquire Reusable Packaging Provider Polymer Logistics,21.23,21.16,-0.3264,neutral,up,0.366,,
FNSPID_07657,2019-10-10,KR,Kroger shares are trading lower after Jefferies downgraded the company's stock from Buy to Hold and lowered the price target from $29 to $26.,20.64,21.0,1.7198,up,up,0.3719,"[PLACEHOLDER - Ollama unavailable, not a real model explanation] The headline ""Kroger shares are trading lower after Jefferies downgraded the company's stock from Buy to Hold and lowered the price target from $29 to $26."" reads as a up signal for the stock, which is consistent with an upward next-day move.",
FNSPID_07658,2019-10-10,KR,"Benzinga's Top Upgrades, Downgrades For October 10, 2019",20.64,21.0,1.7198,up,up,0.3885,,
FNSPID_07659,2019-10-10,KR,10 Biggest Price Target Changes For Thursday,20.64,21.0,1.7198,up,up,0.3523,,
FNSPID_07660,2019-10-10,KR,"A Peek Into The Markets: US Stock Futures Down Ahead Of Consumer Price Index, Fed Speakers",20.64,21.0,1.7198,up,up,0.3835,,
FNSPID_07661,2019-10-10,KR,"Jefferies Downgrades Kroger to Hold, Lowers Price Target to $26",20.64,21.0,1.7198,up,up,0.3613,,
FNSPID_07662,2019-10-09,KR,"Jim Cramer Shares His Thoughts On Roku, Gilead And More",21.24,20.64,-2.8129,down,up,0.3516,,
FNSPID_07663,2019-10-03,KR,Kroger Shares Quiet As Traders Circulate Speculation From Dealreporter Co. Is An Activist Target,21.29,21.47,0.8133,neutral,up,0.392,,
FNSPID_07664,2019-09-24,KR,"Citigroup Maintains Buy on Kroger, Raises Price Target to $30",22.35,22.32,-0.155,neutral,up,0.3758,,
FNSPID_07665,2019-09-19,KR,Kroger Shares Up 2.9% Over Last Few Mins As Traders Circulate Questionable Takeover Chatter In Stock,22.36,22.24,-0.5422,neutral,up,0.4112,,
FNSPID_07666,2019-09-19,KR,"Kroger Shares Spike 1.6% Over Last Few Mins., Uptick In Volume",22.36,22.24,-0.5422,neutral,up,0.4356,,
FNSPID_07667,2019-09-17,KR,9 Stocks Trading At The Steepest Discount To Sales,22.21,21.84,-1.6764,down,up,0.3977,,
FNSPID_07668,2019-09-13,KR,"A Look At Benzinga Pro's Most-Searched Tickers For September 13, 2019",22.71,22.5,-0.9531,neutral,neutral,0.3863,,
FNSPID_07669,2019-09-13,KR,The Street Reacts To Kroger's Q2 With Mixed Takeaways,22.71,22.5,-0.9531,neutral,up,0.3685,,
FNSPID_07670,2019-09-13,KR,"Benzinga Pro's Top 10 Most-Searched Tickers For Morning of Friday, September 13, 2019",22.71,22.5,-0.9531,neutral,up,0.3723,,
FNSPID_07671,2019-09-13,KR,"UBS Maintains Neutral on Kroger, Raises Price Target to $26",22.71,22.5,-0.9531,neutral,up,0.3738,,
FNSPID_07672,2019-09-13,KR,"Credit Suisse Maintains Outperform on Kroger, Raises Price Target to $29",22.71,22.5,-0.9531,neutral,up,0.3631,,
FNSPID_07673,2019-09-12,KR,Mid-Afternoon Market Update: Dow Rises 150 Points; Tailored Brands Shares Tumble,22.16,22.71,2.501,up,up,0.3763,,
FNSPID_07674,2019-09-12,KR,Mid-Day Market Update: Tocagen Falls On Failed Late-Stage Brain Cancer Study; Sintx Technologies Shares Jump,22.16,22.71,2.501,up,up,0.3853,,
FNSPID_07675,2019-09-12,KR,From Kroger Q2 Earnings Conference Call: Exec Says Cannot Reaffirm 3-Year Forecast For $400M In Incremental Profit,22.16,22.71,2.501,up,up,0.4079,,
FNSPID_07676,2019-09-12,KR,Kroger Shares Fall ~8% As Q2 Earnings Conference Call Ongoing; Shares Now Down 5% For Session,22.16,22.71,2.501,up,up,0.4178,,
FNSPID_07677,2019-09-12,KR,Mid-Morning Market Update: Markets Open Higher; Kroger Posts Mixed Q2 Results,22.16,22.71,2.501,up,up,0.4306,,
FNSPID_07678,2019-09-12,KR,Kroger shares are trading higher after the company reported better-than-expected Q2 EPS results.,22.16,22.71,2.501,up,up,0.4067,,
FNSPID_07679,2019-09-12,KR,Oracle Reports Early In Surprise Move As Trump Surprises With Positive Trade Tweet,22.16,22.71,2.501,up,up,0.3999,,
FNSPID_07680,2019-09-12,KR,Kroger Reports Q2 Earnings Beat,22.16,22.71,2.501,up,up,0.3623,"[PLACEHOLDER - Ollama unavailable, not a real model explanation] The headline ""Kroger Reports Q2 Earnings Beat"" reads as a up signal for the stock, which is consistent with an upward next-day move.",
FNSPID_07681,2019-09-12,KR,"Kroger Shares Up 0.5% Following Earlier Q2 Earnings: Adj. EPS $0.44 Beats $0.41 Estimate, Sales $28.168B Miss $28.38B Estimate; Reaffirms FY19 Guidance",22.16,22.71,2.501,up,up,0.4243,,
FNSPID_07682,2019-09-12,KR,"7 Stocks To Watch For September 12, 2019",22.16,22.71,2.501,up,up,0.4154,"[PLACEHOLDER - Ollama unavailable, not a real model explanation] The headline ""7 Stocks To Watch For September 12, 2019"" reads as a up signal for the stock, which is consistent with an upward next-day move.",
FNSPID_07683,2019-09-12,KR,"Earnings Scheduled For September 12, 2019",22.16,22.71,2.501,up,down,0.4346,"[PLACEHOLDER - Ollama unavailable, not a real model explanation] The headline ""Earnings Scheduled For September 12, 2019"" reads as a down signal for the stock, which is consistent with a downward next-day move.",
FNSPID_07684,2019-09-10,KR,Kroger Option Alert: Oct 18 $24 Calls Sweep (6) near the Ask: 750 @ $2.0 vs 13727 OI; Earnings 9/12 Before Open Ref=$25.28,22.36,22.14,-0.9683,neutral,up,0.4234,,
FNSPID_07685,2019-09-05,KR,Kroger Moves In On 'Very Strong' Meatless Opportunity With Private Label Offering,21.5,21.39,-0.5236,neutral,up,0.3811,,
FNSPID_07686,2019-09-05,KR,Kroger Confirms Launch Of Simple Truth Brand Plant Based Collection,21.5,21.39,-0.5236,neutral,neutral,0.3666,,
FNSPID_07687,2019-09-05,KR,'Kroger Enters Meatless Fray with Store-Branded Patties' -WSJ,21.5,21.39,-0.5236,neutral,up,0.3638,,
FNSPID_07688,2019-09-05,KR,5 Companies Taking Big Steps To Reduce Virgin Plastic Waste,21.5,21.39,-0.5236,neutral,up,0.3513,,
FNSPID_07689,2019-09-04,KR,Bernstein: How Kroger Could See Activist Involvement,21.36,21.5,0.6894,neutral,neutral,0.4041,,
FNSPID_07690,2019-09-04,KR,"'Following Walmart's lead, Kroger asks customers not to openly carry firearms in stores' -Washington Post",21.36,21.5,0.6894,neutral,neutral,0.3683,,
FNSPID_07691,2019-09-04,KR,Kroger Option Alert: Oct 18 $22 Calls at the Ask: 500 @ $2.92 vs 3265 OI; Earnings 9/12 Before Open Ref=$24.33,21.36,21.5,0.6894,neutral,up,0.4239,,
FNSPID_07692,2019-09-04,KR,"Ex-Walmart Exec On New Gun, Ammo Policies: Retailer 'Had To Take Some Sort Of Action'",21.36,21.5,0.6894,neutral,up,0.3599,,
FNSPID_07693,2019-09-04,KR,Kroger Option Alert: Jan 17 $30 Calls at the Ask: 500 @ $0.41 vs 46041 OI; Earnings 9/12 Before Open Ref=$24.305,21.36,21.5,0.6894,neutral,up,0.4227,,
FNSPID_07694,2019-09-04,KR,"Bernstein Says If Kroger Shares Drop Back To 'Unreasonable Low Levels,' There Will Be A 'Clear Window' For An Activist Push",21.36,21.5,0.6894,neutral,up,0.3639,,
FNSPID_07695,2019-09-04,KR,"BMO Capital Reiterates Market Perform on Kroger, Raises Price Target to $26",21.36,21.5,0.6894,neutral,up,0.382,"[PLACEHOLDER - Ollama unavailable, not a real model explanation] The headline ""BMO Capital Reiterates Market Perform on Kroger, Raises Price Target to $26"" reads as a up signal for the stock, which is consistent with an upward next-day move.",
FNSPID_07696,2019-08-22,KR,Kroger Option Alert: Oct 18 $25 Calls Sweep (41) near the Ask: 516 @ $0.8 vs 10436 OI; Earnings 9/12 Before Open [est] Ref=$23.565,20.5,20.17,-1.6054,down,up,0.4248,,
FNSPID_07697,2019-08-19,KR,Kroger and Walgreens Expand its Exploratory Pilot for Kroger Express in Walgreens Stores,19.91,19.84,-0.348,neutral,neutral,0.3597,"[PLACEHOLDER - Ollama unavailable, not a real model explanation] The headline ""Kroger and Walgreens Expand its Exploratory Pilot for Kroger Express in Walgreens Stores"" reads as a neutral signal for the stock, which is consistent with little or no next-day move.",
FNSPID_08135,2019-12-30,KSS,Morgan Stanley Notes 'Clearance levels ticked slightly higher y/y at only two retailers: Kohl's and Victoria's Secret',35.48,35.71,0.6519,neutral,up,0.3764,,
FNSPID_08136,2019-12-30,KSS,Morgan Stanley Notes 'Store traffic deteriorated -10.7% y/y in December Week 3 and -7.4% y/y 4QTD. December Week 3 traffic decelerated to -10.7% y/y from -6.5% y/y in the first two weeks despite colder y/y weather and the month's easiest -10.2% compare',35.48,35.71,0.6519,neutral,up,0.4368,,
FNSPID_08137,2019-12-23,KSS,"Spike In Holiday Returns Highlights Waste, Inefficiency In Reverse Logistics",35.58,35.6,0.0394,neutral,up,0.3601,,
FNSPID_08138,2019-12-19,KSS,"Morgan Stanley Maintains Underweight on Kohl's, Lowers Price Target to $41",35.38,35.44,0.1783,neutral,neutral,0.349,,
FNSPID_08139,2019-12-14,KSS,"Bulls And Bears Of The Week: Disney, Macy's, Netflix, Tesla And More",34.9,35.37,1.3457,up,neutral,0.4002,,
FNSPID_08140,2019-12-11,KSS,'Still reading positives about the $KSS relationship with Amazon returns' -CNBC's Jim Cramer,33.43,34.43,2.9769,up,up,0.3798,,
FNSPID_08141,2019-12-10,KSS,Cramer Says Macy's And Kohl's Have 'Self-Inflicted Wounds',33.67,33.43,-0.7078,neutral,neutral,0.3592,,
FNSPID_08142,2019-12-02,KSS,"Black Friday 2019 Winners And Losers: Amazon, Macy's, Shopify And More",32.36,31.76,-1.8795,down,neutral,0.3838,,
FNSPID_08143,2019-11-29,KSS,Hearing Kohl's Reports Some Gaming Systems Have Sold Out Online,32.5,32.36,-0.4042,neutral,neutral,0.3549,,
FNSPID_08144,2019-11-29,KSS,"Black Friday Experts On 2019 Trends, Why Best Buy Is A Winner",32.5,32.36,-0.4042,neutral,neutral,0.3841,,
FNSPID_08145,2019-11-29,KSS,"5 Stocks To Watch For November 29, 2019",32.5,32.36,-0.4042,neutral,up,0.418,,
FNSPID_08146,2019-11-27,KSS,How Has Trading Sentiment Changed In The Retail Sector Ahead Of Black Friday?,33.4,32.5,-2.7111,down,up,0.3589,,
FNSPID_08147,2019-11-27,KSS,"Trump, China Comments On Trade Continue To Be A Tailwind For Market",33.4,32.5,-2.7111,down,up,0.3787,,
FNSPID_08148,2019-11-26,KSS,Buy Baby Yoda Toys For Christmas You Cannot,33.21,33.4,0.5619,neutral,neutral,0.474,,
FNSPID_08149,2019-11-26,KSS,19 Essential Gift Ideas For Everyone On Your Holiday Shopping List,33.21,33.4,0.5619,neutral,neutral,0.4354,,
FNSPID_08150,2019-11-26,KSS,More Retail Results Pour In Ahead Of Holiday After Monday's Record-Setting Session,33.21,33.4,0.5619,neutral,up,0.3874,,
FNSPID_08151,2019-11-25,KSS,"Thanksgiving Dinner Prep: How To Cook The Turkey, Where To Shop And What Side Dishes To Make",33.46,33.21,-0.7231,neutral,neutral,0.5196,,
FNSPID_08152,2019-11-21,KSS,Here's Every Major Retailer's Black Friday Weekend Shopping Hours,32.55,32.49,-0.1911,neutral,neutral,0.4413,"[PLACEHOLDER - Ollama unavailable, not a real model explanation] The headline ""Here's Every Major Retailer's Black Friday Weekend Shopping Hours"" reads as a neutral signal for the stock, which is consistent with little or no next-day move.",
FNSPID_08153,2019-11-21,KSS,UPDATE: Morgan Stanley On Kohl's Notes Co's 'struggles to stabilize store sales are not unlike the trends we are observing in the broader retail industry',32.55,32.49,-0.1911,neutral,up,0.3972,,
FNSPID_08154,2019-11-21,KSS,"UPDATE: Morgan Stanley Maintains Underweight On Kohl's, Lowers Target To $42 Notes 'The Amazon returns program has not been sufficient to turn the tide, putting the bull case out of reach and reinforcing our LT structurally negative view'",32.55,32.49,-0.1911,neutral,up,0.417,,
FNSPID_08155,2019-11-21,KSS,"Morgan Stanley Maintains Underweight on Kohl's, Lowers Price Target to $42",32.55,32.49,-0.1911,neutral,neutral,0.3475,,
FNSPID_08156,2019-11-21,KSS,"Despite Tariff Fears, Market Shows Signs Of Resilience As Retail Earnings Continue",32.55,32.49,-0.1911,neutral,up,0.41,,
FNSPID_08157,2019-11-20,KSS,"Today's Pickup: Hyperloop Route Between Chicago To Pittsburgh Can Create 900,000 Jobs Over A 25-Year Period",32.64,32.55,-0.2753,neutral,neutral,0.3866,,
FNSPID_08158,2019-11-20,KSS,The Street Debates If Now Is The Time To Shop For Kohl's Stock,32.64,32.55,-0.2753,neutral,neutral,0.4029,,
FNSPID_08159,2019-11-20,KSS,Target Shorts Take Big Hit Amid Profitable Earnings Season For Retail Short Sellers,32.64,32.55,-0.2753,neutral,up,0.3965,,
FNSPID_08160,2019-11-20,KSS,TJX Beats Expectations With Third Quarter Results,32.64,32.55,-0.2753,neutral,up,0.3791,,
FNSPID_08161,2019-11-20,KSS,"Target Maintains Its Outperformer Ranking By Smashing Estimates, Yet Again!",32.64,32.55,-0.2753,neutral,up,0.3694,,
FNSPID_08162,2019-11-20,KSS,"Despite Strong Earnings From Lowe's, Target, Market On Defensive From Trade Fears",32.64,32.55,-0.2753,neutral,up,0.4121,,
FNSPID_08163,2019-11-20,KSS,"Benzinga's Top Upgrades, Downgrades For November 20, 2019",32.64,32.55,-0.2753,neutral,up,0.3903,,
FNSPID_08164,2019-11-20,KSS,10 Biggest Price Target Changes For Wednesday,32.64,32.55,-0.2753,neutral,neutral,0.3499,,
FNSPID_08165,2019-11-20,KSS,"Deutsche Bank Maintains Hold on Kohl's, Lowers Price Target to $48",32.64,32.55,-0.2753,neutral,neutral,0.3491,,
FNSPID_08166,2019-11-20,KSS,"Wedbush Maintains Neutral on Kohl's, Lowers Price Target to $50",32.64,32.55,-0.2753,neutral,up,0.3556,"[PLACEHOLDER - Ollama unavailable, not a real model explanation] The headline ""Wedbush Maintains Neutral on Kohl's, Lowers Price Target to $50"" reads as a up signal for the stock, which is consistent with an upward next-day move.",
FNSPID_08167,2019-11-20,KSS,"Goldman Sachs Downgrades Kohl's to Neutral, Lowers Price Target to $48",32.64,32.55,-0.2753,neutral,up,0.3604,,
FNSPID_08168,2019-11-20,KSS,77 Biggest Movers From Yesterday,32.64,32.55,-0.2753,neutral,up,0.3884,,
FNSPID_08169,2019-11-19,KSS,Mid-Afternoon Market Update: Kohl's Falls On Downbeat Earnings; Myovant Sciences Shares Climb,32.5,32.64,0.4253,neutral,up,0.3967,,
FNSPID_08170,2019-11-19,KSS,Mid-Day Market Update: Crude Oil Down 2.5%; Medicines Company Shares Jump,32.5,32.64,0.4253,neutral,up,0.3837,,
FNSPID_08171,2019-11-19,KSS,51 Stocks Moving In Tuesday's Mid-Day Session,32.5,32.64,0.4253,neutral,up,0.4377,,
FNSPID_08172,2019-11-19,KSS,Mid-Morning Market Update: Markets Mostly Lower; Home Depot Reports Downbeat Sales,32.5,32.64,0.4253,neutral,up,0.3877,,
FNSPID_08173,2019-11-19,KSS,"Despite Back-And-Forth Trade News, Market Continues To Grind Higher",32.5,32.64,0.4253,neutral,up,0.3881,,
FNSPID_08174,2019-11-19,KSS,Kohls Says Amazon Returns Program Is Driving Incremental Traffic; Will Have Positive Contribution To Operating Income In 2019,32.5,32.64,0.4253,neutral,up,0.3934,,
FNSPID_08175,2019-11-19,KSS,Tuesday's Market Minute: Earnings Stumble Out Of The Gate,32.5,32.64,0.4253,neutral,neutral,0.349,,
FNSPID_08176,2019-11-19,KSS,"Benzinga Pro's Top 5 Stocks To Watch For Tues., Nov. 19, 2019: LOW, I, XRT, SAEX, ROKU",32.5,32.64,0.4253,neutral,up,0.4003,,
FNSPID_08177,2019-11-19,KSS,"Kohl's Trades Lower On Mixed Q3 Earnings, Cuts Guidance",32.5,32.64,0.4253,neutral,up,0.3963,,
FNSPID_08178,2019-11-19,KSS,Kohl's shares are trading lower after the company reported worse-than-expected Q3 EPS results. The company also cut FY19 EPS guidance.,32.5,32.64,0.4253,neutral,down,0.3928,,
FNSPID_08179,2019-11-19,KSS,Kohl's Cuts FY19 Adj. EPS Guidance From $5.15-$5.45 To $4.75-$4.95,32.5,32.64,0.4253,neutral,up,0.4036,,
FNSPID_08180,2019-11-19,KSS,"Kohl's Q3 Adj. EPS $0.74 Misses $0.86 Estimate, Sales $4.63B Beat $4.4B Estimate",32.5,32.64,0.4253,neutral,up,0.4222,,
FNSPID_08181,2019-11-19,KSS,"10 Stocks To Watch For November 19, 2019",32.5,32.64,0.4253,neutral,up,0.4015,,
FNSPID_08182,2019-11-19,KSS,"Earnings Scheduled For November 19, 2019",32.5,32.64,0.4253,neutral,down,0.4407,"[PLACEHOLDER - Ollama unavailable, not a real model explanation] The headline ""Earnings Scheduled For November 19, 2019"" reads as a down signal for the stock, which is consistent with a downward next-day move.",
FNSPID_08185,2019-11-15,KSS,"Driving Higher: Market Keeps Hanging In, On Pace For Another Record-Setting Week",40.84,40.37,-1.151,down,up,0.4006,"[PLACEHOLDER - Ollama unavailable, not a real model explanation] The headline ""Driving Higher: Market Keeps Hanging In, On Pace For Another Record-Setting Week"" reads as a up signal for the stock, which is consistent with an upward next-day move.",
FNSPID_08186,2019-11-08,KSS,"Veterans Day Deals: Businesses Say Thanks With Free Coffee, Pizza, Clothing And Dental Work",39.43,39.41,-0.0526,neutral,neutral,0.3745,,
FNSPID_08187,2019-11-08,KSS,"UPS, In Latest Density Push, Pays Customers To Pick Up At Alternate Locations",39.43,39.41,-0.0526,neutral,neutral,0.3587,,
FNSPID_08188,2019-11-07,KSS,Will Consumer Confidence And Consumer Spending Be The Catalyst To Christmas Shopping Season? Analysts Await Insight,39.22,39.43,0.5287,neutral,neutral,0.375,,
FNSPID_08189,2019-11-07,KSS,"Kohl's shares are trading higher. Strength potentially tied to retail speculation going into the holiday season and US-China trade progress, which heavily impacts retailers.",39.22,39.43,0.5287,neutral,up,0.4176,,
FNSPID_08190,2019-11-05,KSS,UPS Expects Soaring Holiday Returns; Peak Day 26% Higher Than 2018,38.23,37.6,-1.6456,down,up,0.4076,,
FNSPID_08191,2019-10-23,KSS,Evercore ISI Group Downgrades Kohl's to In-Line,36.82,36.17,-1.7649,down,up,0.3844,,
FNSPID_08192,2019-10-21,KSS,UPDATE: UBS On Kohl's Also Notes The UBS Evidence Lab Data 'shows not enough consumers think Kohl's offers terrific value'; Firm Thinks Co's 'value perception problem is fixable' And Thinks The Answer Is To Drive More People Into Co's Loyalty Program,35.41,36.59,3.3379,up,up,0.3642,,
FNSPID_08193,2019-10-21,KSS,"UPDATE: UBS Maintains Neutral On Kohl's, Raises Target To $49 As Firm Notes Co. 'has a three part plan to distinguish itself from its peers: 1) sell great brands; 2) offer terrific value; and 3) serve as a source of discovery for consumers'",35.41,36.59,3.3379,up,up,0.3997,,
FNSPID_08194,2019-10-21,KSS,"UBS Maintains Neutral on Kohl's, Raises Price Target to $49",35.41,36.59,3.3379,up,up,0.3607,,
FNSPID_08195,2019-10-10,KSS,Koh'ls Reports CFO Bruce Besanko To Step Down; Jill Timm Named Replacement,35.12,35.57,1.2992,up,up,0.3561,,
FNSPID_08196,2019-10-02,KSS,"Shares of several retail and consumer companies are trading lower on continued fears of a recession, with a weak ADP jobs report adding fuel to the fire. There is also uncertainty in the market over an upcoming meeting with China next week.",31.92,32.19,0.8445,neutral,up,0.3668,,
FNSPID_08197,2019-09-18,KSS,Shares of several retail companies are trading lower on continued momentum potentially on retail data from Redbook and Retail Economist/Goldman. Redbook reported U.S. retail sales during the first 2 weeks of September were down 0.9%.,34.62,33.73,-2.5754,down,down,0.4298,,
FNSPID_08198,2019-09-17,KSS,Shares of several retail companies are trading lower potentially on retail data from Redbook and Retail Economist/Goldman. Redbook reported U.S. retail sales during the first 2 weeks of September were down 0.9%.,35.12,34.62,-1.417,down,down,0.432,,
FNSPID_08199,2019-09-09,KSS,"Today's Pickup: Many Happy (In-Person) Returns, E-Tailers Hope; The Masses Want Next-Day Delivery",35.3,35.32,0.0783,neutral,neutral,0.3897,,
FNSPID_08200,2019-09-09,KSS,A Peek Into The Markets: US Stock Futures Signal Higher Start On Wall Street,35.3,35.32,0.0783,neutral,up,0.3982,,
FNSPID_08201,2019-09-09,KSS,"5 Stocks To Watch For September 9, 2019",35.3,35.32,0.0783,neutral,up,0.4161,,
FNSPID_08202,2019-09-06,KSS,Kohls Presient Sona Chawla to Step Down Effective October 18,33.13,35.3,6.528,up,neutral,0.3587,,
FNSPID_08203,2019-09-05,KSS,Traders Circulating Questionable Chatter Of Amazon M&A Interest In Kohl's,32.92,33.13,0.6425,neutral,up,0.3663,,
FNSPID_08204,2019-08-22,KSS,"Kohl's, Snap And More 'Fast Money' Picks For August 22",32.29,30.83,-4.5426,down,neutral,0.3823,,
FNSPID_08205,2019-08-22,KSS,"UBS Maintains Neutral on Kohl's, Lowers Price Target to $47",32.29,30.83,-4.5426,down,neutral,0.3482,,
FNSPID_08206,2019-08-22,KSS,"Morgan Stanley Maintains Underweight on Kohl's, Raises Price Target to $51",32.29,30.83,-4.5426,down,up,0.3592,,
FNSPID_08207,2019-08-21,KSS,"A Look At Benzinga Pro's Most-Searched Tickers For August 21, 2019",32.11,32.29,0.5737,neutral,neutral,0.3819,"[PLACEHOLDER - Ollama unavailable, not a real model explanation] The headline ""A Look At Benzinga Pro's Most-Searched Tickers For August 21, 2019"" reads as a neutral signal for the stock, which is consistent with little or no next-day move.",
FNSPID_08208,2019-08-21,KSS,Shares of several retail companies are trading higher in sympathy with Target after the company reported better-than-expected Q2 EPS and sales and raised FY19 guidance.,32.11,32.29,0.5737,neutral,up,0.4133,,
FNSPID_08209,2019-08-21,KSS,"Benzinga Pro's Top 10 Most-Searched Tickers For Morning of Wednesday., August 21, 2019",32.11,32.29,0.5737,neutral,up,0.3797,,
FNSPID_08210,2019-08-21,KSS,"Deutsche Bank Maintains Hold on Kohl's, Lowers Price Target to $52",32.11,32.29,0.5737,neutral,neutral,0.347,,
FNSPID_08211,2019-08-21,KSS,"Credit Suisse Maintains Neutral on Kohl's, Lowers Price Target to $51",32.11,32.29,0.5737,neutral,neutral,0.3452,,
FNSPID_08212,2019-08-20,KSS,"Earnings Season Keeps Rolling Along, With Home Depot, Kohl's On Front Burner",30.62,32.11,4.8574,up,up,0.3595,,
FNSPID_08213,2019-08-20,KSS,Tuesday's Market Minute: Volatility Reprieve,30.62,32.11,4.8574,up,neutral,0.364,,
FNSPID_08214,2019-08-20,KSS,Kohl's Reports Q2 Earnings Beat,30.62,32.11,4.8574,up,neutral,0.3459,,
FNSPID_08215,2019-08-20,KSS,Kohl's Reaffirms FY19 EPS Guidance Of $5.15-$5.45 vs $5.23 Est.,30.62,32.11,4.8574,up,up,0.4258,"[PLACEHOLDER - Ollama unavailable, not a real model explanation] The headline ""Kohl's Reaffirms FY19 EPS Guidance Of $5.15-$5.45 vs $5.23 Est."" reads as a up signal for the stock, which is consistent with an upward next-day move.",
FNSPID_08216,2019-08-20,KSS,"Kohl's Q2 Adj. EPS $1.55 Beats $1.53 Estimate, Sales $4.43B Beat $4.2B Estimate, Comparable Sales Down 2.9%",30.62,32.11,4.8574,up,up,0.4298,,
FNSPID_08217,2019-08-20,KSS,"Earnings Scheduled For August 20, 2019",30.62,32.11,4.8574,up,down,0.4309,,
FNSPID_08218,2019-08-19,KSS,Kohl's shares are trading higher on seemingly no company-specific news. The stock price dipped approximately 9% on August 14th after Macy's issued weak Q2 results and is still trading within the dip.,32.89,30.62,-6.888,down,up,0.3833,,
FNSPID_08219,2019-08-19,KSS,"Busy Week Ahead With Fed Symposium And Retail Earnings Marching On With Target, Kohl's",32.89,30.62,-6.888,down,up,0.3752,,
FNSPID_08668,2019-12-30,LLY,U.S. District Court Rules In Favor Of Lilly In Alimta Vitamin Regimen Patent Lawsuit,121.74,121.86,0.099,neutral,neutral,0.3695,,
FNSPID_08669,2019-12-30,LLY,"UPDATE: Argus Maintains Buy On Eli Lilly, Raises Target To $165 Notes 'We see increased volume and expanded indications for existing drugs, along with potential regulatory approvals, as cat-alysts for growth in 2020'",121.74,121.86,0.099,neutral,up,0.4411,,
FNSPID_08670,2019-12-30,LLY,10 Biggest Price Target Changes For Monday,121.74,121.86,0.099,neutral,up,0.351,,
FNSPID_08671,2019-12-30,LLY,"Argus Research Maintains Buy on Eli Lilly, Raises Price Target to $165",121.74,121.86,0.099,neutral,up,0.364,,
FNSPID_08672,2019-12-30,LLY,Lilly Opens Phase 3 Clinical Trial In RET-Mutant Medullary Thyroid Cancer,121.74,121.86,0.099,neutral,up,0.3639,,
FNSPID_08673,2019-12-29,LLY,"Week Ahead In Biotech: PDUFA Date Ahead For Astra Zeneca, Merck's Lynparza, Pending Clinical Readouts In Focus",121.74,121.86,0.099,neutral,up,0.3845,,
FNSPID_08674,2019-12-23,LLY,A Perspective On Biopharma's Record M&A Run In 2019,121.6,121.56,-0.0305,neutral,neutral,0.3791,,
FNSPID_08675,2019-12-23,LLY,"PreMarket Prep Recap: $TSLAQ Crowd Continues To Be Punished, Eli Lilly's Incredible Friday Open",121.6,121.56,-0.0305,neutral,neutral,0.3706,,
FNSPID_08676,2019-12-20,LLY,PreMarket Prep Recap: Buyers And More Buyers On Quadruple Witch Expiration,122.79,121.6,-0.9665,neutral,up,0.3698,,
FNSPID_08677,2019-12-20,LLY,Stocks That Hit 52-Week Highs On Friday,122.79,121.6,-0.9665,neutral,up,0.36,,
FNSPID_08678,2019-12-18,LLY,"UPDATE: Morgan Stanley On Eli Lilly Notes 'While Novo appears set to win market share in diabetes, we still expect strong and durable Lilly franchise growth, including benefits from initial high-dose Trulicity sales in 2021 and tirzepatide in 2022'",120.05,121.32,1.0581,up,up,0.4368,"[PLACEHOLDER - Ollama unavailable, not a real model explanation] The headline ""UPDATE: Morgan Stanley On Eli Lilly Notes 'While Novo appears set to win market share in diabetes, we still expect strong and durable Lilly franchise growth, including benefits from initial high-dose Trulicity sales in 2021 and tirzepatide in 2022'"" reads as a up signal for the stock, which is consistent with an upward next-day move.",
FNSPID_08679,2019-12-18,LLY,"UPDATE: Morgan Stanley Upgrades Eli Lilly To Overweight, Raises Target To $150 Notes 'We expect LLY shares to outperform, driven by strong growth and pipeline optionality'",120.05,121.32,1.0581,up,up,0.4508,,
FNSPID_08680,2019-12-18,LLY,"Eli Lilly CEO Hits Back At Elizabeth Warren, Blames PBMs, Insurance For Blocking Affordable Insulin",120.05,121.32,1.0581,up,up,0.3722,,
FNSPID_08681,2019-12-18,LLY,"Benzinga's Top Upgrades, Downgrades For December 18, 2019",120.05,121.32,1.0581,up,up,0.3892,,
FNSPID_08682,2019-12-18,LLY,Eli Lilly And Co shares are trading higher after Morgan Stanley upgraded the stock from Equal-Weight to Overweight and raised the price target from $116 to $150 per share.,120.05,121.32,1.0581,up,up,0.4037,,
FNSPID_08683,2019-12-18,LLY,"JP Morgan Maintains Overweight on Eli Lilly, Raises Price Target to $150",120.05,121.32,1.0581,up,up,0.3775,,
FNSPID_08684,2019-12-18,LLY,30 Healthcare Stocks Moving In Wednesday's Pre-Market Session,120.05,121.32,1.0581,up,up,0.4198,,
FNSPID_08685,2019-12-18,LLY,"Morgan Stanley Upgrades Eli Lilly to Overweight, Raises Price Target to $150",120.05,121.32,1.0581,up,up,0.3578,,
FNSPID_08686,2019-12-18,LLY,Lilly Announces Launch Of TRIUMPH Real-World Evidence Study Of Emgality For Migraine Prevention,120.05,121.32,1.0581,up,neutral,0.3606,,
FNSPID_08687,2019-12-17,LLY,Eli Lilly shares are trading higher after the company issued upbeat FY20 guidance.,116.2,120.05,3.3112,up,up,0.4057,,
FNSPID_08688,2019-12-17,LLY,Eli Lilly Executive Says Reasonable To Expect Net Price Declines In The Low Single-Digit Level Going Forward,116.2,120.05,3.3112,up,up,0.3834,,
FNSPID_08689,2019-12-17,LLY,"Benzinga Pro's Top 5 Stocks To Watch For Tues., Dec. 17, 2019: BA, AAPL, BLPH, JNJ, LLY",116.2,120.05,3.3112,up,up,0.4139,,
FNSPID_08690,2019-12-17,LLY,"Lilly Reaffirms Prelim. FY19 Adj. EPS Guidance $5.75-$5.85 vs $5.81 Est., Sales Guidance $22B-$22.5B vs $22.16B Est.",116.2,120.05,3.3112,up,up,0.4465,,
FNSPID_08691,2019-12-17,LLY,"Lilly Sees FY20 Adj. EPS $6.70-$6.80 vs $6.61 Est., Sales $23.6B-$24.1B vs $23.52B Est.",116.2,120.05,3.3112,up,up,0.4542,,
FNSPID_08692,2019-12-16,LLY,Eli Lilly Raises Qtr. Dividend From $0.645 To $0.74/Share,113.9,116.2,2.0188,up,up,0.4029,,
FNSPID_08693,2019-12-16,LLY,DexCom Says Eli Lilly Will Integrate its Continuous Glucose Monitoring into Lilly's Personalized Diabetes Management System,113.9,116.2,2.0188,up,neutral,0.403,,
FNSPID_08694,2019-12-13,LLY,'Fast Money' Picks For December 13,112.68,113.9,1.0861,up,neutral,0.388,,
FNSPID_08695,2019-12-13,LLY,"Boehringer Ingelheim, Lilly Offer Update On Jardiance Phase 3 Exercise Ability Studies In Chronic Heart Failure",112.68,113.9,1.0861,up,up,0.3574,,
FNSPID_08696,2019-12-13,LLY,Lilly Reports CHMP Issues Positive Opinion Related To Expanded Label Of CYRAMZA To Include Results From RELAY Study in Patients with Metastatic EGFR-Mutated Non-Small Cell Lung Cancer,112.68,113.9,1.0861,up,up,0.4071,,
FNSPID_08697,2019-12-11,LLY,Lilly Opens Randomized Phase 3 Clinical Trial Of LOXO-292 In Treatment-Naïve RET Fusion-Positive Non-Small Cell Lung Cancer,111.98,112.84,0.7617,neutral,up,0.3683,,
FNSPID_08698,2019-12-09,LLY,Highlights From The Deutsche Bank ADR Virtual Investor Conference,111.48,111.86,0.341,neutral,neutral,0.3533,,
FNSPID_08699,2019-12-08,LLY,Lilly Presents Interim Clinical Data from LOXO-305 Dose Escalation Trial in B-Cell Leukemias and Lymphomas at ASH 2019,111.48,111.86,0.341,neutral,up,0.3651,,
FNSPID_08700,2019-12-07,LLY,"The Week Ahead In Biotech: ASH Presentations Pick Up Steam, Correvio Awaits Adcom Ruling",111.48,111.86,0.341,neutral,neutral,0.3673,,
FNSPID_08701,2019-12-02,LLY,U.S. Considers Scaling Back IP Protections For Big Drugmakers To Help Win Democratic Support For New Trade Pact With Mexico And Canada,108.24,109.05,0.7453,neutral,up,0.3892,"[PLACEHOLDER - Ollama unavailable, not a real model explanation] The headline ""U.S. Considers Scaling Back IP Protections For Big Drugmakers To Help Win Democratic Support For New Trade Pact With Mexico And Canada"" reads as a up signal for the stock, which is consistent with an upward next-day move.",
FNSPID_08702,2019-12-02,LLY,"Biogen's Alzheimer's Drug 'Falls Far Short Of Compelling Argument For Approval,' Baird Says In Downgrade",108.24,109.05,0.7453,neutral,up,0.4209,,
FNSPID_08703,2019-11-22,LLY,"Trump Says he Will Release a Plan to Let States Import Prescription Drugs Which are ""MUCH CHEAPER""",107.74,108.92,1.093,up,up,0.3587,"[PLACEHOLDER - Ollama unavailable, not a real model explanation] The headline ""Trump Says he Will Release a Plan to Let States Import Prescription Drugs Which are ""MUCH CHEAPER"""" reads as a up signal for the stock, which is consistent with an upward next-day move.",
FNSPID_08704,2019-11-20,LLY,Lilly Announces $400M Capital Investment In Manufacturing Facilities In Indianapolis,106.26,106.39,0.1222,neutral,up,0.3697,"[PLACEHOLDER - Ollama unavailable, not a real model explanation] The headline ""Lilly Announces $400M Capital Investment In Manufacturing Facilities In Indianapolis"" reads as a up signal for the stock, which is consistent with an upward next-day move.",
FNSPID_08705,2019-11-17,LLY,Interim Analysis From Emprise Real-world Study Shows Lilly's Jardiance Decreased Risk of Hospitalization for Heart Failure vs Dpp-4 Inhibitors and Glp-1 Receptor Agonists,105.76,106.72,0.903,neutral,up,0.379,,
FNSPID_08706,2019-11-14,LLY,"The Daily Biotech Pulse: Amarin Braces For Vascepa Adcom Verdict, Biotechs On A Fundraising Spree, Zosano Makes Progress With Migraine Drug Filing",103.28,104.95,1.616,up,up,0.3616,,
FNSPID_08707,2019-11-13,LLY,"Eli Lilly, Boehringer Ingleheim Report FDA Endocrinologic and Metabolic Drugs Advisory Committee Vote 14-2 Benefits Of Empagliflozin 2.5mg Do Not Outweigh Risks",103.98,103.28,-0.6732,neutral,up,0.3905,,
FNSPID_08708,2019-11-13,LLY,FDA Panel Votes 14-2 Against Approval Of Eli Lilly And Boehringer Ingelheim's Empagliflozin As An Add On To Insulin Therapy For Type 1 Diabetes,103.98,103.28,-0.6732,neutral,neutral,0.3655,,
FNSPID_08709,2019-11-12,LLY,Boehringer Ingelheim And Lilly Initiate Study To Assess Jardiance In People Hospitalized For Acute Heart Failure Who Have Been Stabilized,104.33,103.98,-0.3358,neutral,neutral,0.3508,,
FNSPID_08710,2019-11-12,LLY,Eli Lilly And Co Announces 52-Week Head-To-Head Data From Taltz Versus Humira Trial In Psoriatic Arthritis Met The Primary And All Major Secondary Endpoints Of The Study,104.33,103.98,-0.3358,neutral,up,0.3739,,
FNSPID_08711,2019-11-07,LLY,Lilly Announces The Pricing Terms Of Its Cash Tender Offer For Up to $2B Aggregate Principal Amount Of Its Outstanding Debt Securities,103.96,104.66,0.6739,neutral,up,0.3638,,
FNSPID_08712,2019-11-06,LLY,Eli Lilly shares are trading higher. Not seeing any news to justify the price action.,104.93,103.96,-0.9225,neutral,up,0.4009,,
FNSPID_08713,2019-11-06,LLY,AstraZeneca Named The Most Innovative Global Pharma Company,104.93,103.96,-0.9225,neutral,neutral,0.3894,,
FNSPID_08714,2019-11-06,LLY,Eli Lilly To Present Multiple Abstracts For LOXO-305 At ASH 2019 Dec. 7-10,104.93,103.96,-0.9225,neutral,up,0.3568,,
FNSPID_08715,2019-11-04,LLY,"Boehringer Ingelheim, Eli Lilly Report Modernization Of Alliance To Focus Full Expertise On Jardiance",104.27,102.56,-1.6444,down,up,0.3849,,
FNSPID_08716,2019-11-01,LLY,Attention Biotech Investors: Mark Your Calendar For These November PDUFA Dates,103.72,104.27,0.5333,neutral,neutral,0.4042,,
FNSPID_08717,2019-10-28,LLY,"Eli Lilly Reports Results For Taltz In Pediatric Patients With Moderate To Severe Plaque Psoriasis, Met Co-Primary Endpoints; Co. To Submit For US Regulatory Approval",104.16,102.95,-1.1683,down,up,0.3984,,
FNSPID_08718,2019-10-26,LLY,"Notable Insider Buys In The Past Week: Eli Lilly, JPMorgan, Thor Industries",104.16,102.95,-1.1683,down,neutral,0.3742,,
FNSPID_08719,2019-10-24,LLY,"The Daily Biotech Pulse: Acorda To Trim Jobs, GlaxoSmithKline Gets FDA Nod, Edward Lifesciences Posts Q3 Beat-And-Raise",99.42,101.59,2.1884,up,neutral,0.3906,,
FNSPID_08720,2019-10-23,LLY,Stocks That Hit 52-Week Lows On Wednesday,99.01,99.42,0.4097,neutral,neutral,0.3398,,
FNSPID_08721,2019-10-23,LLY,33 Healthcare Stocks Moving In Wednesday's Pre-Market Session,99.01,99.42,0.4097,neutral,up,0.4268,,
FNSPID_08722,2019-10-23,LLY,"The Daily Biotech Pulse: Eli Lily Revenues Trail Estimates, Moderna Gets Fast Track Designation, MacroGenics' Lukewarm Breast Cancer Data",99.01,99.42,0.4097,neutral,neutral,0.4026,"[PLACEHOLDER - Ollama unavailable, not a real model explanation] The headline ""The Daily Biotech Pulse: Eli Lily Revenues Trail Estimates, Moderna Gets Fast Track Designation, MacroGenics' Lukewarm Breast Cancer Data"" reads as a neutral signal for the stock, which is consistent with little or no next-day move.",
FNSPID_08723,2019-10-23,LLY,"Eli Lilly Reports Mixed Q3 Earnings, Raises Guidance",99.01,99.42,0.4097,neutral,up,0.3845,,
FNSPID_08724,2019-10-23,LLY,Eli Lilly And Co shares are trading lower after the company reported worse-than-expected Q3 sales results.,99.01,99.42,0.4097,neutral,down,0.3701,,
FNSPID_08725,2019-10-23,LLY,"Lilly Raises FY19 Adj. EPS Guidance From $5.67-$5.77 To $5.75-$5.85 vs $5.72 Est., Sees Sales $22B-$22.5B vs $22.23B Est.",99.01,99.42,0.4097,neutral,up,0.4401,,
FNSPID_08726,2019-10-23,LLY,"Eli Lilly Q3 Adj. EPS $1.48 Beats $1.4 Estimate, Sales $5.48B Miss $5.5B Estimate",99.01,99.42,0.4097,neutral,up,0.4191,,
FNSPID_08727,2019-10-23,LLY,"12 Stocks To Watch For October 23, 2019",99.01,99.42,0.4097,neutral,up,0.4095,,
FNSPID_08728,2019-10-23,LLY,"Earnings Scheduled For October 23, 2019",99.01,99.42,0.4097,neutral,down,0.4436,,
FNSPID_08729,2019-10-22,LLY,"Mixed Bag: Better Outlooks From Lockheed, United Technologies, But McDonald's Misses",101.26,99.01,-2.2214,down,up,0.3568,"[PLACEHOLDER - Ollama unavailable, not a real model explanation] The headline ""Mixed Bag: Better Outlooks From Lockheed, United Technologies, But McDonald's Misses"" reads as a up signal for the stock, which is consistent with an upward next-day move.",
FNSPID_08730,2019-10-21,LLY,Earnings Season Kicks Into Full Gear In Round 3 Of The WeTrader Competition,99.48,101.26,1.7885,up,neutral,0.348,,
FNSPID_08731,2019-10-20,LLY,"The Week Ahead In Biotech: Earnings Trickle In, While Glaxo, Melinta, Foamix And Eton Await FDA Verdict",99.48,101.26,1.7885,up,up,0.3674,,
FNSPID_08732,2019-10-18,LLY,European Medicines Agency Says CHMP Recommended Granting A Marketing Authorization For Eli Lilly's BAQSIMI,100.15,99.48,-0.6719,neutral,up,0.3798,,
FNSPID_08733,2019-10-17,LLY,"UBS Maintains Buy on Eli Lilly, Lowers Price Target to $133",99.99,100.15,0.1659,neutral,up,0.3633,,
FNSPID_08734,2019-10-17,LLY,"Bank of America Reinstates Buy on Eli Lilly, Announces $133 Price Target",99.99,100.15,0.1659,neutral,neutral,0.3563,,
FNSPID_08735,2019-10-16,LLY,Eli Lilly And Co shares are trading lower after the company reported that its Phase 3 study in patients with Metastatic pancreatic cancer did not meet its primary endpoint.,99.52,99.99,0.4724,neutral,down,0.38,,
FNSPID_08736,2019-10-16,LLY,17 Healthcare Stocks Moving In Wednesday's Pre-Market Session,99.52,99.99,0.4724,neutral,up,0.4276,"[PLACEHOLDER - Ollama unavailable, not a real model explanation] The headline ""17 Healthcare Stocks Moving In Wednesday's Pre-Market Session"" reads as a up signal for the stock, which is consistent with an upward next-day move.",
FNSPID_08737,2019-10-16,LLY,Eli Lilly Reports Phase 3 Study In Patients With Metastatic Pancreatic Cancer Did Not Meet Primary Endpoint,99.52,99.99,0.4724,neutral,neutral,0.3471,,
FNSPID_08738,2019-10-12,LLY,Lilly Presents Positive Results for Taltz in Pediatric Patients with Moderate to Severe Plaque Psoriasis at EADV 2019,99.47,101.13,1.6682,up,up,0.3959,,
FNSPID_08739,2019-10-11,LLY,Shares of several healthcare companies are trading higher after President Trump made positive remarks on the U.S.-China trade talks as traders grew more optimistic over the possibility of a limited trade deal. Trump is scheduled to meet with Chinese Vice Premier Liu He at the White House today.,99.89,99.47,-0.4245,neutral,up,0.3821,,
FNSPID_08740,2019-10-11,LLY,"The Daily Biotech Pulse: Therapix Extends Merger Deadline, Five Prime Restructures, Gilead-Galapagos Rheumatism Drug Readout",99.89,99.47,-0.4245,neutral,neutral,0.404,"[PLACEHOLDER - Ollama unavailable, not a real model explanation] The headline ""The Daily Biotech Pulse: Therapix Extends Merger Deadline, Five Prime Restructures, Gilead-Galapagos Rheumatism Drug Readout"" reads as a neutral signal for the stock, which is consistent with little or no next-day move.",
FNSPID_08741,2019-10-10,LLY,"Lilly Says Taltz Met Primary, Secondary Endpoints of Ixora-R Study in People With Moderate to Severe Plaque Psoriasis",98.57,99.89,1.3468,up,up,0.3812,,
FNSPID_08742,2019-10-08,LLY,Shares of several healthcare companies are trading lower with the broader market after the US expanded its trade blacklist to include China's top AI firms. The US also will increase its tariffs on $250 billion worth of goods from 25% to 30% on Oct 15.,98.82,98.92,0.1027,neutral,up,0.4048,,
FNSPID_08743,2019-10-08,LLY,BioNTech IPO: What You Need To Know,98.82,98.92,0.1027,neutral,neutral,0.4817,,
FNSPID_08744,2019-10-08,LLY,Lilly To Present New Data For Treatments Of Complex Dermatological Conditions At The 28th Annual European Academy Of Dermatology and Venereology Congress Ot. 9-13,98.82,98.92,0.1027,neutral,neutral,0.3585,,
FNSPID_08745,2019-10-07,LLY,Eli Lilly Announces that Phase 3 CYRAMZA Results Were Published in the Journal Lancet Oncology,99.41,98.82,-0.5935,neutral,up,0.3693,,
FNSPID_08746,2019-10-06,LLY,"The Week Ahead In Biotech: Pfenex And Clinuvel On The Radar Ahead of FDA Decisions, 2 IPOs On Deck",99.41,98.82,-0.5935,neutral,up,0.3874,"[PLACEHOLDER - Ollama unavailable, not a real model explanation] The headline ""The Week Ahead In Biotech: Pfenex And Clinuvel On The Radar Ahead of FDA Decisions, 2 IPOs On Deck"" reads as a up signal for the stock, which is consistent with an upward next-day move.",
FNSPID_08747,2019-10-03,LLY,Biotech Stock On The Radar: FDA Verdict Ahead For Pfenex's Osteoporosis Biosimilar,98.91,99.75,0.8482,neutral,neutral,0.3709,,
FNSPID_08748,2019-10-03,LLY,Eli Lilly Highlights Head-To-Head Data Showed Taltz Superiority Vs. TREMFYA In People with Moderate to Severe Plaque Psoriasis,98.91,99.75,0.8482,neutral,up,0.3774,,
FNSPID_08749,2019-10-02,LLY,Eli Lilly Highlights Availability Of Emgality In Canada,98.64,98.91,0.271,neutral,up,0.3555,,
FNSPID_08750,2019-10-02,LLY,Shares of several healthcare companies are trading lower in sympathy with the overall market on continued fears of a recession amid a weak ADP jobs report. There is also uncertainty in the market over the upcoming U.S.-China meeting next week.,98.64,98.91,0.271,neutral,down,0.3672,,
FNSPID_08751,2019-09-30,LLY,Attention Biotech Investors: Mark Your Calendar For These October PDUFA Dates,103.09,102.29,-0.778,neutral,neutral,0.4027,,
FNSPID_08752,2019-09-25,LLY,"Biotech Stock On The Radar: Anavex, A Neurology-Focused Precision Medicine Company",102.69,103.08,0.386,neutral,neutral,0.4027,,
FNSPID_08753,2019-09-23,LLY,Eli Lilly to Present Data at the European Society for Medical Oncology,105.26,104.4,-0.8145,neutral,neutral,0.3971,"[PLACEHOLDER - Ollama unavailable, not a real model explanation] The headline ""Eli Lilly to Present Data at the European Society for Medical Oncology"" reads as a neutral signal for the stock, which is consistent with little or no next-day move.",
FNSPID_08754,2019-09-20,LLY,Shares of several drug companies are trading higher after Senate Majority Leader McConnell suggested a new Democratic drug price reform proposal would be dead on arrival.,107.09,105.26,-1.7045,down,up,0.3775,"[PLACEHOLDER - Ollama unavailable, not a real model explanation] The headline ""Shares of several drug companies are trading higher after Senate Majority Leader McConnell suggested a new Democratic drug price reform proposal would be dead on arrival."" reads as a up signal for the stock, which is consistent with an upward next-day move.",
FNSPID_08755,2019-09-20,LLY,AC Immune Receives First Milestone Payment From Lilly In Small Molecule Tau Morphomer Program,107.09,105.26,-1.7045,down,neutral,0.3641,,
FNSPID_08756,2019-09-20,LLY,CHMP Issues Positive Opinion To Expand Lilly's Trulicity Label To Include Results From REWIND Cardiovascular Outcomes Trial,107.09,105.26,-1.7045,down,up,0.3751,"[PLACEHOLDER - Ollama unavailable, not a real model explanation] The headline ""CHMP Issues Positive Opinion To Expand Lilly's Trulicity Label To Include Results From REWIND Cardiovascular Outcomes Trial"" reads as a up signal for the stock, which is consistent with an upward next-day move.",
FNSPID_08757,2019-09-17,LLY,Biotech Stock On The Radar: vTv Therapeutics' Diabetes Pipeline,102.44,103.91,1.4399,up,neutral,0.3789,,
FNSPID_08758,2019-09-16,LLY,Fitch Planning To Withdraw Ratings For Eli Lilly,101.53,102.44,0.8989,neutral,neutral,0.3361,,
FNSPID_08759,2019-09-10,LLY,Shares of several drugmakers are trading lower on news of a drug pricing bill being developed by House Democrats. The proposed bill would set US drug prices based on prices in other wealthy countries.,102.42,102.96,0.531,neutral,up,0.372,,
FNSPID_08760,2019-09-10,LLY,"Bank of America Reiterates Neutral on Eli Lilly, Raises Price Target to $120",102.42,102.96,0.531,neutral,up,0.3537,,
FNSPID_08761,2019-09-09,LLY,Eli Lilly shares are trading lower. Shares traded higher on light volume in Monday's pre-market session after the company reported results from its clinical trial of LOXO-292 and have since reversed.,102.39,102.42,0.027,neutral,up,0.4011,,
FNSPID_08762,2019-09-09,LLY,30 Stocks Moving in Monday's Pre-Market Session,102.39,102.42,0.027,neutral,up,0.4311,,
FNSPID_08763,2019-09-09,LLY,"Lilly Announces Positive Results for Selpercatinib (LOXO-292), Demonstrating a 68 Percent Objective Response Rate and Sustained Durability in Heavily Pretreated RET Fusion-Positive Non-Small Cell Lung Cancer",102.39,102.42,0.027,neutral,up,0.4,,
FNSPID_08764,2019-09-08,LLY,"The Week Ahead In Biotech: Conference Presentations, IPO News Flow Take The Spotlight",102.39,102.42,0.027,neutral,neutral,0.3917,,
FNSPID_08765,2019-09-05,LLY,Eli Lilly Reports FDA Accepted Application To Enter Complex Innovative Trial Designs Pilot Meeting Program,105.65,105.14,-0.4799,neutral,neutral,0.3642,"[PLACEHOLDER - Ollama unavailable, not a real model explanation] The headline ""Eli Lilly Reports FDA Accepted Application To Enter Complex Innovative Trial Designs Pilot Meeting Program"" reads as a neutral signal for the stock, which is consistent with little or no next-day move.",
FNSPID_08766,2019-08-31,LLY,"Barron's Picks And Pans: Activision Blizzard, Best Buy, Coca-Cola, Microsoft And More",105.06,104.4,-0.623,neutral,neutral,0.3872,,
FNSPID_08767,2019-08-26,LLY,Lilly Receives FDA Approval for Taltz for the Treatment of Active Ankylosing Spondylitis,103.05,102.08,-0.9393,neutral,up,0.3594,"[PLACEHOLDER - Ollama unavailable, not a real model explanation] The headline ""Lilly Receives FDA Approval for Taltz for the Treatment of Active Ankylosing Spondylitis"" reads as a up signal for the stock, which is consistent with an upward next-day move.",
FNSPID_08768,2019-08-23,LLY,"Eli Lilly Reports Baricitinib Met Primary Endpoint In Breeze-AD7, Third Pivotal Phase 3 Trial In Breeze-AD Program To Be Completed In 2019",100.95,103.05,2.0729,up,up,0.3913,,
FNSPID_09131,2019-12-20,MDT,Stocks That Hit 52-Week Highs On Friday,93.6,93.73,0.1319,neutral,up,0.36,,
FNSPID_09132,2019-12-20,MDT,"JP Morgan Maintains Overweight on Medtronic, Raises Price Target to $128",93.6,93.73,0.1319,neutral,up,0.3686,"[PLACEHOLDER - Ollama unavailable, not a real model explanation] The headline ""JP Morgan Maintains Overweight on Medtronic, Raises Price Target to $128"" reads as a up signal for the stock, which is consistent with an upward next-day move.",
FNSPID_09133,2019-12-18,MDT,A Peek Into The Markets: US Stock Futures Edge Higher; General Mills Earnings Top Views,93.65,93.4,-0.2724,neutral,up,0.3876,,
FNSPID_09134,2019-12-18,MDT,"The Daily Biotech Pulse: Positive Adcom Verdict For Merck, Homology Medicine Slips On Mixed Gene Therapy Efficacy Data",93.65,93.4,-0.2724,neutral,neutral,0.3801,,
FNSPID_09135,2019-12-18,MDT,Medtronic Announces FDA Clearance Of Stealth Autoguide System For Cranial Procedures,93.65,93.4,-0.2724,neutral,neutral,0.3743,,
FNSPID_09136,2019-12-17,MDT,Stocks That Hit 52-Week Highs On Tuesday,94.1,93.65,-0.481,neutral,up,0.355,,
FNSPID_09137,2019-12-17,MDT,"Morgan Stanley Maintains Equal-Weight on Medtronic, Raises Price Target to $123",94.1,93.65,-0.481,neutral,up,0.3503,,
FNSPID_09138,2019-12-17,MDT,"Medtronic Acquires Klue, Terms Not Disclosed",94.1,93.65,-0.481,neutral,neutral,0.3659,,
FNSPID_09139,2019-12-17,MDT,"The Daily Biotech Pulse: Roche Gets US Antitrust Clearance For Spark Purchase, An Orphan Drug Designation For Prevail, Dynavax Names CEO",94.1,93.65,-0.481,neutral,neutral,0.3912,,
FNSPID_09140,2019-12-16,MDT,"Medtronic Shares Relatively Quiet As Hearing FDA Highlights Co. Issued, On Dec. 13, Added Notification On Synchromed II Implantable Drug Infusion Pump To Provide Further Recommendations",94.26,94.1,-0.1659,neutral,up,0.3678,,
FNSPID_09141,2019-12-11,MDT,"Cramer Advises His Viewers On GW Pharma, Enphase And More",91.94,92.48,0.5908,neutral,up,0.3515,,
FNSPID_09142,2019-12-06,MDT,"'Fast Money Halftime Report' Traders Weigh In On Adobe, Shake Shack And More",93.07,91.45,-1.7331,down,up,0.3777,"[PLACEHOLDER - Ollama unavailable, not a real model explanation] The headline ""'Fast Money Halftime Report' Traders Weigh In On Adobe, Shake Shack And More"" reads as a up signal for the stock, which is consistent with an upward next-day move.",
FNSPID_09143,2019-12-03,MDT,Kaiser Health Investigation Alleges Issues With Medtronic's Covidien Surgical Staplers; Says Public Database Shows Co. Has Reported Over 250 Deaths Related To Staplers Since 2001,91.34,92.12,0.856,neutral,neutral,0.343,,
FNSPID_09144,2019-12-02,MDT,ViewRay Signs MOU For Collaboration With Elekta And Medtronic,91.27,91.34,0.0721,neutral,up,0.3785,"[PLACEHOLDER - Ollama unavailable, not a real model explanation] The headline ""ViewRay Signs MOU For Collaboration With Elekta And Medtronic"" reads as a up signal for the stock, which is consistent with an upward next-day move.",
FNSPID_09145,2019-12-02,MDT,Shares of several healthcare stocks are trading lower as US equities dip following escalating US-China tensions over Hong Kong. US Stocks further fell on worse-than-expected manufacturing data.,91.27,91.34,0.0721,neutral,up,0.4019,,
FNSPID_09146,2019-12-02,MDT,A Peek Into The Markets: US Stock Futures Climb Ahead Of Manufacturing Data,91.27,91.34,0.0721,neutral,up,0.3947,,
FNSPID_09147,2019-12-02,MDT,Cosmo Pharmaceuticals Announces Worldwide Exclusive Distribution Agreement for Eleview with Medtronic,91.27,91.34,0.0721,neutral,up,0.3818,,
FNSPID_09148,2019-11-21,MDT,Medtronic Drug-Coated Balloon Receives FDA Approval To Treat Arteriovenous Fistula Lesions,90.93,91.2,0.2986,neutral,neutral,0.3571,,
FNSPID_09149,2019-11-20,MDT,"UPDATE: Raymond James On Medtronic Notes 'There seemed to be a modest slippage in the pipeline, but we believe this dynamic actually creates a better set-up for growth entering F21. Revenue growth should accelerate in F4Q and in F21'",92.0,90.93,-1.1629,down,up,0.4462,,
FNSPID_09150,2019-11-20,MDT,"UPDATE: Raymond James Maintains Outperform On Medtronic, Raises Target To $121 Notes 'We came away from F2Q incrementally confident in our Outperform thesis. We believe estimates are beatable and the multiple has room to expand'",92.0,90.93,-1.1629,down,up,0.432,,
FNSPID_09151,2019-11-20,MDT,"Raymond James Maintains Outperform on Medtronic, Raises Price Target to $121",92.0,90.93,-1.1629,down,up,0.3515,,
FNSPID_09152,2019-11-20,MDT,"Oppenheimer Maintains Outperform on Medtronic, Raises Price Target to $123",92.0,90.93,-1.1629,down,neutral,0.3554,"[PLACEHOLDER - Ollama unavailable, not a real model explanation] The headline ""Oppenheimer Maintains Outperform on Medtronic, Raises Price Target to $123"" reads as a neutral signal for the stock, which is consistent with little or no next-day move.",
FNSPID_09153,2019-11-20,MDT,"RBC Capital Maintains Outperform on Medtronic, Raises Price Target to $122",92.0,90.93,-1.1629,down,up,0.3713,,
FNSPID_09154,2019-11-20,MDT,"Deutsche Bank Maintains Buy on Medtronic, Raises Price Target to $123",92.0,90.93,-1.1629,down,up,0.3622,,
FNSPID_09155,2019-11-19,MDT,Medtronic To Focus On 'Getting More Aggressive' With Tuck-In M&A And Capital Allocation To The Highest Growth Segments,91.4,92.0,0.6482,neutral,up,0.37,,
FNSPID_09156,2019-11-19,MDT,"Medtronic Expects Cardiac & Vascular Group To Grow 2.5% To 3% In 2020, Up From Prior Forecast Of 2.5%",91.4,92.0,0.6482,neutral,up,0.5079,,
FNSPID_09157,2019-11-19,MDT,"The Daily Biotech Pulse: Therapix To Reverse Merge With CBD Company, Crispr Gene Editing Therapy Readout",91.4,92.0,0.6482,neutral,neutral,0.4008,,
FNSPID_09158,2019-11-19,MDT,"Medtronic Reports Q2 Earnings Beat, Raises Guidance",91.4,92.0,0.6482,neutral,up,0.3684,,
FNSPID_09159,2019-11-19,MDT,Medtronic Raises FY20 Adj. EPS Guidance From $5.54-$5.60 To $5.57-$5.63 vs $5.56 Est.,91.4,92.0,0.6482,neutral,up,0.4157,,
FNSPID_09160,2019-11-19,MDT,"Medtronic Q2 Adj. EPS $1.31 Beats $1.28 Estimate, Sales $7.706B Beat $7.66B Estimate",91.4,92.0,0.6482,neutral,up,0.4325,"[PLACEHOLDER - Ollama unavailable, not a real model explanation] The headline ""Medtronic Q2 Adj. EPS $1.31 Beats $1.28 Estimate, Sales $7.706B Beat $7.66B Estimate"" reads as a up signal for the stock, which is consistent with an upward next-day move.",
FNSPID_09161,2019-11-18,MDT,Stocks That Hit 52-Week Highs On Monday,91.55,91.4,-0.1618,neutral,up,0.3546,,
FNSPID_09162,2019-11-17,MDT,"Barron's Picks And Pans: Medtronic, Tesla, Walmart And More",91.55,91.4,-0.1618,neutral,neutral,0.4004,,
FNSPID_09163,2019-11-17,MDT,The Week Ahead In Biotech: Clinical Readouts In Focus As Earnings Wind Down,91.55,91.4,-0.1618,neutral,up,0.3658,"[PLACEHOLDER - Ollama unavailable, not a real model explanation] The headline ""The Week Ahead In Biotech: Clinical Readouts In Focus As Earnings Wind Down"" reads as a up signal for the stock, which is consistent with an upward next-day move.",
FNSPID_09164,2019-11-16,MDT,"U.S Researchers Report Medications, Lifestyle Changes as Effective as Stents for Many Heart Patients",91.55,91.4,-0.1618,neutral,neutral,0.3772,"[PLACEHOLDER - Ollama unavailable, not a real model explanation] The headline ""U.S Researchers Report Medications, Lifestyle Changes as Effective as Stents for Many Heart Patients"" reads as a neutral signal for the stock, which is consistent with little or no next-day move.",
FNSPID_09165,2019-11-15,MDT,Shares of several healthcare companies are trading higher after President Trump discussed transparency around pricing & processing in the healthcare industry,92.22,91.55,-0.7228,neutral,up,0.39,,
FNSPID_09166,2019-11-11,MDT,Medtronic To Present Results From MARVEL 2 Study Of Transcatheter Pacing System On Nov. 16,88.85,89.4,0.6206,neutral,neutral,0.3521,,
FNSPID_09167,2019-11-05,MDT,"Axonics, Responding To Patent Action By Medtronic Says 'Believes Claims are Without Merit and an Attempt to Suppress Innovation and Competition'",86.85,87.95,1.2698,up,up,0.3748,,
FNSPID_09168,2019-10-31,MDT,"Medtronic Reports Shonin Approval, Launch Of Valiant Navion System In Japan",89.62,89.35,-0.303,neutral,up,0.3535,,
FNSPID_09169,2019-10-29,MDT,Medtronic Reports Receives FDA Breakthrough Device Designation For Developing Fully Implantable Heart,88.51,89.33,0.9298,neutral,neutral,0.3849,,
FNSPID_09170,2019-10-20,MDT,"Barron's Picks And Pans: Boeing, Comcast, Conoco, Emerson And More",87.74,85.99,-1.9978,down,neutral,0.3781,,
FNSPID_09171,2019-10-11,MDT,Shares of several healthcare companies are trading higher after President Trump made positive remarks on the U.S.-China trade talks as traders grew more optimistic over the possibility of a limited trade deal. Trump is scheduled to meet with Chinese Vice Premier Liu He at the White House today.,88.53,88.52,-0.0093,neutral,up,0.3821,,
FNSPID_09172,2019-10-09,MDT,Medtronic: FDA Classified Voluntary Field Action Related to 6F Sherpa NX Active Coronary Guide Catheter as Class I Recall,87.85,88.4,0.6277,neutral,up,0.3718,,
FNSPID_09173,2019-10-08,MDT,Shares of several healthcare companies are trading lower with the broader market after the US expanded its trade blacklist to include China's top AI firms. The US also will increase its tariffs on $250 billion worth of goods from 25% to 30% on Oct 15.,86.42,87.85,1.657,up,up,0.4048,,
FNSPID_09174,2019-10-08,MDT,Medtronic Receives FDA Breakthrough Device Designation For Developing Stent Graft System To Treat Thoracoabdominal Aortic Aneurysm,86.42,87.85,1.657,up,up,0.3531,"[PLACEHOLDER - Ollama unavailable, not a real model explanation] The headline ""Medtronic Receives FDA Breakthrough Device Designation For Developing Stent Graft System To Treat Thoracoabdominal Aortic Aneurysm"" reads as a up signal for the stock, which is consistent with an upward next-day move.",
FNSPID_09175,2019-10-07,MDT,Medtronic Initiates Worldwide Pivotal Study Evaluating Its Extravascular Implantable Cardioverter Defibrillator For Treating Fast Heart Rhythms,88.27,86.42,-2.0977,down,neutral,0.4015,,
FNSPID_09176,2019-10-07,MDT,Medtronic Files a Pre-Market Approval Supplement with the US FDA for Approval of its InterStim Micro Neurostimulator,88.27,86.42,-2.0977,down,neutral,0.3775,,
FNSPID_09177,2019-10-02,MDT,Shares of several healthcare companies are trading lower in sympathy with the overall market on continued fears of a recession amid a weak ADP jobs report. There is also uncertainty in the market over the upcoming U.S.-China meeting next week.,87.18,88.0,0.9345,neutral,down,0.3672,,
FNSPID_09178,2019-09-27,MDT,Medtronic Announces Early Feasibility Trial For Intrepid Transcatheter Mitral Valve Replacement System With Transfemoral Transseptal Approach,88.32,89.39,1.2113,up,up,0.3527,"[PLACEHOLDER - Ollama unavailable, not a real model explanation] The headline ""Medtronic Announces Early Feasibility Trial For Intrepid Transcatheter Mitral Valve Replacement System With Transfemoral Transseptal Approach"" reads as a up signal for the stock, which is consistent with an upward next-day move.",
FNSPID_09179,2019-09-26,MDT,Medtronic Shares Unaffected Following Earlier Co. Press Release Highlighting New Trial To Study Infuse Bone Graft In Transforaminal Lumbar Interbody Fusion In Spine Procedures,88.38,88.32,-0.0745,neutral,up,0.3958,,
FNSPID_09180,2019-09-25,MDT,"Medtronic shares are trading lower despite no company-specific news. Stocks in the broader healthcare space have been volatile amid the 2020 Democratic primaries, in which healthcare policy has been a key issue.",88.12,88.38,0.2988,neutral,up,0.3736,,
FNSPID_09181,2019-09-23,MDT,Medtronic Announces FDA Approval and US Launch of Next-Generation Evolut PRO+ TAVR System for Treatment of Symptomatic Severe Aortic Stenosis,90.76,89.87,-0.9744,neutral,up,0.3681,,
FNSPID_09182,2019-09-20,MDT,"The Daily Biotech Pulse: FDA Approves Merck HIV Drugs, Five Prime CEO Quits, HTG Molecular Announces Secondary Offering",91.04,90.76,-0.3058,neutral,neutral,0.3742,,
FNSPID_09183,2019-09-16,MDT,"Medtronic, Novo Nordisk Enter Agreement to Provide Integrated Digital Solutions for People with Diabetes",89.29,89.53,0.2659,neutral,neutral,0.3748,,
FNSPID_09184,2019-09-13,MDT,"The Daily Biotech Pulse: All Eyes On Aimmune, Ritter Stumbles In Late-Stage Study, Catalyst Shelves Offering Plans",89.8,89.29,-0.5653,neutral,neutral,0.3737,,
FNSPID_09185,2019-09-09,MDT,Medtronic Announces Reimbursement In Germany For MiniMed 670G Insulin Pump System For Individuals With Type 1 Diabetes,88.37,88.01,-0.4169,neutral,up,0.3636,,
FNSPID_09186,2019-09-07,MDT,Medtronic Announces IN.PACT AV Access Trial Meets Primary Safety and Effectiveness Endpoints,88.37,88.01,-0.4169,neutral,neutral,0.361,,
FNSPID_09187,2019-08-28,MDT,"The Daily Biotech Pulse: EC Nod For Bristol-Myers Squibb, Kyowa Kirin's Parkinson's Add-On Therapy Approved",88.43,88.27,-0.1852,neutral,neutral,0.4257,,
FNSPID_09188,2019-08-28,MDT,Medtronic Announces CEO Omar Ishrak To Retire At End Of Year,88.43,88.27,-0.1852,neutral,neutral,0.3461,,
FNSPID_09189,2019-08-24,MDT,"Bulls And Bears Of The Week: Chevron, Disney, Target And More",87.52,88.06,0.6081,neutral,neutral,0.3665,,
FNSPID_09190,2019-08-23,MDT,Medtronic Raises Quarterly Dividend From $0.50 T0 $0.54/Share,86.84,87.52,0.7921,neutral,up,0.3718,,
FNSPID_09191,2019-08-21,MDT,"Najarian Brothers See Unusual Options Activity In Medtronic, Snap And More",88.26,88.29,0.0371,neutral,up,0.3745,,
FNSPID_09192,2019-08-21,MDT,"Home Depot, Shopify And More 'Fast Money Halftime Report' Picks From August 21",88.26,88.29,0.0371,neutral,neutral,0.3903,"[PLACEHOLDER - Ollama unavailable, not a real model explanation] The headline ""Home Depot, Shopify And More 'Fast Money Halftime Report' Picks From August 21"" reads as a neutral signal for the stock, which is consistent with little or no next-day move.",
FNSPID_09193,2019-08-21,MDT,Medtronic Analysts Applaud Q1 Beat-And-Raise,88.26,88.29,0.0371,neutral,neutral,0.3607,,
FNSPID_09194,2019-08-21,MDT,10 Biggest Price Target Changes For Wednesday,88.26,88.29,0.0371,neutral,neutral,0.3499,,
FNSPID_09195,2019-08-21,MDT,"Stifel Nicolaus Maintains Hold on Medtronic, Raises Price Target to $112",88.26,88.29,0.0371,neutral,up,0.3558,,
FNSPID_09196,2019-08-21,MDT,"Wells Fargo Maintains Outperform on Medtronic, Raises Price Target to $120",88.26,88.29,0.0371,neutral,up,0.362,,
FNSPID_09197,2019-08-21,MDT,"Deutsche Bank Maintains Buy on Medtronic, Raises Price Target to $118",88.26,88.29,0.0371,neutral,up,0.3629,,
FNSPID_09198,2019-08-21,MDT,"BMO Capital Reiterates Outperform on Medtronic, Raises Price Target to $118",88.26,88.29,0.0371,neutral,up,0.3781,,
FNSPID_09199,2019-08-21,MDT,"Barclays Maintains Overweight on Medtronic, Raises Price Target to $117",88.26,88.29,0.0371,neutral,up,0.3652,,
FNSPID_09200,2019-08-21,MDT,"Morgan Stanley Maintains Equal-Weight on Medtronic, Raises Price Target to $111",88.26,88.29,0.0371,neutral,up,0.3502,,
FNSPID_09201,2019-08-21,MDT,"The Daily Biotech Pulse: Ra Pharma Earns Milestone, Aimmune Doses Patient In Egg Allergy Trial, Cara In-Licenses Platform",88.26,88.29,0.0371,neutral,neutral,0.3925,,
FNSPID_09202,2019-08-21,MDT,"UBS Maintains Buy on Medtronic, Raises Price Target to $122",88.26,88.29,0.0371,neutral,up,0.3683,"[PLACEHOLDER - Ollama unavailable, not a real model explanation] The headline ""UBS Maintains Buy on Medtronic, Raises Price Target to $122"" reads as a up signal for the stock, which is consistent with an upward next-day move.",
FNSPID_09203,2019-08-21,MDT,"Raymond James Maintains Outperform on Medtronic, Raises Price Target to $118",88.26,88.29,0.0371,neutral,up,0.355,,
FNSPID_09204,2019-08-20,MDT,44 Stocks Moving In Tuesday's Mid-Day Session,87.54,88.26,0.8231,neutral,up,0.444,,
FNSPID_09205,2019-08-20,MDT,22 Healthcare Stocks Moving In Tuesday's Pre-Market Session,87.54,88.26,0.8231,neutral,up,0.4254,"[PLACEHOLDER - Ollama unavailable, not a real model explanation] The headline ""22 Healthcare Stocks Moving In Tuesday's Pre-Market Session"" reads as a up signal for the stock, which is consistent with an upward next-day move.",
FNSPID_09206,2019-08-20,MDT,"Medtronic Reports Q1 Earnings Beat, Raises Guidance",87.54,88.26,0.8231,neutral,up,0.3673,,
FNSPID_09207,2019-08-20,MDT,32 Stocks Moving in Tuesday's Pre-Market Session,87.54,88.26,0.8231,neutral,up,0.4361,"[PLACEHOLDER - Ollama unavailable, not a real model explanation] The headline ""32 Stocks Moving in Tuesday's Pre-Market Session"" reads as a up signal for the stock, which is consistent with an upward next-day move.",
FNSPID_09208,2019-08-20,MDT,Medtronic shares are trading higher after the company reported better-than-expected Q1 EPS and sales results. The company also raised FY20 EPS guidance above analyst estimates.,87.54,88.26,0.8231,neutral,up,0.4097,,
FNSPID_09209,2019-08-20,MDT,"The Daily Biotech Pulse: FDA Likes Nabriva's Antibiotic, Snubs Sarepta's DMD Drug; Moderna Gets Fast Track Designation For Zika Vaccine",87.54,88.26,0.8231,neutral,neutral,0.3875,,
FNSPID_09210,2019-08-20,MDT,A Peek Into The Markets: US Stock Futures Flat Ahead Of Retail Earnings,87.54,88.26,0.8231,neutral,up,0.4004,,
FNSPID_09211,2019-08-20,MDT,Medtronic Raises FY20 Adj. EPS Guidance From $5.44-$5.50 To $5.54-$5.60 vs $5.48 Est.,87.54,88.26,0.8231,neutral,up,0.4154,,
FNSPID_09212,2019-08-20,MDT,"Medtronic Q1 Adj. EPS $1.26 Beats $1.18 Estimate, Sales $7.5B Beat $7.4B Estimate",87.54,88.26,0.8231,neutral,up,0.4236,,
FNSPID_09213,2019-08-20,MDT,"8 Stocks To Watch For August 20, 2019",87.54,88.26,0.8231,neutral,up,0.4165,,
FNSPID_09214,2019-08-20,MDT,"Earnings Scheduled For August 20, 2019",87.54,88.26,0.8231,neutral,down,0.4309,,
FNSPID_09215,2019-08-19,MDT,Shares of several healthcare companies are trading higher as optimism increased for a resolution to the US-China trade war.,85.3,87.54,2.6205,up,up,0.4115,,
FNSPID_09216,2019-08-19,MDT,Stocks That Hit 52-Week Highs On Monday,85.3,87.54,2.6205,up,up,0.3546,"[PLACEHOLDER - Ollama unavailable, not a real model explanation] The headline ""Stocks That Hit 52-Week Highs On Monday"" reads as a up signal for the stock, which is consistent with an upward next-day move.",
FNSPID_09217,2019-08-19,MDT,10 Biggest Price Target Changes For Monday,85.3,87.54,2.6205,up,up,0.351,,
FNSPID_09218,2019-08-19,MDT,"Deutsche Bank Maintains Buy on Medtronic, Raises Price Target to $111",85.3,87.54,2.6205,up,up,0.3616,"[PLACEHOLDER - Ollama unavailable, not a real model explanation] The headline ""Deutsche Bank Maintains Buy on Medtronic, Raises Price Target to $111"" reads as a up signal for the stock, which is consistent with an upward next-day move.",
FNSPID_09219,2019-08-17,MDT,The Week Ahead In Biotech: FDA Goes Into Overdrive In A Quiet Week,85.3,87.54,2.6205,up,neutral,0.354,,
FNSPID_09220,2019-08-16,MDT,"Shares of healthcare companies are trading higher as US markets rebound from recent weakness following a yield curve inversion, which caused recession fears. Trump also recently announced the US would delay China tariffs, renewing hopes of a trade deal.",84.14,85.3,1.3819,up,up,0.3925,,
FNSPID_09221,2019-08-16,MDT,Medtronic Reports Approval To Begin Pivotal Trial To Evaluate New Extended Wear Infusion Set,84.14,85.3,1.3819,up,up,0.363,,
FNSPID_09709,2019-12-31,OXY,10 Worst Performing S&P 500 Stocks Of The Decade,37.26,38.5,3.3245,up,down,0.3528,,
FNSPID_09710,2019-12-31,OXY,"Occidental Petroleum Option Alert: Jan, 2021 $40 Calls at the Ask: 603 @ $4.701 vs 8701 OI; Earnings 2/11 After Close [est] Ref=$41.04",37.26,38.5,3.3245,up,up,0.4264,,
FNSPID_09711,2019-12-30,OXY,Occidental Petroleum Option Alert: Jan 17 $42.5 Calls Sweep (30) near the Ask: 513 @ $0.43 vs 27673 OI; Earnings 2/11 After Close [est] Ref=$40.79,36.8,37.26,1.253,up,up,0.4309,,
FNSPID_09712,2019-12-24,OXY,10 Worst Performing S&P 500 Stocks Of 2019,36.07,36.3,0.6518,neutral,neutral,0.3394,"[PLACEHOLDER - Ollama unavailable, not a real model explanation] The headline ""10 Worst Performing S&P 500 Stocks Of 2019"" reads as a neutral signal for the stock, which is consistent with little or no next-day move.",
FNSPID_09713,2019-12-23,OXY,Occidental Petroleum Option Alert: Jan 17 $42.5 Calls Sweep (44) near the Ask: 1236 @ $0.28 vs 30908 OI; Earnings 2/11 After Close [est] Ref=$39.4699,35.91,36.07,0.4533,neutral,up,0.4352,,
FNSPID_09714,2019-12-19,OXY,10 Biggest Price Target Changes For Thursday,34.99,35.27,0.8011,neutral,up,0.3523,,
FNSPID_09715,2019-12-19,OXY,"UBS Maintains Neutral on Occidental Petroleum, Lowers Price Target to $40",34.99,35.27,0.8011,neutral,up,0.3746,,
FNSPID_09716,2019-12-16,OXY,Shares of oil & gas companies are trading higher on preliminary Phase One US-China trade agreement.,34.65,34.65,0.0,neutral,up,0.4028,,
FNSPID_09717,2019-12-13,OXY,"Jim Cramer Weighs In On Occidental Petroleum, Alteryx And More",34.1,34.65,1.6176,up,up,0.3653,,
FNSPID_09718,2019-12-12,OXY,"Shares of oil & gas companies are trading higher following multiple positive US-China trade developments, including a tweet from President Trump suggesting the US is 'very close' to a deal.",34.59,34.1,-1.4118,down,up,0.4065,,
FNSPID_09719,2019-12-12,OXY,Occidental Petroleum Option Alert: Jan 17 $40 Calls Sweep (19) near the Ask: 604 @ $0.888 vs 15239 OI; Ref=$38.5,34.59,34.1,-1.4118,down,up,0.4172,,
FNSPID_09720,2019-12-12,OXY,4 Energy Stocks Moving In Thursday's Pre-Market Session,34.59,34.1,-1.4118,down,up,0.4307,,
FNSPID_09721,2019-12-09,OXY,10 Energy Stocks Moving In Monday's Pre-Market Session,33.76,33.97,0.616,neutral,up,0.4222,,
FNSPID_09722,2019-12-06,OXY,Shares of oil and gas companies are trading higher after OPEC and OPEC+ agreed to further oil production cuts.,34.56,33.76,-2.3024,down,up,0.395,,
FNSPID_09723,2019-12-04,OXY,7 Energy Stocks Moving In Wednesday's Pre-Market Session,34.06,33.65,-1.2224,down,up,0.4283,,
FNSPID_09724,2019-12-03,OXY,Stocks That Hit 52-Week Lows On Tuesday,33.68,34.06,1.131,up,neutral,0.3394,,
FNSPID_09725,2019-12-03,OXY,Shares of several oil and gas companies are trading lower on global macro concerns after Trump implied a US-China trade deal may not occur until 2020.,33.68,34.06,1.131,up,up,0.38,,
FNSPID_09726,2019-12-02,OXY,7 Energy Stocks Moving In Monday's Pre-Market Session,34.27,33.68,-1.7063,down,up,0.4313,,
FNSPID_09727,2019-11-29,OXY,5 Energy Stocks Moving In Friday's Pre-Market Session,34.17,34.27,0.2852,neutral,up,0.4293,,
FNSPID_09728,2019-11-26,OXY,Portfolio Manager Cole Smead Says Warren Buffett Is Watching Walgreens,34.17,34.33,0.4667,neutral,up,0.3531,"[PLACEHOLDER - Ollama unavailable, not a real model explanation] The headline ""Portfolio Manager Cole Smead Says Warren Buffett Is Watching Walgreens"" reads as a up signal for the stock, which is consistent with an upward next-day move.",
FNSPID_09729,2019-11-26,OXY,"Occidental Petroleum Option Alert: Jan, 2021 $45 Calls at the Ask: 1000 @ $3.15 vs 5721 OI; Ref=$39.385",34.17,34.33,0.4667,neutral,up,0.4097,,
FNSPID_09730,2019-11-25,OXY,9 Energy Stocks Moving In Monday's Pre-Market Session,35.37,34.17,-3.4059,down,up,0.4404,,
FNSPID_09731,2019-11-21,OXY,"Shares of oil & gas companies are trading higher on reports indicating OPEC+ is likely to extend its existing oil supply cuts until June. Wednesday EIA data also showed a smaller-than-expected build in crude inventories, alleviating demand concerns.",34.66,35.06,1.1759,up,up,0.4011,,
FNSPID_09732,2019-11-19,OXY,Shares of several oil companies are trading lower on reports that Russia is unlikely to advocate for further output cuts.,33.79,34.09,0.8914,neutral,down,0.3815,,
FNSPID_09733,2019-11-15,OXY,"Q3 13F Roundup: How Buffett, Einhorn, Ackman And Others Adjusted Their Portfolios",34.51,34.82,0.8986,neutral,neutral,0.369,,
FNSPID_09734,2019-11-15,OXY,Shares of several oil and gas companies are trading higher after OPEC cut its oil production growth forecast. An IEA report also indicated global oil demand growth in Q3.,34.51,34.82,0.8986,neutral,up,0.3855,,
FNSPID_09735,2019-11-15,OXY,Occidental Petroleum shares are trading higher after Berkshire Hathaway issued a 13F filing showing a new 7.5 million share stake in the company.,34.51,34.82,0.8986,neutral,up,0.3882,"[PLACEHOLDER - Ollama unavailable, not a real model explanation] The headline ""Occidental Petroleum shares are trading higher after Berkshire Hathaway issued a 13F filing showing a new 7.5 million share stake in the company."" reads as a up signal for the stock, which is consistent with an upward next-day move.",
FNSPID_09736,2019-11-15,OXY,6 Energy Stocks Moving In Friday's Pre-Market Session,34.51,34.82,0.8986,neutral,up,0.4383,,
FNSPID_09737,2019-11-14,OXY,"13F From Warren Buffett's Berkshire Hathaway Shows New 6.4M Share Stake In Globe Life, 7.5M Share Stake In Occidental",33.45,34.51,3.1515,up,up,0.3659,,
FNSPID_09738,2019-11-14,OXY,Occidental Petroleum Option Alert: Nov 22 $38.5 Calls Sweep (35) near the Ask: 829 @ $0.464 vs 2154 OI; Ref=$37.81,33.45,34.51,3.1515,up,up,0.4209,,
FNSPID_09739,2019-11-13,OXY,Stocks That Hit 52-Week Lows On Wednesday,33.77,33.45,-0.9444,neutral,neutral,0.3398,,
FNSPID_09740,2019-11-13,OXY,Occidental Petroleum Says Will Continue To Apply Proceeds From Asset Sales To Debt Reduction,33.77,33.45,-0.9444,neutral,up,0.3923,,
FNSPID_09741,2019-11-13,OXY,Occidental Expects Proceeds From Asset Sales OF At Least $15B By Middle Of 2020,33.77,33.45,-0.9444,neutral,up,0.399,,
FNSPID_09742,2019-11-11,OXY,"Occidental Seeks Bids For Anadarko Oil, Gas Assets In Wyoming, Colorado; Hopes To Raise $700M From Wyoming, Colorado Assets",34.44,34.05,-1.1317,down,up,0.372,,
FNSPID_09743,2019-11-11,OXY,"Occidental Petroleum shares are trading lower with the broader oil sector amid stalled US-China trade progress. The company continues to face opposition to its pending takeover of Anadarko, including that from Carl Icahn who plans to launch a proxy fight.",34.44,34.05,-1.1317,down,up,0.3797,,
FNSPID_09744,2019-11-11,OXY,7 Energy Stocks Moving In Monday's Pre-Market Session,34.44,34.05,-1.1317,down,up,0.4313,,
FNSPID_09745,2019-11-08,OXY,"Carl Icahn Said To Be Planning Proxy Fight At Occidental Petroleum, Said To Cut Stake To 23M Shares",35.52,34.44,-3.0424,down,up,0.367,,
FNSPID_09746,2019-11-08,OXY,Stocks That Hit 52-Week Lows On Friday,35.52,34.44,-3.0424,down,neutral,0.344,,
FNSPID_09747,2019-11-07,OXY,Shares of oil and gas companies are trading higher after the US and China agreed to phase out tariffs.,34.58,35.52,2.7415,up,up,0.4032,,
FNSPID_09748,2019-11-06,OXY,Occidental Petroleum shares are trading lower on continued momentum after the company reported worse-than-expected Q3 EPS results.,35.09,34.58,-1.4643,down,down,0.383,,
FNSPID_09749,2019-11-05,OXY,Occidental Petroleum shares are trading lower after the company reported worse-than-expected Q3 EPS results.,37.13,35.09,-5.488,down,down,0.3804,,
FNSPID_09750,2019-11-04,OXY,"Occidental Petroleum Q3 EPS $0.11 Misses $0.38 Estimate, GAAP EPS $(1.08)",39.18,37.13,-5.2453,down,up,0.4192,"[PLACEHOLDER - Ollama unavailable, not a real model explanation] The headline ""Occidental Petroleum Q3 EPS $0.11 Misses $0.38 Estimate, GAAP EPS $(1.08)"" reads as a up signal for the stock, which is consistent with an upward next-day move.",
FNSPID_09751,2019-11-04,OXY,"Shares of several oil & gas companies are trading higher in sympathy with the overall market after National Security Adviser Robert O'Brien said: ""we're relatively close to an agreement"" and that Trump invited President Xi to the U.S. to sign if both sides agree on the ""phase one"" deal.",39.18,37.13,-5.2453,down,up,0.3941,,
FNSPID_09752,2019-11-04,OXY,"Earnings Scheduled For November 4, 2019",39.18,37.13,-5.2453,down,down,0.4314,,
FNSPID_09753,2019-11-01,OXY,"Cramer Gives His Take On Slack, CME Group And More",37.46,39.18,4.5873,up,up,0.3619,,
FNSPID_09754,2019-11-01,OXY,"Shares of several oil & gas companies are trading higher on optimism around the U.S.-China trade deal. China's factory activity expanded and U.S. job growth slowed less than expected in October, signaling optimism around the global economy.",37.46,39.18,4.5873,up,up,0.4081,"[PLACEHOLDER - Ollama unavailable, not a real model explanation] The headline ""Shares of several oil & gas companies are trading higher on optimism around the U.S.-China trade deal. China's factory activity expanded and U.S. job growth slowed less than expected in October, signaling optimism around the global economy."" reads as a up signal for the stock, which is consistent with an upward next-day move.",
FNSPID_09755,2019-10-23,OXY,"'Fast Money Halftime Report' Traders Weigh In On Salesforce, Pfizer And More",38.02,37.46,-1.4678,down,up,0.3921,,
FNSPID_09756,2019-10-22,OXY,Shares of several oil and gas companies are trading higher after OPEC reportedly announced it will consider further oil cuts.,37.4,38.02,1.658,up,up,0.3949,,
FNSPID_09757,2019-10-17,OXY,"Raymond James Maintains Strong Buy on Occidental Petroleum, Lowers Price Target to $70",35.73,35.83,0.2976,neutral,up,0.3695,,
FNSPID_09758,2019-10-15,OXY,"Occidental Petroleum Sees Q3 Reported Production From Continuing Operations 1,100 – 1,120 Mboed",36.14,35.74,-1.1275,down,up,0.3841,,
FNSPID_09759,2019-10-14,OXY,Stocks That Hit 52-Week Lows On Monday,35.89,36.14,0.7159,neutral,neutral,0.339,,
FNSPID_09760,2019-10-14,OXY,6 Energy Stocks Moving In Monday's Pre-Market Session,35.89,36.14,0.7159,neutral,up,0.4378,,
FNSPID_09761,2019-10-11,OXY,23 Energy Stocks Moving In Friday's Pre-Market Session,36.43,35.89,-1.4835,down,up,0.4353,,
FNSPID_09762,2019-10-09,OXY,Stocks That Hit 52-Week Lows On Wednesday,36.18,36.35,0.4652,neutral,neutral,0.3398,,
FNSPID_09763,2019-10-09,OXY,13 Energy Stocks Moving In Wednesday's Pre-Market Session,36.18,36.35,0.4652,neutral,up,0.4207,,
FNSPID_09764,2019-10-09,OXY,16 Stocks Moving in Wednesday's Pre-Market Session,36.18,36.35,0.4652,neutral,up,0.4445,,
FNSPID_09765,2019-10-08,OXY,Stocks That Hit 52-Week Lows On Tuesday,36.17,36.18,0.0245,neutral,neutral,0.3394,,
FNSPID_09766,2019-10-07,OXY,6 Energy Stocks Moving In Monday's Pre-Market Session,37.37,36.17,-3.2005,down,up,0.4378,,
FNSPID_09767,2019-10-04,OXY,"Morgan Stanley Maintains Equal-Weight on Occidental Petroleum, Lowers Price Target to $51",38.16,37.37,-2.0664,down,up,0.3612,,
FNSPID_09768,2019-10-03,OXY,"Occidental Announces Start Up Of Co.'s First Solar Facility, Signs 12-Year Power Purchase Agreement To Source Solar Energy For PErmian Basin Operations",38.27,38.16,-0.3009,neutral,neutral,0.3608,,
FNSPID_09769,2019-10-02,OXY,No Zip: Energy Sector Q3 Seen Weak Despite Attack On Oil Supplies,38.04,38.27,0.6055,neutral,up,0.4212,,
FNSPID_09770,2019-10-02,OXY,"Shares of oil companies are trading lower following a larger-than-expected build in US crude inventories. Additionally, overall market weakness and recession fears are weighing on oil demand outlook.",38.04,38.27,0.6055,neutral,up,0.3906,,
FNSPID_09771,2019-10-02,OXY,"'Fast Money' Traders Weigh In On Verizon, Occidental Petroleum And More",38.04,38.27,0.6055,neutral,up,0.3736,,
FNSPID_09772,2019-10-01,OXY,15 Highest Dividend Yields In The S&P 500,38.78,38.04,-1.8963,down,neutral,0.3708,,
FNSPID_09773,2019-09-30,OXY,Occidental Provides Update on Divestiture and Deleveraging Initiatives,39.4,38.78,-1.5741,down,up,0.3553,,
FNSPID_09774,2019-09-23,OXY,"Benzinga's Top Upgrades, Downgrades For September 23, 2019",40.31,40.28,-0.066,neutral,up,0.3889,,
FNSPID_09775,2019-09-23,OXY,10 Stocks Where Short Sellers Are Throwing In The Towel,40.31,40.28,-0.066,neutral,neutral,0.364,,
FNSPID_09776,2019-09-23,OXY,"SunTrust Robinson Humphrey Initiates Coverage On Occidental Petroleum with Hold Rating, Announces $48 Price Target",40.31,40.28,-0.066,neutral,neutral,0.3553,"[PLACEHOLDER - Ollama unavailable, not a real model explanation] The headline ""SunTrust Robinson Humphrey Initiates Coverage On Occidental Petroleum with Hold Rating, Announces $48 Price Target"" reads as a neutral signal for the stock, which is consistent with little or no next-day move.",
FNSPID_09777,2019-09-17,OXY,Shares of several oil & gas companies are trading lower after Saudi Arabia announced it is close to restoring 70% of the 5.7 million BPD of oil output loss and will be back at normal levels in a matter of weeks. NOTE: The return of output to normal levels was initially expected to take months.,40.0,39.53,-1.1739,down,up,0.3816,"[PLACEHOLDER - Ollama unavailable, not a real model explanation] The headline ""Shares of several oil & gas companies are trading lower after Saudi Arabia announced it is close to restoring 70% of the 5.7 million BPD of oil output loss and will be back at normal levels in a matter of weeks. NOTE: The return of output to normal levels was initially expected to take months."" reads as a up signal for the stock, which is consistent with an upward next-day move.",
FNSPID_09778,2019-09-16,OXY,Shares of many oil & gas companies are trading higher due to heightened tensions following an attack on a Saudi Arabian oil field supposedly by Iran. NOTE: The strike on the oil field has disrupted about half of Saudi Arabia's oil production equivalent to 5% of the daily global oil supply.,42.35,40.0,-5.544,down,up,0.3793,,
FNSPID_09779,2019-09-09,OXY,8 Energy Stocks Moving In Monday's Pre-Market Session,39.84,41.13,3.2466,up,up,0.4371,,
FNSPID_09780,2019-09-06,OXY,Jon Najarian Sees Unusual Activity In Home Depot And Occidental Petroleum,39.57,39.84,0.6716,neutral,neutral,0.3577,,
FNSPID_09781,2019-09-06,OXY,"Shares of several Oil & Gas companies are trading lower potentially following a report from Reuters indicating oil producers & suppliers cut budgets, staffs, and production goals amid growing consensus of forecasts that oil and gas prices will stay low.",39.57,39.84,0.6716,neutral,up,0.3731,,
FNSPID_09782,2019-09-05,OXY,Shares of several oil & gas companies are trading higher after the EIA reported a crude inventory draw of 4.771 million compared to the 2.488 million draw estimate. A larger-than-expected draw is seen as a sign of oil demand increasing.,39.25,39.57,0.8206,neutral,up,0.4317,,
FNSPID_09783,2019-09-05,OXY,"Benzinga's Top Upgrades, Downgrades For September 5, 2019",39.25,39.57,0.8206,neutral,up,0.3876,,
FNSPID_09784,2019-09-05,OXY,"Susquehanna Initiates Coverage On Occidental Petroleum with Positive Rating, Announces $55 Price Target",39.25,39.57,0.8206,neutral,up,0.3706,,
FNSPID_09785,2019-09-03,OXY,"Shares of several oil and gas companies are trading lower as trade concerns continue to escalate following a new 15% tariff, which was added by President Trump to $112 billion worth of Chinese goods on Sunday.",37.15,37.94,2.1087,up,down,0.3751,,
FNSPID_09786,2019-08-30,OXY,"Shares of several oil and gas companies are trading lower as Hurricane Dorian inches closer toward Florida, which could potentially lower demand.",37.85,37.15,-1.8399,down,down,0.3683,,
FNSPID_09787,2019-08-29,OXY,Shares of several oil & gas companies are trading higher amid easing trade tensions. China's Ministry of Commerce said the country is willing to calmly resolve the trade dispute with the USA and is against any further escalation in tensions.,37.75,37.85,0.2536,neutral,up,0.4041,"[PLACEHOLDER - Ollama unavailable, not a real model explanation] The headline ""Shares of several oil & gas companies are trading higher amid easing trade tensions. China's Ministry of Commerce said the country is willing to calmly resolve the trade dispute with the USA and is against any further escalation in tensions."" reads as a up signal for the stock, which is consistent with an upward next-day move.",
FNSPID_09788,2019-08-27,OXY,UPDATE: Goldman Believes For Occidental Petroleum Shares To Outperform Co. Needs To '(a) demonstrate planned synergies (which appear to imply industry-low cost to add reserves); and (b) deleverage beyond our WES divestiture scenario',36.87,37.53,1.7946,up,up,0.4263,,
FNSPID_09789,2019-08-27,OXY,"UPDATE: Goldman Reinstates Neutral On Occidental Petroleum, Announces $52.50 Target As Firm Sees 'Favorable Permian outlook, but greater confidence in APC synergies/deleveraging needed'",36.87,37.53,1.7946,up,up,0.4314,,
FNSPID_09790,2019-08-27,OXY,"Goldman Sachs Reinstates Neutral on Occidental Petroleum, Announces $52.5 Price Target",36.87,37.53,1.7946,up,up,0.3772,"[PLACEHOLDER - Ollama unavailable, not a real model explanation] The headline ""Goldman Sachs Reinstates Neutral on Occidental Petroleum, Announces $52.5 Price Target"" reads as a up signal for the stock, which is consistent with an upward next-day move.",
FNSPID_09791,2019-08-26,OXY,Stocks That Hit 52-Week Lows On Monday,36.67,36.87,0.5222,neutral,neutral,0.339,,
FNSPID_09792,2019-08-26,OXY,FreightWaves Oil Report: Bankruptcies In The Oil Patch Are Piling Up,36.67,36.87,0.5222,neutral,up,0.3515,,
FNSPID_09793,2019-08-26,OXY,22 Energy Stocks Moving In Monday's Pre-Market Session,36.67,36.87,0.5222,neutral,up,0.4325,,
FNSPID_09794,2019-08-23,OXY,Shares of several oil & gas companies are trading lower on escalated trade tensions after China announced it plans to impose a 5%-10% tariff rate on $75 billion worth of U.S. goods.,36.88,36.67,-0.5664,neutral,up,0.37,"[PLACEHOLDER - Ollama unavailable, not a real model explanation] The headline ""Shares of several oil & gas companies are trading lower on escalated trade tensions after China announced it plans to impose a 5%-10% tariff rate on $75 billion worth of U.S. goods."" reads as a up signal for the stock, which is consistent with an upward next-day move.",
FNSPID_09795,2019-08-23,OXY,"Jefferies Reinstates Hold on Occidental Petroleum, Announces $47 Price Target",36.88,36.67,-0.5664,neutral,up,0.3626,,
FNSPID_09796,2019-08-22,OXY,Shares of several oil & gas companies are trading lower as investors fear a slowing global economy.,38.91,36.88,-5.2125,down,up,0.3673,,
FNSPID_09797,2019-08-19,OXY,"Benzinga's Top Upgrades, Downgrades For August 19, 2019",39.68,39.4,-0.7021,neutral,up,0.389,,
FNSPID_09798,2019-08-19,OXY,10 Biggest Price Target Changes For Monday,39.68,39.4,-0.7021,neutral,up,0.351,"[PLACEHOLDER - Ollama unavailable, not a real model explanation] The headline ""10 Biggest Price Target Changes For Monday"" reads as a up signal for the stock, which is consistent with an upward next-day move.",
FNSPID_09799,2019-08-19,OXY,"Barclays Initiates Coverage On Occidental Petroleum with Equal-Weight Rating, Announces $61 Price Target",39.68,39.4,-0.7021,neutral,up,0.3741,,
FNSPID_09800,2019-08-19,OXY,"Wells Fargo Maintains Market Perform on Occidental Petroleum, Lowers Price Target to $48",39.68,39.4,-0.7021,neutral,up,0.3613,,
FNSPID_09801,2019-08-17,OXY,"Bulls And Bears Of The Week: Apple, Cisco, Salesforce, Walmart And More",39.68,39.4,-0.7021,neutral,neutral,0.3699,,
FNSPID_10088,2019-12-16,PBR,Petrobras Has Paid Back $5B Loan From China Development Bank; Loan Was Due 2027,4.58,4.61,0.5848,neutral,up,0.4257,,
FNSPID_10089,2019-12-16,PBR,Shares of oil & gas companies are trading higher on preliminary Phase One US-China trade agreement.,4.58,4.61,0.5848,neutral,up,0.4028,,
FNSPID_10090,2019-12-13,PBR,Shares of Brazilian companies are trading lower. The Brazilian central bank cut rates yesterday and some economist are now expecting the current rate will not change in the upcoming months.,4.56,4.58,0.5226,neutral,up,0.3669,,
FNSPID_10091,2019-12-13,PBR,15 Energy Stocks Moving In Friday's Pre-Market Session,4.56,4.58,0.5226,neutral,up,0.4308,,
FNSPID_10092,2019-12-12,PBR,"Shares of oil & gas companies are trading higher following multiple positive US-China trade developments, including a tweet from President Trump suggesting the US is 'very close' to a deal.",4.78,4.56,-4.67,down,up,0.4065,,
FNSPID_10093,2019-12-11,PBR,Petrobras Shares Uanffected Amid Comment From CEO Co. Has Received On Average 5 Offers For The 5 Refineries Where Bids Were Already Due And Mgmt. Satisfied With Offers,4.68,4.78,2.2279,up,up,0.4074,,
FNSPID_10094,2019-12-06,PBR,Shares of oil and gas companies are trading higher after OPEC and OPEC+ agreed to further oil production cuts.,4.62,4.63,0.3224,neutral,up,0.395,,
FNSPID_10095,2019-12-05,PBR,Petrobras shares are trading higher. Not seeing any news to justify the price action.,4.53,4.62,1.9054,up,up,0.4138,,
FNSPID_10096,2019-12-04,PBR,"Petrobras CEO Says Has $20B-$30B In Assets For Divestment, But That Is Not Enough, Co. Will Be Divesting Added Assets",4.42,4.53,2.5606,up,up,0.3893,,
FNSPID_10097,2019-12-04,PBR,Petroleo Brasileiro CEO Roberto Castello Branco Says Management Team Taking Outsider View On Oil Giant,4.42,4.53,2.5606,up,up,0.3881,,
FNSPID_10098,2019-12-02,PBR,"Shares of Brazilian companies are trading higher despite US tariff threats. Strength has been attributed to a manufacturing expansion in China, which has spurred optimism for Brazilian markets.",4.39,4.37,-0.3395,neutral,up,0.4421,,
FNSPID_10099,2019-11-26,PBR,Shares of several Brazilian companies are trading lower. Not currently seeing any country-specific news. NOTE: South American markets have been highly volatile this year amid political instability and speculation of economic reforms.,4.39,4.41,0.271,neutral,up,0.3974,,
FNSPID_10100,2019-11-26,PBR,What Brazil's New Political Party Means For Investors,4.39,4.41,0.271,neutral,neutral,0.4517,,
FNSPID_10101,2019-11-19,PBR,Shares of several oil companies are trading lower on reports that Russia is unlikely to advocate for further output cuts.,4.42,4.43,0.1347,neutral,down,0.3815,,
FNSPID_10102,2019-11-18,PBR,Shares of several oil & gas companies are trading lower after Saudi Arabia's crude exports fell from 6.88M to 6.67M barrels per day in September indicating a lower demand for oil and gas.,4.5,4.42,-1.6557,down,down,0.3883,,
FNSPID_10103,2019-11-15,PBR,Shares of several oil and gas companies are trading higher after OPEC cut its oil production growth forecast. An IEA report also indicated global oil demand growth in Q3.,4.6,4.5,-2.2021,down,up,0.3855,"[PLACEHOLDER - Ollama unavailable, not a real model explanation] The headline ""Shares of several oil and gas companies are trading higher after OPEC cut its oil production growth forecast. An IEA report also indicated global oil demand growth in Q3."" reads as a up signal for the stock, which is consistent with an upward next-day move.",
FNSPID_10104,2019-11-07,PBR,Shares of oil and gas companies are trading higher after the US and China agreed to phase out tariffs.,4.83,4.68,-3.1231,down,up,0.4032,,
FNSPID_10105,2019-11-06,PBR,Petrobras shares are trading lower after the company won two blocks in an auction of offshore rights. A Petrobras consortium with China's CNOOC and CNODC won the Buzios oil block and Petrobras alone won the Itapu block.,4.72,4.83,2.3824,up,down,0.37,,
FNSPID_10106,2019-11-06,PBR,UPDATE: Consortium Led By Brazil's Petrobras And Also Including China's CNOOC And CNODC Awarded Buzios Block In Transfer-Of-Rights Auction,4.72,4.83,2.3824,up,up,0.3943,,
FNSPID_10107,2019-11-06,PBR,"Brazil Authorities Begin Receiving Bids In Transfer-Of-Rights Auction; Consortium Of Petrobras, CNOOC And CNODC Makes Sole Offer On Buzios Block",4.72,4.83,2.3824,up,up,0.3887,,
FNSPID_10108,2019-11-05,PBR,Petrobras Brasileiro Option Alert: Fri $16.5 Calls Sweep (18) near the Ask: 1222 @ $0.25 vs 6381 OI; Ref=$16.36,4.84,4.72,-2.5061,down,up,0.4284,,
FNSPID_10109,2019-11-01,PBR,"Petrobras CEO Says Co. Will Only Bid In Transfer Of Rights Offshore Auction For Buzios, Itapu Oil Fields",4.86,4.85,-0.3041,neutral,up,0.4085,,
FNSPID_10110,2019-11-01,PBR,"Shares of several oil & gas companies are trading higher on optimism around the U.S.-China trade deal. China's factory activity expanded and U.S. job growth slowed less than expected in October, signaling optimism around the global economy.",4.86,4.85,-0.3041,neutral,up,0.4081,,
FNSPID_10111,2019-10-29,PBR,Petrobras Says More Than 20 Companies Are Interested In Buying Its Refineries,4.75,4.8,1.2469,up,up,0.4207,,
FNSPID_10112,2019-10-25,PBR,"Petrobras Shares Unaffected As CFO Says Sees Unlikely Dividend Will Grow Before 2021, Co. Signed Confidentiality Agreements With 20+ Potential Buyers Of Refineries",4.69,4.73,0.9464,neutral,up,0.4275,,
FNSPID_10113,2019-10-25,PBR,Petrobras shares are trading higher after the company reported Q3 earnings results. The company reported a net income of $2.3 billion versus $1.7 billion in the same quarter last year.,4.69,4.73,0.9464,neutral,up,0.4633,,
FNSPID_10114,2019-10-24,PBR,Shares of several Oil and Gas service companies are trading lower in sympathy with TechnipFMC after the company reported weak Q3 earnings results. TechnipFMC's updated 2019 financial guidance also reflects weaker North American outlook in surface technologies.,4.51,4.69,3.9344,up,down,0.3897,,
FNSPID_10115,2019-10-23,PBR,Shares of several oil and gas companies are trading higher following a larger-than-expected draw in US crude inventories.,4.61,4.51,-2.1181,down,up,0.4092,"[PLACEHOLDER - Ollama unavailable, not a real model explanation] The headline ""Shares of several oil and gas companies are trading higher following a larger-than-expected draw in US crude inventories."" reads as a up signal for the stock, which is consistent with an upward next-day move.",
FNSPID_10116,2019-10-22,PBR,"Petrobras, Brazil's government near oil marketing deal",4.51,4.61,2.097,up,neutral,0.3567,,
FNSPID_10117,2019-10-22,PBR,"Shares of several Brazilian companies are trading higher amid optimism on welfare reform as well as US-China trade progress, which effects emerging market economies.",4.51,4.61,2.097,up,up,0.4044,,
FNSPID_10118,2019-10-22,PBR,Petrobas shares are trading higher amid strength in the broader Brazilian market.,4.51,4.61,2.097,up,up,0.4333,,
FNSPID_10119,2019-10-21,PBR,Shares of several oil and gas companies are trading higher on US-China renewed trade optimism.,4.33,4.51,4.235,up,up,0.4231,,
FNSPID_10120,2019-10-18,PBR,"Shares of several oil & gas companies are trading lower as economic concerns from China outweighed bullish signs from its refining sector. China's economic growth slowed to 6% year-over-year in the third quarter, its weakest in approximately 27 years.",4.3,4.33,0.7571,neutral,down,0.4335,,
FNSPID_10121,2019-10-17,PBR,"3 Trending Oil And Gas Stocks Amid Trade War, Middle East Tensions",4.27,4.3,0.693,neutral,up,0.4024,,
FNSPID_10122,2019-10-16,PBR,"Petrobras Says Has Collected 200 Tonnes Of Oil Residue From Northeastern Coast Following Oil Spill, Reiterates Oil Found Near Coast Does Not Belong To Co.",4.33,4.27,-1.5017,down,up,0.3779,,
FNSPID_10123,2019-10-14,PBR,Shares of several oil & gas companies are trading lower as the vague U.S.-China trade deal failed to meet expectations amongst companies and investors. The continued uncertainty around the deal is hindering the global economy and the demand for oil.,4.25,4.26,0.2088,neutral,down,0.413,,
FNSPID_10124,2019-10-11,PBR,Shares of oil and gas companies are trading higher in sympathy with the overall market after President Trump made positive remarks on US-China trade talks. NOTE: The price of oil has continued to trade higher after the price per barrel broke the $54 resistance level.,4.26,4.25,-0.2083,neutral,up,0.4386,,
FNSPID_10125,2019-10-09,PBR,Shares of several oil and gas companies are trading higher after multiple reports indicating China is open to a partial trade deal surfaced. The reports renewed optimism in the upcoming U.S.-China trade talks.,4.17,4.17,-0.1417,neutral,up,0.409,,
FNSPID_10126,2019-10-08,PBR,"Petrobras CEO Says Privatization Of The Company Is Not On The Table, Says There's No Such Plan",4.07,4.17,2.4691,up,up,0.3601,,
FNSPID_10127,2019-10-07,PBR,Shares of several Brazilian companies are trading lower along with the overall Brazilian market.,4.09,4.07,-0.3618,neutral,down,0.3811,,
FNSPID_10128,2019-10-04,PBR,"Petrobras Will Announce Non-Binding Phase For Sale Of Reman, Lubnor Refineries, Xisto Unit In Coming Weeks",4.2,4.09,-2.6075,down,up,0.3843,"[PLACEHOLDER - Ollama unavailable, not a real model explanation] The headline ""Petrobras Will Announce Non-Binding Phase For Sale Of Reman, Lubnor Refineries, Xisto Unit In Coming Weeks"" reads as a up signal for the stock, which is consistent with an upward next-day move.",
FNSPID_10129,2019-10-04,PBR,Petrobras Has Opened Non-Binding Phase For Sale Of Regap Refinery,4.2,4.09,-2.6075,down,up,0.3746,,
FNSPID_10130,2019-10-02,PBR,"Shares of oil companies are trading lower following a larger-than-expected build in US crude inventories. Additionally, overall market weakness and recession fears are weighing on oil demand outlook.",4.15,4.19,0.9272,neutral,up,0.3906,,
FNSPID_10131,2019-10-01,PBR,"Shares of oil and gas companies are trading lower following worse-than-expected US PMI data. Weak economic indicators can weigh on oil and gas, as they are used as industrial inputs.",4.25,4.15,-2.2996,down,up,0.3909,,
FNSPID_10132,2019-09-17,PBR,Shares of several oil & gas companies are trading lower after Saudi Arabia announced it is close to restoring 70% of the 5.7 million BPD of oil output loss and will be back at normal levels in a matter of weeks. NOTE: The return of output to normal levels was initially expected to take months.,4.42,4.33,-2.1419,down,up,0.3816,,
FNSPID_10133,2019-09-16,PBR,Shares of many oil & gas companies are trading higher due to heightened tensions following an attack on a Saudi Arabian oil field supposedly by Iran. NOTE: The strike on the oil field has disrupted about half of Saudi Arabia's oil production equivalent to 5% of the daily global oil supply.,4.46,4.42,-0.9284,neutral,up,0.3793,,
FNSPID_10134,2019-09-06,PBR,Head of Petrobras Unit Running Brazil-Bolivia Natural Gas Pipeline Removed after Bribery Allegations,4.23,4.3,1.5384,up,up,0.3737,,
FNSPID_10135,2019-09-05,PBR,Shares of several South American companies are trading higher in sympathy with the overall market after the Chinese Minister of Commerce said the leaders of the U.S. and China are set to meet in Washington D.C in early October. Investors hope the meeting could bring the two countries closer to a trade deal.,4.18,4.23,1.1316,up,up,0.4011,,
FNSPID_10136,2019-09-04,PBR,Petrobras Brasileiro Option Alert: Oct 18 $15 Calls Sweep (10) near the Ask: 747 @ $0.331 vs 17547 OI; Ref=$14.04,4.14,4.18,1.1445,up,up,0.4208,,
FNSPID_10137,2019-09-04,PBR,"Shares of several oil stocks are trading higher due to strength in the price of oil, which is driven by economic data released in China showing the country's services sector expanded at its fastest pace in 3 months.",4.14,4.18,1.1445,up,up,0.4296,,
FNSPID_10138,2019-09-03,PBR,Petrobras Produced 3M Barrels Of Oil Equivalent Per Day On Average In August,3.96,4.14,4.3284,up,up,0.4325,,
FNSPID_10139,2019-08-23,PBR,Shares of several South American companies are trading lower on escalated trade tensions after China announced it plans to impose a 5% to 10% tariff rate on $75 billion worth of U.S. goods. The trade war slows global economic growth.,3.84,3.78,-1.3878,down,down,0.3622,,
FNSPID_10140,2019-08-22,PBR,Petrobras Brasileiro Option Alert: Sep 20 $14 Calls Sweep (9) near the Ask: 500 @ $0.461 vs 4520 OI; Ref=$13.7,4.02,3.84,-4.6324,down,up,0.4171,,
FNSPID_10141,2019-08-22,PBR,The Brazilian President Says the Government is Studying All Possibilities for Petrobras When Asked About Privatization,4.02,3.84,-4.6324,down,up,0.3848,,
FNSPID_10142,2019-08-21,PBR,Valor Econômico Reports Economic Team Plans To Privatize Petrobras By The End Of Government,4.09,4.02,-1.5206,down,up,0.386,,
FNSPID_10143,2019-08-21,PBR,Shares of several oil and gas companies are trading higher following API and EIA data showing bigger-than-expected crude inventory withdrawals.,4.09,4.02,-1.5206,down,up,0.3816,,
FNSPID_10144,2019-08-19,PBR,Brazil's Petrobras Received Three Binding Offers For LPG Distribution Unit Liquigas; Expects To Conclude Sale Of Liquigas By November,3.88,3.87,-0.3049,neutral,up,0.3883,,
FNSPID_10145,2019-08-16,PBR,Shares of several Brazilian companies are trading higher on renewed optimism surrounding US-China trade talks after President Trump announced earlier in the week that he would delay additional tariffs on Chinese goods until December.,3.91,3.88,-0.8315,neutral,up,0.4314,,
FNSPID_10663,2019-12-31,REGN,10 Best Performing S&P 500 Stocks Of The Decade,372.4,370.29,-0.5673,neutral,neutral,0.3472,"[PLACEHOLDER - Ollama unavailable, not a real model explanation] The headline ""10 Best Performing S&P 500 Stocks Of The Decade"" reads as a neutral signal for the stock, which is consistent with little or no next-day move.",
FNSPID_10664,2019-12-29,REGN,"Week Ahead In Biotech: PDUFA Date Ahead For Astra Zeneca, Merck's Lynparza, Pending Clinical Readouts In Focus",370.64,372.4,0.4763,neutral,up,0.3845,,
FNSPID_10665,2019-12-24,REGN,"Benzinga's Top Upgrades, Downgrades For December 24, 2019",373.43,371.79,-0.4382,neutral,up,0.3902,"[PLACEHOLDER - Ollama unavailable, not a real model explanation] The headline ""Benzinga's Top Upgrades, Downgrades For December 24, 2019"" reads as a up signal for the stock, which is consistent with an upward next-day move.",
FNSPID_10666,2019-12-24,REGN,Raymond James Initiates Coverage On Regeneron Pharmaceuticals with Market Perform Rating,373.43,371.79,-0.4382,neutral,neutral,0.3787,,
FNSPID_10667,2019-12-18,REGN,Quantum Leap Healthcare Collaborative Announces Selection Of Regeneron's Libtayo & REGN3767 For Injection In I-SPY 2 Trial For Breast Cancer,368.32,369.5,0.3204,neutral,up,0.3617,,
FNSPID_10668,2019-12-16,REGN,"Benzinga's Top Upgrades, Downgrades For December 16, 2019",372.93,366.08,-1.8377,down,up,0.3897,,
FNSPID_10669,2019-12-16,REGN,Evercore ISI Group Downgrades Regeneron Pharmaceuticals to In-Line,372.93,366.08,-1.8377,down,up,0.3721,"[PLACEHOLDER - Ollama unavailable, not a real model explanation] The headline ""Evercore ISI Group Downgrades Regeneron Pharmaceuticals to In-Line"" reads as a up signal for the stock, which is consistent with an upward next-day move.",
FNSPID_10670,2019-12-16,REGN,Intellia Therapeutics Will Modify its Cost and Profit Share with Regeneron for Development of Transthyretin Amyloidosis From 50% to 25%,372.93,366.08,-1.8377,down,up,0.3948,,
FNSPID_10671,2019-12-13,REGN,"Benzinga Pro's Top 5 Stocks To Watch For Fri., Dec. 13, 2019: EWU, SRPT, FDX, IHRT, REGN",373.34,372.93,-0.1089,neutral,up,0.3922,,
FNSPID_10672,2019-12-13,REGN,Credit Suisse Upgrades Regeneron Pharmaceuticals to Outperform,373.34,372.93,-0.1089,neutral,up,0.3589,,
FNSPID_10673,2019-12-10,REGN,"Regeneron Shares Swing On Sanofi's Hint At Sale Of Ownership Stake, Amendments To Drug Collaborations",364.66,370.47,1.5938,up,up,0.3876,,
FNSPID_10674,2019-12-10,REGN,25 Stocks Moving in Tuesday's Pre-Market Session,364.66,370.47,1.5938,up,up,0.4375,,
FNSPID_10675,2019-12-09,REGN,Hearing Sanofi May Sell Regeneron Stake After Lockup Expires,362.63,364.66,0.5579,neutral,up,0.3727,"[PLACEHOLDER - Ollama unavailable, not a real model explanation] The headline ""Hearing Sanofi May Sell Regeneron Stake After Lockup Expires"" reads as a up signal for the stock, which is consistent with an upward next-day move.",
FNSPID_10676,2019-12-08,REGN,Regeneron Announces First Clinical Data for REGN5458 (BCMAxCD3) Show Positive Preliminary Results in Multiple Myeloma at ASH 2019,362.63,364.66,0.5579,neutral,up,0.3904,,
FNSPID_10677,2019-12-07,REGN,"The Week Ahead In Biotech: ASH Presentations Pick Up Steam, Correvio Awaits Adcom Ruling",362.63,364.66,0.5579,neutral,neutral,0.3673,,
FNSPID_10678,2019-12-05,REGN,"Regeneron Reports Topline Phase 2 Data From Pozelimab In Patients With Rare Blood Disorder, Shows Results From Initial 6-Patient Cohort Reduced LDH To Normal Levels At Week 8",365.32,369.21,1.0642,up,up,0.3867,,
FNSPID_10679,2019-11-19,REGN,Medicines Company Shares Soar On Rumored Buyout Interest From Novartis,341.64,341.42,-0.0639,neutral,up,0.3902,,
FNSPID_10680,2019-11-12,REGN,"Benzinga's Top Upgrades, Downgrades For November 12, 2019",345.56,345.45,-0.0316,neutral,up,0.3896,,
FNSPID_10681,2019-11-12,REGN,"SunTrust Robinson Humphrey Initiates Coverage On Regeneron Pharmaceuticals with Hold Rating, Announces $360 Price Target",345.56,345.45,-0.0316,neutral,neutral,0.3613,,
FNSPID_10682,2019-11-07,REGN,UPDATE: Citi On Regeneron Continues 'to remain bullish on Dupixent and see $10B peak sales vs current run-rate of ~$2.5B within 3 years of launch. We are less concerned about the Dupi competition as we think the safety profile of Dupi sets it apart',323.72,338.99,4.7183,up,up,0.45,,
FNSPID_10683,2019-11-07,REGN,"UPDATE: Citi Upgrades Regeneron To Buy, Raises Target To $420 As Firm Notes 'We think between Libtayo data next year and continuous Dupi growth, investors will find it easy to stay invested through near-term Eylea competition'",323.72,338.99,4.7183,up,up,0.4389,,
FNSPID_10684,2019-11-07,REGN,"Benzinga's Top Upgrades, Downgrades For November 7, 2019",323.72,338.99,4.7183,up,up,0.3909,,
FNSPID_10685,2019-11-07,REGN,"Citigroup Upgrades Regeneron Pharmaceuticals to Buy, Raises Price Target to $420",323.72,338.99,4.7183,up,up,0.3705,,
FNSPID_10686,2019-11-06,REGN,UPDATE: Morgan Stanley On Regeneron Also Awaits 'clearer data on Beovu's impact in 4Q',321.83,323.72,0.5855,neutral,up,0.4088,,
FNSPID_10687,2019-11-06,REGN,"UPDATE: Morgan Stanley Maintains Equal-Weight On Regeneron, Raises Target To $387 As Firm Notes 'Eylea outperformed and cost control continued in the JV improving profitability. Pipeline updates from NSCLC, bispecifics and C5 were encouraging'",321.83,323.72,0.5855,neutral,up,0.438,,
FNSPID_10688,2019-11-06,REGN,AstraZeneca Named The Most Innovative Global Pharma Company,321.83,323.72,0.5855,neutral,neutral,0.3894,,
FNSPID_10689,2019-11-06,REGN,16 S&P 500 Stocks With The Most Insider Ownership,321.83,323.72,0.5855,neutral,neutral,0.3589,"[PLACEHOLDER - Ollama unavailable, not a real model explanation] The headline ""16 S&P 500 Stocks With The Most Insider Ownership"" reads as a neutral signal for the stock, which is consistent with little or no next-day move.",
FNSPID_10690,2019-11-06,REGN,"BMO Capital Maintains Market Perform on Regeneron Pharmaceuticals, Raises Price Target to $358",321.83,323.72,0.5855,neutral,up,0.3791,,
FNSPID_10691,2019-11-06,REGN,"Morgan Stanley Maintains Equal-Weight on Regeneron Pharmaceuticals, Raises Price Target to $387",321.83,323.72,0.5855,neutral,up,0.3639,,
FNSPID_10692,2019-11-06,REGN,10 Biggest Price Target Changes For Wednesday,321.83,323.72,0.5855,neutral,neutral,0.3499,"[PLACEHOLDER - Ollama unavailable, not a real model explanation] The headline ""10 Biggest Price Target Changes For Wednesday"" reads as a neutral signal for the stock, which is consistent with little or no next-day move.",
FNSPID_10693,2019-11-06,REGN,"Regeneron, Vyriad Reports Strategic Deal For Discovery, Development Of New Oncolytic Virus Treatments For Cancer, No Terms Disclosed",321.83,323.72,0.5855,neutral,up,0.3716,,
FNSPID_10694,2019-11-06,REGN,"Credit Suisse Maintains Neutral on Regeneron Pharmaceuticals, Raises Price Target to $340",321.83,323.72,0.5855,neutral,up,0.3679,,
FNSPID_10695,2019-11-05,REGN,Regeneron Pharmaceuticals Says In Sept. Received A Civil Investigative Demand From The DOJ Pursuant To The Federal False Claims Act,329.88,321.83,-2.4384,down,up,0.3797,"[PLACEHOLDER - Ollama unavailable, not a real model explanation] The headline ""Regeneron Pharmaceuticals Says In Sept. Received A Civil Investigative Demand From The DOJ Pursuant To The Federal False Claims Act"" reads as a up signal for the stock, which is consistent with an upward next-day move.",
FNSPID_10696,2019-11-05,REGN,Regeneron Pharmaceuticals shares are trading higher after the company reported Q3 EPS and sales results up from last year. The company also reported a $1 billion buyback.,329.88,321.83,-2.4384,down,up,0.4101,,
FNSPID_10697,2019-11-05,REGN,10 Healthcare Stocks Moving In Tuesday's Pre-Market Session,329.88,321.83,-2.4384,down,up,0.4187,"[PLACEHOLDER - Ollama unavailable, not a real model explanation] The headline ""10 Healthcare Stocks Moving In Tuesday's Pre-Market Session"" reads as a up signal for the stock, which is consistent with an upward next-day move.",
FNSPID_10698,2019-11-05,REGN,"The Daily Biotech Pulse: FDA Nod For Sanofi, BioCryst's Edema Drug In Japan, Myriad's Q1 Disappointment",329.88,321.83,-2.4384,down,neutral,0.4135,,
FNSPID_10699,2019-11-05,REGN,Regeneron Pharmaceuticals Sees FY19 Sanofi Collaboration Revenue $490M-$510M,329.88,321.83,-2.4384,down,up,0.392,,
FNSPID_10700,2019-11-05,REGN,Regeneron Reports $1B Buyback,329.88,321.83,-2.4384,down,up,0.3777,,
FNSPID_10701,2019-11-05,REGN,"Regeneron Pharmaceuticals Q3 EPS $6.67 Up From $5.87 YoY, Sales $2.048B Up From $1.663B YoY",329.88,321.83,-2.4384,down,up,0.4491,,
FNSPID_10702,2019-11-03,REGN,"The Week Ahead In Biotech: Smid-Cap Earnings Deluge, SITC Conference In The Spotlight",308.49,329.88,6.9316,up,up,0.3714,,
FNSPID_10703,2019-10-29,REGN,Regeneron And Sanofi Announce European Commission Approval Of A New Indication For Dupixent In Severe Chronic Rhinosinusitis With Nasal Polyposis,307.92,308.45,0.1739,neutral,up,0.3644,,
FNSPID_10704,2019-10-28,REGN,11 Stocks With The Highest Gross Margins,306.03,307.92,0.6158,neutral,up,0.3876,,
FNSPID_10705,2019-10-17,REGN,"Bank of America Reinstates Neutral on Regeneron Pharmaceuticals, Announces $325 Price Target",299.1,297.73,-0.4576,neutral,up,0.353,,
FNSPID_10706,2019-10-09,REGN,"Canaccord Genuity Maintains Hold on Regeneron Pharmaceuticals, Lowers Price Target to $320",288.45,295.92,2.5892,up,up,0.3625,,
FNSPID_10707,2019-09-26,REGN,"Shares of several healthcare companies are trading lower, potentially on recent Democratic primary polls showing Senator Elizabeth Warren in the lead.",279.01,271.22,-2.7905,down,down,0.3906,"[PLACEHOLDER - Ollama unavailable, not a real model explanation] The headline ""Shares of several healthcare companies are trading lower, potentially on recent Democratic primary polls showing Senator Elizabeth Warren in the lead."" reads as a down signal for the stock, which is consistent with a downward next-day move.",
FNSPID_10708,2019-09-24,REGN,Shares of many pharma/therapeutics stocks trading lower in sympathy with overall market weakness. Reports China is planning to cut prices for widely-used drugs may also be pressuring the sector today.,287.34,284.3,-1.0562,down,up,0.4048,,
FNSPID_10709,2019-09-23,REGN,"Benzinga's Top Upgrades, Downgrades For September 23, 2019",292.29,287.34,-1.6933,down,up,0.3889,,
FNSPID_10710,2019-09-23,REGN,Guggenheim Upgrades Regeneron Pharmaceuticals to Buy,292.29,287.34,-1.6933,down,neutral,0.3691,,
FNSPID_10711,2019-09-20,REGN,Shares of several drug companies are trading higher after Senate Majority Leader McConnell suggested a new Democratic drug price reform proposal would be dead on arrival.,293.45,292.29,-0.3954,neutral,up,0.3775,,
FNSPID_10712,2019-09-20,REGN,CHMP Recommends Approval Of Regeneron's Dupixent For Severe Chronic Rhinosinusitis With Nasal Polyposis,293.45,292.29,-0.3954,neutral,up,0.3763,,
FNSPID_10713,2019-09-10,REGN,Biotech Stock On The Radar: Aimmune Awaits Adcom Test,281.4,281.01,-0.1374,neutral,up,0.3625,,
FNSPID_10714,2019-09-10,REGN,"The Daily Biotech Pulse: Translate Bio Halts mRNA Therapy Trial, Roche Multiple Sclerosis Biomarker Data, D-Day For Xeris",281.4,281.01,-0.1374,neutral,neutral,0.4111,"[PLACEHOLDER - Ollama unavailable, not a real model explanation] The headline ""The Daily Biotech Pulse: Translate Bio Halts mRNA Therapy Trial, Roche Multiple Sclerosis Biomarker Data, D-Day For Xeris"" reads as a neutral signal for the stock, which is consistent with little or no next-day move.",
FNSPID_10715,2019-08-29,REGN,"The Daily Biotech Pulse: EC Approves Roche's Tecentriq For Breast Cancer, Trevena On Track For NDA Resubmission, Edap Earnings",288.19,287.67,-0.179,neutral,neutral,0.3739,"[PLACEHOLDER - Ollama unavailable, not a real model explanation] The headline ""The Daily Biotech Pulse: EC Approves Roche's Tecentriq For Breast Cancer, Trevena On Track For NDA Resubmission, Edap Earnings"" reads as a neutral signal for the stock, which is consistent with little or no next-day move.",
FNSPID_10716,2019-08-28,REGN,Stocks That Hit 52-Week Lows On Wednesday,285.28,288.19,1.0186,up,neutral,0.3398,,
FNSPID_10717,2019-08-28,REGN,"The Daily Biotech Pulse: EC Nod For Bristol-Myers Squibb, Kyowa Kirin's Parkinson's Add-On Therapy Approved",285.28,288.19,1.0186,up,neutral,0.4257,,
FNSPID_10718,2019-08-27,REGN,"The Daily Biotech Pulse: Nuvectra Explores Strategic Options, J&J To Contend Opioid Ruling, Sesen Bio Gets New CFO",279.1,285.28,2.2139,up,neutral,0.3751,,
FNSPID_10719,2019-08-20,REGN,"Biotech Stock On The Radar: Medicines Company, A Cardiovascular Pure Play With A Potential Blockbuster",293.61,295.34,0.5911,neutral,neutral,0.3899,,
FNSPID_11144,2019-12-31,SLB,10 Worst Performing S&P 500 Stocks Of The Decade,34.51,34.49,-0.0746,neutral,down,0.3528,"[PLACEHOLDER - Ollama unavailable, not a real model explanation] The headline ""10 Worst Performing S&P 500 Stocks Of The Decade"" reads as a down signal for the stock, which is consistent with a downward next-day move.",
FNSPID_11145,2019-12-30,SLB,Schlumberger Option Alert: Feb 21 $45 Calls Sweep (8) near the Ask: 996 @ $0.411 vs 4792 OI; Earnings 1/17 Before Open Ref=$40.715,34.69,34.51,-0.495,neutral,up,0.4254,,
FNSPID_11146,2019-12-23,SLB,Shares of several oil and gas companies are trading higher after China announced it will lower import tariffs on several US products. This has offset concerns of Russia easing output cuts.,35.02,34.9,-0.3432,neutral,up,0.4078,,
FNSPID_11147,2019-12-16,SLB,Shares of oil & gas companies are trading higher on preliminary Phase One US-China trade agreement.,33.83,33.88,0.1523,neutral,up,0.4028,,
FNSPID_11148,2019-12-12,SLB,"Shares of oil & gas companies are trading higher following multiple positive US-China trade developments, including a tweet from President Trump suggesting the US is 'very close' to a deal.",33.54,33.48,-0.1792,neutral,up,0.4065,"[PLACEHOLDER - Ollama unavailable, not a real model explanation] The headline ""Shares of oil & gas companies are trading higher following multiple positive US-China trade developments, including a tweet from President Trump suggesting the US is 'very close' to a deal."" reads as a up signal for the stock, which is consistent with an upward next-day move.",
FNSPID_11149,2019-12-11,SLB,Schlumberger shares are trading higher. Not seeing any news to justify the price action.,32.97,33.54,1.7448,up,up,0.3985,"[PLACEHOLDER - Ollama unavailable, not a real model explanation] The headline ""Schlumberger shares are trading higher. Not seeing any news to justify the price action."" reads as a up signal for the stock, which is consistent with an upward next-day move.",
FNSPID_11150,2019-12-10,SLB,"Citigroup Maintains Buy on Schlumberger, Raises Price Target to $43",32.06,32.97,2.8388,up,up,0.3627,,
FNSPID_11151,2019-12-06,SLB,Shares of oil and gas companies are trading higher after OPEC and OPEC+ agreed to further oil production cuts.,31.67,31.9,0.7319,neutral,up,0.395,,
FNSPID_11152,2019-12-04,SLB,Shares of oil companies are trading higher following a larger-than-expected draw in US crude inventories as well as positive US-China trade reports and anticipation of further OPEC production cuts this year.,31.07,30.78,-0.9395,neutral,up,0.4168,,
FNSPID_11153,2019-12-03,SLB,"Home Depot, Schlumberger And More 'Fast Money' Picks For Dec. 3",30.04,31.07,3.4295,up,neutral,0.3608,"[PLACEHOLDER - Ollama unavailable, not a real model explanation] The headline ""Home Depot, Schlumberger And More 'Fast Money' Picks For Dec. 3"" reads as a neutral signal for the stock, which is consistent with little or no next-day move.",
FNSPID_11154,2019-12-03,SLB,Shares of several oil and gas companies are trading lower on global macro concerns after Trump implied a US-China trade deal may not occur until 2020.,30.04,31.07,3.4295,up,up,0.38,,
FNSPID_11155,2019-12-03,SLB,8 Energy Stocks Moving In Tuesday's Pre-Market Session,30.04,31.07,3.4295,up,up,0.4315,,
FNSPID_11156,2019-11-20,SLB,Shares of oil and gas companies are trading higher after the EIA reported a smaller-than-expected build in US crude oil inventories.,30.6,31.01,1.3281,up,up,0.4009,,
FNSPID_11157,2019-11-20,SLB,"Tudor Pickering Upgrades Schlumberger to Buy, Announces $40 Price Target",30.6,31.01,1.3281,up,neutral,0.3697,,
FNSPID_11158,2019-11-20,SLB,"Benzinga's Top Upgrades, Downgrades For November 20, 2019",30.6,31.01,1.3281,up,up,0.3903,,
FNSPID_11159,2019-11-20,SLB,"Deutsche Bank Initiates Coverage On Schlumberger with Buy Rating, Announces $42 Price Target",30.6,31.01,1.3281,up,up,0.374,,
FNSPID_11160,2019-11-19,SLB,Shares of several oil companies are trading lower on reports that Russia is unlikely to advocate for further output cuts.,29.05,30.6,5.3337,up,down,0.3815,,
FNSPID_11161,2019-11-18,SLB,Shares of several oil & gas companies are trading lower after Saudi Arabia's crude exports fell from 6.88M to 6.67M barrels per day in September indicating a lower demand for oil and gas.,29.37,29.05,-1.0954,down,down,0.3883,"[PLACEHOLDER - Ollama unavailable, not a real model explanation] The headline ""Shares of several oil & gas companies are trading lower after Saudi Arabia's crude exports fell from 6.88M to 6.67M barrels per day in September indicating a lower demand for oil and gas."" reads as a down signal for the stock, which is consistent with a downward next-day move.",
FNSPID_11162,2019-11-14,SLB,"Soros 13F Shows New Stakes In Schlumberger, Peloton, KKR",29.39,29.94,1.8726,up,up,0.3875,,
FNSPID_11163,2019-11-13,SLB,Shares of several oil and companies are trading lower after U.S.-China trade talks complicate over farm purchases.,29.66,29.39,-0.9135,neutral,up,0.399,,
FNSPID_11164,2019-11-12,SLB,Shares of several oil & gas companies are trading lower on concerns of slower economic growth and oil demand after Trump gave mixed messages about U.S.-China trade talks and did not mention any specifics about progress in negotiations.,30.66,29.66,-3.2588,down,up,0.378,"[PLACEHOLDER - Ollama unavailable, not a real model explanation] The headline ""Shares of several oil & gas companies are trading lower on concerns of slower economic growth and oil demand after Trump gave mixed messages about U.S.-China trade talks and did not mention any specifics about progress in negotiations."" reads as a up signal for the stock, which is consistent with an upward next-day move.",
FNSPID_11165,2019-11-07,SLB,Shares of oil and gas companies are trading higher after the US and China agreed to phase out tariffs.,30.55,30.77,0.7206,neutral,up,0.4032,,
FNSPID_11166,2019-11-06,SLB,Shares of several oil companies are trading lower following reports indicating OPEC+ countries are not pushing for further oil supply cuts at the upcoming meeting.,30.11,30.55,1.4623,up,up,0.3802,,
FNSPID_11167,2019-11-05,SLB,Shares of several oil & gas companies are trading higher on optimism around U.S.-China trade talks. It was earlier reported that Trump administration officials are considering tariff cuts of 15% on approximately $112 billion in Chinese imports that was imposed on September 1.,31.09,30.11,-3.1591,down,up,0.4182,,
FNSPID_11168,2019-11-05,SLB,"Apache, Twitter And More 'Fast Money' Picks For November 5",31.09,30.11,-3.1591,down,neutral,0.4092,,
FNSPID_11169,2019-11-04,SLB,"Shares of several oil & gas companies are trading higher in sympathy with the overall market after National Security Adviser Robert O'Brien said: ""we're relatively close to an agreement"" and that Trump invited President Xi to the U.S. to sign if both sides agree on the ""phase one"" deal.",30.69,31.09,1.3245,up,up,0.3941,,
FNSPID_11170,2019-11-02,SLB,"Barron's Picks And Pans: AbbVie, Alibaba, Fiat Chrysler, Garmin And More",30.69,31.09,1.3245,up,neutral,0.3639,,
FNSPID_11171,2019-11-01,SLB,"Shares of several oil & gas companies are trading higher on optimism around the U.S.-China trade deal. China's factory activity expanded and U.S. job growth slowed less than expected in October, signaling optimism around the global economy.",29.16,30.69,5.2265,up,up,0.4081,,
FNSPID_11172,2019-10-30,SLB,Shares of several oil & gas companies are trading lower. Economists believe a further slowdown is still looming. EIA crude inventories showed a worse-than-expected build.,28.03,27.68,-1.2387,down,up,0.3627,,
FNSPID_11173,2019-10-30,SLB,Schlumberger shares are trading lower on seemingly no company-specific news.,28.03,27.68,-1.2387,down,up,0.3874,"[PLACEHOLDER - Ollama unavailable, not a real model explanation] The headline ""Schlumberger shares are trading lower on seemingly no company-specific news."" reads as a up signal for the stock, which is consistent with an upward next-day move.",
FNSPID_11174,2019-10-23,SLB,Shares of several oil and gas companies are trading higher following a larger-than-expected draw in US crude inventories.,29.92,29.73,-0.6227,neutral,up,0.4092,,
FNSPID_11175,2019-10-23,SLB,"BofA, Snap And More 'Fast Money' Picks For October 23",29.92,29.73,-0.6227,neutral,neutral,0.3572,,
FNSPID_11176,2019-10-22,SLB,'Fast Money Halftime Report' Picks From October 22,29.48,29.92,1.4647,up,neutral,0.3527,,
FNSPID_11177,2019-10-22,SLB,Shares of several oil and gas companies are trading higher after OPEC reportedly announced it will consider further oil cuts.,29.48,29.92,1.4647,up,up,0.3949,,
FNSPID_11178,2019-10-22,SLB,"Facebook, Snap And More 'Fast Money' Picks For October 22",29.48,29.92,1.4647,up,neutral,0.3978,,
FNSPID_11179,2019-10-21,SLB,"US Treasury Has Issued Amended General License For Deals Involving PDVSA, Authorizes Through Jan. 22 Deals With PDVSA That Were In Effect Before Jul. 26, 2019 For Chevron, Halliburton, Schlumberger, Baker Hughes, Weatherford Int'l.",28.44,29.48,3.6618,up,neutral,0.3559,,
FNSPID_11180,2019-10-21,SLB,"UPDATE: Wells Fargo On Schlumberger Notes 'higher uncertainty and downside risk in 4Q' But Also Notes 'That said, we view SLB shares as attractive… even with much more conservative margin forecasts compared to managament targets'",28.44,29.48,3.6618,up,up,0.4357,,
FNSPID_11181,2019-10-21,SLB,"UPDATE: Wells Fargo Maintains Outperform On Schlumberger, Lowers Target To $40 Notes '3Q shook out mostly as expected with charges and restructuring in progress to ""clear the decks"" and improve EBIT margins in NAM'",28.44,29.48,3.6618,up,up,0.4214,,
FNSPID_11182,2019-10-21,SLB,"Morgan Stanley Maintains Overweight, $50 Target On Schlumberger As Firm Notes 'We remain of the view that 2020 FCF will be substantially improved vs. 2019 on lower spending and improved margins'",28.44,29.48,3.6618,up,up,0.4413,,
FNSPID_11183,2019-10-21,SLB,"Despite Lackluster Guidance, Analysts Still Bullish On Schlumberger",28.44,29.48,3.6618,up,up,0.3895,,
FNSPID_11184,2019-10-21,SLB,Schlumberger shares are trading higher after Well Fargo maintained an Outperform rating on the stock.,28.44,29.48,3.6618,up,up,0.4031,,
FNSPID_11185,2019-10-21,SLB,10 Biggest Price Target Changes For Monday,28.44,29.48,3.6618,up,up,0.351,"[PLACEHOLDER - Ollama unavailable, not a real model explanation] The headline ""10 Biggest Price Target Changes For Monday"" reads as a up signal for the stock, which is consistent with an upward next-day move.",
FNSPID_11186,2019-10-21,SLB,5 Energy Stocks Moving In Monday's Pre-Market Session,28.44,29.48,3.6618,up,up,0.4297,,
FNSPID_11187,2019-10-21,SLB,"Wells Fargo Maintains Outperform on Schlumberger, Lowers Price Target to $40",28.44,29.48,3.6618,up,up,0.3578,,
FNSPID_11188,2019-10-18,SLB,Schlumberger shares are trading higher after the company reported better-than-expected Q3 EPS and sales results.,27.36,28.44,3.9616,up,up,0.3988,,
FNSPID_11189,2019-10-18,SLB,"Citigroup Maintains Buy on Schlumberger, Lowers Price Target to $42",27.36,28.44,3.9616,up,up,0.3589,,
FNSPID_11190,2019-10-18,SLB,7 Energy Stocks Moving In Friday's Pre-Market Session,27.36,28.44,3.9616,up,up,0.4311,,
FNSPID_11191,2019-10-18,SLB,A Peek Into The Markets: US Stock Futures Edge Higher Ahead Of Fed Speakers,27.36,28.44,3.9616,up,up,0.4128,,
FNSPID_11192,2019-10-18,SLB,"8 Stocks To Watch For October 18, 2019",27.36,28.44,3.9616,up,up,0.421,,
FNSPID_11193,2019-10-18,SLB,"Earnings Scheduled For October 18, 2019",27.36,28.44,3.9616,up,down,0.4456,,
FNSPID_11194,2019-10-18,SLB,"Schlumberger Q3 Adj. EPS $0.43 Beats $0.41 Estimate, Sales $8.541B Beat $8.51B Estimate",27.36,28.44,3.9616,up,up,0.4378,,
FNSPID_11195,2019-10-14,SLB,"Earnings, Econ Numbers And The Beige Book Pepper The Second Round of The WeTrader Competition",27.58,27.78,0.7369,neutral,neutral,0.351,,
FNSPID_11196,2019-10-11,SLB,Shares of oil and gas companies are trading higher in sympathy with the overall market after President Trump made positive remarks on US-China trade talks. NOTE: The price of oil has continued to trade higher after the price per barrel broke the $54 resistance level.,27.5,27.58,0.2771,neutral,up,0.4386,,
FNSPID_11197,2019-10-11,SLB,23 Energy Stocks Moving In Friday's Pre-Market Session,27.5,27.58,0.2771,neutral,up,0.4353,,
FNSPID_11198,2019-10-11,SLB,28 Stocks Moving in Friday's Pre-Market Session,27.5,27.58,0.2771,neutral,up,0.4524,"[PLACEHOLDER - Ollama unavailable, not a real model explanation] The headline ""28 Stocks Moving in Friday's Pre-Market Session"" reads as a up signal for the stock, which is consistent with an upward next-day move.",
FNSPID_11199,2019-10-10,SLB,5 Energy Stocks Moving In Thursday's Pre-Market Session,26.31,27.5,4.5381,up,up,0.4283,,
FNSPID_11200,2019-10-09,SLB,13 Energy Stocks Moving In Wednesday's Pre-Market Session,26.17,26.31,0.5501,neutral,up,0.4207,,
FNSPID_11201,2019-10-08,SLB,"Shares of several oil and gas companies are trading lower as optimism around the upcoming U.S.-China trade talks waned. A report says China is toning down its expectations of the meeting. The U.S. expanded its trade blacklist, and scheduled an increase in tariffs on $250 billion worth of Chinese goods from 25% to 30% on Oct. 15, which will go into effect if no progress is made.",26.0,26.17,0.6187,neutral,up,0.3836,,
FNSPID_11202,2019-10-08,SLB,"Morgan Stanley Maintains Overweight on Schlumberger, Lowers Price Target to $50",26.0,26.17,0.6187,neutral,up,0.3628,,
FNSPID_11203,2019-10-02,SLB,No Zip: Energy Sector Q3 Seen Weak Despite Attack On Oil Supplies,26.89,27.14,0.9131,neutral,up,0.4212,,
FNSPID_11204,2019-10-02,SLB,"Shares of oil companies are trading lower following a larger-than-expected build in US crude inventories. Additionally, overall market weakness and recession fears are weighing on oil demand outlook.",26.89,27.14,0.9131,neutral,up,0.3906,"[PLACEHOLDER - Ollama unavailable, not a real model explanation] The headline ""Shares of oil companies are trading lower following a larger-than-expected build in US crude inventories. Additionally, overall market weakness and recession fears are weighing on oil demand outlook."" reads as a up signal for the stock, which is consistent with an upward next-day move.",
FNSPID_11205,2019-10-01,SLB,"Shares of oil and gas companies are trading lower following worse-than-expected US PMI data. Weak economic indicators can weigh on oil and gas, as they are used as industrial inputs.",27.69,26.89,-2.8746,down,up,0.3909,,
FNSPID_11206,2019-09-30,SLB,Shares of several oil and gas companies are trading lower on further escalation of U.S.-China trade talks after reports said the Trump administration is considering ways to restrict investments in Chinese companies.,28.93,27.69,-4.302,down,up,0.377,,
FNSPID_11207,2019-09-30,SLB,Fluid Delivery Announces David Christmas CEO,28.93,27.69,-4.302,down,neutral,0.3796,"[PLACEHOLDER - Ollama unavailable, not a real model explanation] The headline ""Fluid Delivery Announces David Christmas CEO"" reads as a neutral signal for the stock, which is consistent with little or no next-day move.",
FNSPID_11208,2019-09-27,SLB,17 Energy Stocks Moving In Friday's Pre-Market Session,29.07,28.93,-0.4661,neutral,up,0.4321,,
FNSPID_11209,2019-09-26,SLB,Shares of several oil & gas companies are trading lower following a build in US crude inventories as well as continued Saudi progress in restoring production following September 14 attacks.,29.25,29.07,-0.608,neutral,up,0.4002,,
FNSPID_11210,2019-09-24,SLB,"Shares of several oil & gas companies are trading lower after weak manufacturing data from Europe and Japan was released, potentially signaling low global demand for oil. Saudi Arabia is also restoring oil output faster than anticipated.",30.11,29.84,-0.8999,neutral,up,0.3784,,
FNSPID_11211,2019-09-23,SLB,"Citigroup Maintains Buy on Schlumberger, Lowers Price Target to $44",31.61,30.11,-4.7415,down,up,0.3582,"[PLACEHOLDER - Ollama unavailable, not a real model explanation] The headline ""Citigroup Maintains Buy on Schlumberger, Lowers Price Target to $44"" reads as a up signal for the stock, which is consistent with an upward next-day move.",
FNSPID_11212,2019-09-17,SLB,Shares of several oil & gas companies are trading lower after Saudi Arabia announced it is close to restoring 70% of the 5.7 million BPD of oil output loss and will be back at normal levels in a matter of weeks. NOTE: The return of output to normal levels was initially expected to take months.,32.32,32.2,-0.3667,neutral,up,0.3816,"[PLACEHOLDER - Ollama unavailable, not a real model explanation] The headline ""Shares of several oil & gas companies are trading lower after Saudi Arabia announced it is close to restoring 70% of the 5.7 million BPD of oil output loss and will be back at normal levels in a matter of weeks. NOTE: The return of output to normal levels was initially expected to take months."" reads as a up signal for the stock, which is consistent with an upward next-day move.",
FNSPID_11213,2019-09-16,SLB,"Benzinga's Top Upgrades, Downgrades For September 16, 2019",33.29,32.32,-2.9001,down,up,0.3885,,
FNSPID_11214,2019-09-16,SLB,Shares of several oil & gas companies are trading higher on heightened tensions following an attack on a Saudi Arabian oil field. NOTE: The strike on the oil field has disrupted about half of Saudi Arabia's oil production equivalent to 5% of the daily global oil supply.,33.29,32.32,-2.9001,down,up,0.3755,,
FNSPID_11215,2019-09-16,SLB,"Barclays Upgrades Schlumberger to Overweight, Raises Price Target to $50",33.29,32.32,-2.9001,down,up,0.3757,,
FNSPID_11216,2019-09-12,SLB,Shares of several oil and gas companies are trading lower after as a potential push-back after the sector trading higher for the last three consecutive sessions on news that OPEC and other countries would agree to extend oil output cuts to support prices. NOTE: Saudi Arabia wants to boost oil prices for the upcoming Aramco IPO in an effort to balance its budget and pull off a $2 trillion valuation.,31.25,31.61,1.1653,up,up,0.4096,,
FNSPID_11217,2019-09-12,SLB,"Wells Fargo Maintains Outperform on Schlumberger, Lowers Price Target to $44",31.25,31.61,1.1653,up,up,0.3559,"[PLACEHOLDER - Ollama unavailable, not a real model explanation] The headline ""Wells Fargo Maintains Outperform on Schlumberger, Lowers Price Target to $44"" reads as a up signal for the stock, which is consistent with an upward next-day move.",
FNSPID_11218,2019-09-11,SLB,"Jim Cramer Weighs In On Heico, Schlumberger And More",31.6,31.25,-1.1254,down,up,0.3547,,
FNSPID_11219,2019-09-11,SLB,Shares of several oil & gas companies are trading higher on extended optimism that OPEC and other countries will potentially agree to extend oil output cuts to support prices. NOTE: Saudi Arabia wants to boost oil prices for the upcoming Aramco IPO in an effort to balance its budget and pull off a $2 trillion valuation.,31.6,31.25,-1.1254,down,up,0.4193,,
FNSPID_11220,2019-09-10,SLB,"Morgan Stanley Upgrades Schlumberger On Valuation, Improved Outlook",31.72,31.6,-0.3737,neutral,up,0.3826,,
FNSPID_11221,2019-09-10,SLB,50 Stocks Moving In Tuesday's Mid-Day Session,31.72,31.6,-0.3737,neutral,up,0.4252,,
FNSPID_11222,2019-09-10,SLB,"UPDATE: Morgan Stanley Upgrades Schlumberger To Overweight, Announces $51 Target As Firm Notes 'SLB has struggled over the past several years, but three important factors drive an improved relative outlook:'",31.72,31.6,-0.3737,neutral,up,0.437,,
FNSPID_11223,2019-09-10,SLB,Shares of several oil & gas companies are trading higher on extended optimism that OPEC and other countries will potentially agree to extend oil output cuts to support prices. NOTE: Saudi Arabia wants to boost oil prices for the upcoming Aramco IPO in an effort to balance its budget and pull off a $2 trillion valuation.,31.72,31.6,-0.3737,neutral,up,0.4193,,
FNSPID_11224,2019-09-10,SLB,"Benzinga's Top Upgrades, Downgrades For September 10, 2019",31.72,31.6,-0.3737,neutral,up,0.3874,,
FNSPID_11225,2019-09-10,SLB,Schlumberger shares are trading higher after Morgan Stanley upgraded the stock from Equal-Weight to Overweight rating.,31.72,31.6,-0.3737,neutral,up,0.4098,"[PLACEHOLDER - Ollama unavailable, not a real model explanation] The headline ""Schlumberger shares are trading higher after Morgan Stanley upgraded the stock from Equal-Weight to Overweight rating."" reads as a up signal for the stock, which is consistent with an upward next-day move.",
FNSPID_11226,2019-09-10,SLB,Morgan Stanley Upgrades Schlumberger to Overweight,31.72,31.6,-0.3737,neutral,neutral,0.3484,,
FNSPID_11227,2019-09-09,SLB,Shares of several oil & gas companies are trading higher after the new Saudi energy minister said there would be no radical change in the country's oil policy and the deal to cut oil production by 1.2 million barrels per day will stay.,30.68,31.72,3.395,up,up,0.3987,,
FNSPID_11228,2019-09-09,SLB,"JP Morgan Maintains Neutral on Schlumberger, Lowers Price Target to $34",30.68,31.72,3.395,up,up,0.3621,,
FNSPID_11229,2019-09-05,SLB,Shares of several oil & gas companies are trading higher after the EIA reported a crude inventory draw of 4.771 million compared to the 2.488 million draw estimate. A larger-than-expected draw is seen as a sign of oil demand increasing.,28.84,28.96,0.411,neutral,up,0.4317,,
FNSPID_11230,2019-09-04,SLB,"Schlumberger Says In Foreseeable Future, Expect To Restore Double-Digit Margins In North America Excluding Cameron; Convinced That A Fit-For-Basin Portfolio Strategy Will Allow Us To Restore Double-Digit Margins In North America",27.93,28.84,3.2747,up,up,0.4107,,
FNSPID_11231,2019-09-04,SLB,Schlumberger Reiterates Commitment To Maintain Dividend At Current Level,27.93,28.84,3.2747,up,up,0.3802,,
FNSPID_11232,2019-09-04,SLB,"Schlumberger Says Divestiture Process Of Interest In Bandurria Sur Asset In Argentina Is Well Underway, Several Players Expressed Very Strong Interest",27.93,28.84,3.2747,up,up,0.4094,,
FNSPID_11233,2019-09-04,SLB,"Shares of several oil stocks are trading higher due to strength in the price of oil, which is driven by economic data released in China showing the country's services sector expanded at its fastest pace in 3 months.",27.93,28.84,3.2747,up,up,0.4296,,
FNSPID_11234,2019-09-03,SLB,"Shares of several oil and gas companies are trading lower as trade concerns continue to escalate following a new 15% tariff, which was added by President Trump to $112 billion worth of Chinese goods on Sunday.",26.86,27.93,3.9723,up,down,0.3751,,
FNSPID_11235,2019-09-03,SLB,17 Energy Stocks Moving In Tuesday's Pre-Market Session,26.86,27.93,3.9723,up,up,0.4263,,
FNSPID_11236,2019-08-29,SLB,Shares of several oil & gas companies are trading higher amid easing trade tensions. China's Ministry of Commerce said the country is willing to calmly resolve the trade dispute with the USA and is against any further escalation in tensions.,26.9,27.04,0.527,neutral,up,0.4041,,
FNSPID_11237,2019-08-28,SLB,Stocks That Hit 52-Week Lows On Wednesday,26.36,26.9,2.0241,up,neutral,0.3398,,
FNSPID_11238,2019-08-28,SLB,Shares of several oil stocks are trading higher due to an oil price increase after industry data showed a decline in US oil reserves.,26.36,26.9,2.0241,up,up,0.4171,,
FNSPID_11239,2019-08-23,SLB,Shares of several oil & gas companies are trading lower on escalated trade tensions after China announced it plans to impose a 5% to 10% tariff rate on $75 billion worth of U.S. goods.,26.7,26.34,-1.3737,down,up,0.371,,
FNSPID_11240,2019-08-22,SLB,"Jim Cramer Weighs In On Pfizer, Teva And More",28.1,26.7,-4.9837,down,up,0.3672,,
FNSPID_11241,2019-08-19,SLB,Shares of several oil & gas companies are trading higher on renewed U.S.-China trade optimism. China has also announced lending measures to spur growth. These factors have raised global growth outlook which increases the demand for oil.,28.43,28.26,-0.5865,neutral,up,0.4143,,
FNSPID_11242,2019-08-16,SLB,"Shares of several oil and gas companies are trading higher after OPEC delivered a bearish 2019 oil market outlook, which may prompt further supply cuts.",27.28,28.43,4.2176,up,up,0.3969,,
FNSPID_11502,2019-12-16,SLV,"PreMarket Prep Recap: Market At All-Time-Highs, But Not All News Is Good News",15.91,15.88,-0.1886,neutral,up,0.366,,
FNSPID_11503,2019-10-29,SLV,Palladium ETF Continues Pushing Past Precious Metals Rivals,16.65,16.73,0.4805,neutral,up,0.3802,,
FNSPID_11504,2019-10-17,SLV,'Operations suspended after explosion at Cargill facility in Dodge City' -KWCH 12 News,16.4,16.41,0.061,neutral,up,0.3865,,
FNSPID_11505,2019-10-04,SLV,"SLV, SHY And More 'Fast Money' Picks For October 4",16.41,16.3,-0.6703,neutral,up,0.3578,,
FNSPID_11506,2019-08-27,SLV,"'Fast Money' Traders Share Their Thoughts On Ford, UnitedHealth And More",17.03,17.17,0.8221,neutral,up,0.3595,,
FNSPID_11507,2019-08-23,SLV,Jon Najarian Sees Unusual Options Activity In QQQ And SLV,16.35,16.52,1.0398,up,up,0.4048,,
FNSPID_12090,2019-12-30,STZ,Is 2020 The Year Of THC Drinks?,168.37,169.61,0.7326,neutral,neutral,0.4622,,
FNSPID_12091,2019-12-16,STZ,Cannabis Countdown: Top 10 Marijuana Stock News Stories Of The Week,163.48,163.68,0.1258,neutral,neutral,0.3659,,
FNSPID_12092,2019-12-15,STZ,"The Week In Cannabis: Peru Rolls Out Sales, Uruguay Updates Rules, MLB Stops Testing Players, Canopy Hires New CEO",163.48,163.68,0.1258,neutral,neutral,0.4234,"[PLACEHOLDER - Ollama unavailable, not a real model explanation] The headline ""The Week In Cannabis: Peru Rolls Out Sales, Uruguay Updates Rules, MLB Stops Testing Players, Canopy Hires New CEO"" reads as a neutral signal for the stock, which is consistent with little or no next-day move.",
FNSPID_12093,2019-12-13,STZ,10 Biggest Price Target Changes For Friday,162.73,163.48,0.4559,neutral,up,0.3534,,
FNSPID_12094,2019-12-13,STZ,"Deutsche Bank Maintains Hold on Constellation Brands, Lowers Price Target to $196",162.73,163.48,0.4559,neutral,up,0.3587,,
FNSPID_12095,2019-12-13,STZ,"Credit Suisse Maintains Outperform on Constellation Brands, Raises Price Target to $233",162.73,163.48,0.4559,neutral,up,0.3631,"[PLACEHOLDER - Ollama unavailable, not a real model explanation] The headline ""Credit Suisse Maintains Outperform on Constellation Brands, Raises Price Target to $233"" reads as a up signal for the stock, which is consistent with an upward next-day move.",
FNSPID_12096,2019-12-12,STZ,Constellation Brands Reports Revised Wine And Spirits Deal With E. & J. Gallo Related To FTC Review,160.71,162.73,1.2626,up,up,0.376,,
FNSPID_12097,2019-12-10,STZ,"Trump Administration, Democrats Announce Deal On USMCA Trade Agreement To Replace NAFTA",161.72,162.34,0.3813,neutral,up,0.3915,,
FNSPID_12098,2019-12-09,STZ,"PreMarket Prep Recap: Small Biotech Firms Looking Healthy, Street Fades Macy's Downgrade",162.03,161.72,-0.1876,neutral,up,0.3658,,
FNSPID_12099,2019-12-09,STZ,Canopy Growth Analyst Says Constellation Brands Likely To Bid On Cannabis Company's Equity,162.03,161.72,-0.1876,neutral,up,0.3993,,
FNSPID_12100,2019-12-09,STZ,Canopy Growth Appoints Constellation CFO As The Cannabis Company's New CEO,162.03,161.72,-0.1876,neutral,neutral,0.4044,,
FNSPID_12101,2019-12-09,STZ,Constellation Brands Announces Garth Hankinson EVP and CFO,162.03,161.72,-0.1876,neutral,up,0.3536,,
FNSPID_12102,2019-12-04,STZ,"Food And Beverage Shakeups: Constellation Sells Ballast Point, PepsiCo Acquires PopCorners Maker",164.73,163.09,-0.993,neutral,neutral,0.3953,"[PLACEHOLDER - Ollama unavailable, not a real model explanation] The headline ""Food And Beverage Shakeups: Constellation Sells Ballast Point, PepsiCo Acquires PopCorners Maker"" reads as a neutral signal for the stock, which is consistent with little or no next-day move.",
FNSPID_12103,2019-12-03,STZ,Craft Brewer Kings & Convicts Brewing Co. to Acquire Ballast Point; Terms Not Disclosed,164.91,164.73,-0.1084,neutral,up,0.3568,,
FNSPID_12104,2019-11-25,STZ,"Canopy Growth Obtains Health Canada License For Beverage Facility, Now Has All 'Cannabis 2.0' Licenses",164.08,164.52,0.2669,neutral,neutral,0.363,,
FNSPID_12105,2019-11-22,STZ,Constellation Brands 8-K Highlights Canopy Growth's Recent Q2 Results,161.98,164.08,1.2968,up,up,0.385,,
FNSPID_12106,2019-11-20,STZ,"Crown Castle, Sunrun And More 'Fast Money Halftime Report' Picks From Nov. 20",166.13,166.82,0.4143,neutral,neutral,0.3694,,
FNSPID_12107,2019-11-19,STZ,"4 Disruptive Trends In The Alcohol Industry: What's On Tap For Anheuser Busch, Molson And Sam Adams?",161.75,166.13,2.7077,up,neutral,0.3861,,
FNSPID_12108,2019-11-19,STZ,Constellation Brands shares are trading higher. Not seeing any news to justify the price action.,161.75,166.13,2.7077,up,up,0.4004,,
FNSPID_12109,2019-11-06,STZ,"Cramer Weighs In On Delta Air Lines, Constellation Brands And More",172.03,170.08,-1.1327,down,up,0.3561,,
FNSPID_12110,2019-10-21,STZ,Beverage Experts Share Insights On Emerging Cannabis-Infused Market: Canada A 'Laboratory Of Sorts',173.25,175.24,1.1461,up,neutral,0.4359,,
FNSPID_12111,2019-10-17,STZ,"Jim Cramer Shares His Thoughts On Canopy Growth, Procter & Gamble And More",175.66,175.42,-0.1369,neutral,neutral,0.3555,,
FNSPID_12112,2019-10-15,STZ,Is Cannabis The Liquor Industry's Worst Nightmare?,175.19,176.72,0.8742,neutral,neutral,0.4048,,
FNSPID_12113,2019-10-10,STZ,Cannabis Stocks Up In Smoke After Hexo Withdraws 2020 Guidance,171.59,171.91,0.192,neutral,up,0.3789,"[PLACEHOLDER - Ollama unavailable, not a real model explanation] The headline ""Cannabis Stocks Up In Smoke After Hexo Withdraws 2020 Guidance"" reads as a up signal for the stock, which is consistent with an upward next-day move.",
FNSPID_12114,2019-10-07,STZ,Cannabis Countdown: Top 10 Marijuana Stock News Stories Of The Week,168.05,168.75,0.4133,neutral,neutral,0.3659,,
FNSPID_12115,2019-10-04,STZ,Analysts Think Constellation's Beer Bash Will Keep The Party Going,172.5,168.05,-2.5808,down,neutral,0.3632,,
FNSPID_12116,2019-10-04,STZ,"SLV, SHY And More 'Fast Money' Picks For October 4",172.5,168.05,-2.5808,down,up,0.3578,,
FNSPID_12117,2019-10-04,STZ,"Morgan Stanley Maintains Equal-Weight on Constellation Brands, Lowers Price Target to $214",172.5,168.05,-2.5808,down,up,0.3533,,
FNSPID_12118,2019-10-04,STZ,"Credit Suisse Maintains Outperform on Constellation Brands, Lowers Price Target to $228",172.5,168.05,-2.5808,down,up,0.3613,,
FNSPID_12119,2019-10-03,STZ,"Constellation Brands Inc Exec Says New Hard Seltzer To Be Introduced In Four Flavors & Will Contain 90 Calories, 0 Carbs And 0 Sugars",172.97,172.5,-0.2677,neutral,up,0.3655,,
FNSPID_12120,2019-10-03,STZ,"Constellation Brands Trades Lower On Q2 Earnings, Expects Wine And Spirit Losses In 2020",172.97,172.5,-0.2677,neutral,up,0.3805,,
FNSPID_12121,2019-10-03,STZ,Constellation Brands shares are trading lower after the company reported Q2 sales in-line with analyst estimates. Investors could have expected better earnings results.,172.97,172.5,-0.2677,neutral,up,0.3866,,
FNSPID_12122,2019-10-03,STZ,"Constellation Brands Raises FY20 Adj. EPS Guidance From $8.65-$8.95 To $9-$9.20, Operating Cash Flow To ~$2.2B",172.97,172.5,-0.2677,neutral,up,0.4037,,
FNSPID_12123,2019-10-03,STZ,"Constellation Brands Q2 Adj. EPS Excluding Canopy $2.91 Beats $2.6 Estimate, Sales $2.34B Inline",172.97,172.5,-0.2677,neutral,up,0.4221,,
FNSPID_12124,2019-10-03,STZ,"7 Stocks To Watch For October 3, 2019",172.97,172.5,-0.2677,neutral,up,0.4178,,
FNSPID_12125,2019-10-03,STZ,"Earnings Scheduled For October 3, 2019",172.97,172.5,-0.2677,neutral,down,0.4339,,
FNSPID_12126,2019-10-02,STZ,Constellation Brands Q2 Earnings Outlook,184.12,172.97,-6.0593,down,up,0.3866,,
FNSPID_12127,2019-09-30,STZ,Cannabis Countdown: Top 10 Marijuana Stock News Stories Of The Week,184.56,186.45,1.0276,up,neutral,0.3659,,
FNSPID_12128,2019-09-24,STZ,"Canopy Growth CEO Talks Leadership Concerns, Vaping, Beverages, Acreage Deal",182.56,181.64,-0.5072,neutral,neutral,0.3766,,
FNSPID_12129,2019-09-20,STZ,UPDATE: MKM On Constellation Also Notes Co. 'has an occasion expanding opportunity behind cans and should enjoy better tailwinds from relative channel pricing (Spirits and Wine no longer at a CPI discount to Beer)',182.62,183.21,0.3267,neutral,up,0.4349,,
FNSPID_12130,2019-09-20,STZ,"UPDATE: MKM Initiates Constellation Brands With Buy, $263 Target As Firm Notes 'The unrelenting strength, and resulting cash generation, of Modelo affords Constellation the flexibility to invest in innovation, adjacent industries and marketing'",182.62,183.21,0.3267,neutral,up,0.4338,,
FNSPID_12131,2019-09-20,STZ,"MKM Initiates Mixed Coverage Of The Cannabis Sector, Most Bullish On Hexo",182.62,183.21,0.3267,neutral,up,0.397,,
FNSPID_12132,2019-09-20,STZ,"Benzinga's Top Upgrades, Downgrades For September 20, 2019",182.62,183.21,0.3267,neutral,up,0.3882,,
FNSPID_12133,2019-09-20,STZ,10 Biggest Price Target Changes For Friday,182.62,183.21,0.3267,neutral,up,0.3534,,
FNSPID_12134,2019-09-20,STZ,"Morgan Stanley Maintains Equal-Weight on Constellation Brands, Raises Price Target to $227",182.62,183.21,0.3267,neutral,up,0.3546,,
FNSPID_12135,2019-09-20,STZ,"MKM Partners Initiates Coverage On Constellation Brands with Buy Rating, Announces $263 Price Target",182.62,183.21,0.3267,neutral,up,0.3776,,
FNSPID_12136,2019-09-17,STZ,"BMO Capital Maintains Outperform on Constellation Brands, Raises Price Target to $230",183.2,184.6,0.7679,neutral,up,0.3787,,
FNSPID_12137,2019-09-16,STZ,Podcast: The Evolution Of Cannabis Legalization With Benzinga's Javier Hasse,181.5,183.2,0.937,neutral,neutral,0.4146,,
FNSPID_12138,2019-09-16,STZ,"Most Cannabis-Infused Beverages Suck, Says One Famed Critic",181.5,183.2,0.937,neutral,neutral,0.3787,,
FNSPID_12139,2019-09-13,STZ,"Exclusive: Canopy Growth Co-Founder Bruce Linton On His Next Steps, Says 'I'm Cheering For Entrepreneurs'",181.7,181.5,-0.1127,neutral,neutral,0.3817,,
FNSPID_12140,2019-09-09,STZ,Cannabis Countdown: Top 10 Marijuana Industry News Stories Of The Week,184.09,185.36,0.6917,neutral,neutral,0.3657,,
FNSPID_12141,2019-09-06,STZ,"Cannabis Stocks Show Signs Of Life As Aurora, Canopy, Others Move Higher",182.31,184.09,0.9768,neutral,neutral,0.3803,,
FNSPID_12142,2019-09-05,STZ,"The Latest USDA Report Shows Similar State Of CBD Affairs In Canada, US",182.47,182.31,-0.0878,neutral,up,0.3508,,
FNSPID_12143,2019-09-03,STZ,Cannabis Countdown: Top 10 Marijuana Stock News Stories Of The Week,185.51,187.14,0.8783,neutral,neutral,0.3659,,
FNSPID_12144,2019-08-26,STZ,Constellation Brands Says Equity Losses From Canopy Growth of $75.7M Will be Recognized in the Quarter Ending August 31,180.25,176.46,-2.0994,down,up,0.4016,,
FNSPID_12145,2019-08-23,STZ,Cannabis Industry Seeing Growing Interest,176.75,180.25,1.9798,up,up,0.3635,,
FNSPID_12146,2019-08-22,STZ,Does Constellation Brands Have A Hard Seltzer Problem?,179.55,176.75,-1.562,down,neutral,0.4443,,
FNSPID_12608,2019-12-09,TJX,10 Biggest Price Target Changes For Monday,55.5,55.39,-0.1988,neutral,up,0.351,,
FNSPID_12609,2019-12-09,TJX,"Cowen & Co. Maintains Outperform on TJX Companies, Raises Price Target to $71",55.5,55.39,-0.1988,neutral,up,0.3736,,
FNSPID_12610,2019-12-05,TJX,"Baird Maintains Outperform on TJX Companies, Raises Price Target to $69",54.78,55.02,0.4533,neutral,up,0.3719,,
FNSPID_12611,2019-11-22,TJX,The Earnings Game Is Not Over For Gap,54.42,54.57,0.2872,neutral,neutral,0.3538,,
FNSPID_12612,2019-11-21,TJX,Macy's Reports Same-Store Sales Decline And Data Breach,54.36,54.42,0.1015,neutral,neutral,0.3559,,
FNSPID_12613,2019-11-21,TJX,"Despite Tariff Fears, Market Shows Signs Of Resilience As Retail Earnings Continue",54.36,54.42,0.1015,neutral,up,0.41,,
FNSPID_12614,2019-11-20,TJX,'Their Model Continues To Thrive': TJX Analysts React To Q3 Earnings Beat,54.55,54.36,-0.3371,neutral,up,0.4054,"[PLACEHOLDER - Ollama unavailable, not a real model explanation] The headline ""'Their Model Continues To Thrive': TJX Analysts React To Q3 Earnings Beat"" reads as a up signal for the stock, which is consistent with an upward next-day move.",
FNSPID_12615,2019-11-20,TJX,TJX Companies shares are trading lower amid mixed earnings from other companies in the retail space.,54.55,54.36,-0.3371,neutral,up,0.4026,,
FNSPID_12616,2019-11-20,TJX,"Today's Pickup: Hyperloop Route Between Chicago To Pittsburgh Can Create 900,000 Jobs Over A 25-Year Period",54.55,54.36,-0.3371,neutral,neutral,0.3866,,
FNSPID_12617,2019-11-20,TJX,"DA Davidson Maintains Buy on TJX Companies, Raises Price Target to $70",54.55,54.36,-0.3371,neutral,up,0.3857,,
FNSPID_12618,2019-11-20,TJX,UPDATE: Wells Fargo Also Believes 'with their bottom-line growth rates accelerating combined with improving visibility around costs we don't see any real reason to fight the TJX story outside of valuation.',54.55,54.36,-0.3371,neutral,up,0.4281,,
FNSPID_12619,2019-11-20,TJX,"UPDATE: Wells Fargo Maintains Market Perform On TJX Companies, Raises Price Target To $60 As Firm Believes 'structural tailwinds to the industry should continue through holiday.'",54.55,54.36,-0.3371,neutral,up,0.415,,
FNSPID_12620,2019-11-20,TJX,UPDATE: Nomura Also Believes 'share gains will continue beyond TJX's core domestic markets which may signal that its proven playbook is gaining traction overseas after several years of proving dilutive to margins.',54.55,54.36,-0.3371,neutral,up,0.4559,,
FNSPID_12621,2019-11-20,TJX,"UPDATE: Nomura Maintains Buy on TJX Companies, Raises Price Target to $66 As Firm Believes Co. 'is well positioned to take capitalize on the growing surplus of quality inventory at the expense of department stores.'",54.55,54.36,-0.3371,neutral,up,0.4313,,
FNSPID_12622,2019-11-20,TJX,TJX Beats Expectations With Third Quarter Results,54.55,54.36,-0.3371,neutral,up,0.3791,,
FNSPID_12623,2019-11-20,TJX,"Wells Fargo Maintains Market Perform On TJX Companies, Raises Price Target To $60",54.55,54.36,-0.3371,neutral,up,0.3791,"[PLACEHOLDER - Ollama unavailable, not a real model explanation] The headline ""Wells Fargo Maintains Market Perform On TJX Companies, Raises Price Target To $60"" reads as a up signal for the stock, which is consistent with an upward next-day move.",
FNSPID_12624,2019-11-20,TJX,"Citi Maintains Buy on TJX Companies, Raises Price Target to $70",54.55,54.36,-0.3371,neutral,up,0.3907,"[PLACEHOLDER - Ollama unavailable, not a real model explanation] The headline ""Citi Maintains Buy on TJX Companies, Raises Price Target to $70"" reads as a up signal for the stock, which is consistent with an upward next-day move.",
FNSPID_12625,2019-11-20,TJX,"Nomura Maintains Buy on TJX Companies, Raises Price Target to $66",54.55,54.36,-0.3371,neutral,up,0.3838,,
FNSPID_12626,2019-11-19,TJX,From TJX Q3 Earnings Conference Call: Sees Q4 Sales $11.7B-$11.8B vs $11.77B Estimate,55.76,54.55,-2.1768,down,up,0.4408,,
FNSPID_12627,2019-11-19,TJX,From TJX Q3 Earnings Conference Call: Q4 Guidance Includes Negative Impact From Tariffs,55.76,54.55,-2.1768,down,up,0.4094,,
FNSPID_12628,2019-11-19,TJX,TJX Shares Quiet Despite Comment On Q3 Earnings Conference Call Mgmt Has Started To See Some Pressure On Margins Directly Sourced From China,55.76,54.55,-2.1768,down,up,0.4228,"[PLACEHOLDER - Ollama unavailable, not a real model explanation] The headline ""TJX Shares Quiet Despite Comment On Q3 Earnings Conference Call Mgmt Has Started To See Some Pressure On Margins Directly Sourced From China"" reads as a up signal for the stock, which is consistent with an upward next-day move.",
FNSPID_12629,2019-11-19,TJX,TJX Companies Trades Higher On Q3 Earnings Beat,55.76,54.55,-2.1768,down,up,0.4125,,
FNSPID_12630,2019-11-19,TJX,Stocks That Hit 52-Week Highs On Tuesday,55.76,54.55,-2.1768,down,up,0.355,,
FNSPID_12631,2019-11-19,TJX,"Despite Back-And-Forth Trade News, Market Continues To Grind Higher",55.76,54.55,-2.1768,down,up,0.3881,,
FNSPID_12632,2019-11-19,TJX,TJX Companies shares are trading higher after the company reported better-than-expected Q3 EPS and sales results. The company also issued FY20 EPS above analyst estimates.,55.76,54.55,-2.1768,down,up,0.4179,,
FNSPID_12633,2019-11-19,TJX,"Benzinga Pro's Top 5 Stocks To Watch For Tues., Nov. 19, 2019: LOW, I, XRT, SAEX, ROKU",55.76,54.55,-2.1768,down,up,0.4003,,
FNSPID_12634,2019-11-19,TJX,"The TJX Companies Sees Q4 EPS $0.74-$0.76 vs $0.77 Est., Sees FY20 EPS $2.61-$2.63 vs $2.61 Est.",55.76,54.55,-2.1768,down,up,0.4408,,
FNSPID_12635,2019-11-19,TJX,"TJX Companies Q3 EPS $0.68 Beats $0.66 Estimate, Sales $10.5B Beat $10.32B Estimate",55.76,54.55,-2.1768,down,up,0.4294,,
FNSPID_12636,2019-11-19,TJX,"10 Stocks To Watch For November 19, 2019",55.76,54.55,-2.1768,down,up,0.4015,,
FNSPID_12637,2019-11-19,TJX,"Earnings Scheduled For November 19, 2019",55.76,54.55,-2.1768,down,down,0.4407,,
FNSPID_12638,2019-11-18,TJX,Q3 Earnings Outlook For TJX Companies,54.76,55.76,1.8304,up,up,0.379,,
FNSPID_12639,2019-11-15,TJX,"Wedbush Maintains Neutral on TJX Companies, Raises Price Target to $60",55.01,54.76,-0.4514,neutral,up,0.3876,"[PLACEHOLDER - Ollama unavailable, not a real model explanation] The headline ""Wedbush Maintains Neutral on TJX Companies, Raises Price Target to $60"" reads as a up signal for the stock, which is consistent with an upward next-day move.",
FNSPID_12640,2019-11-13,TJX,"Barclays Initiates Coverage On TJX Companies with Overweight Rating, Announces $66 Price Target",53.74,54.42,1.2663,up,up,0.3804,,
FNSPID_12641,2019-11-11,TJX,"Benzinga's Top Upgrades, Downgrades For November 11, 2019",53.63,53.49,-0.2562,neutral,up,0.389,,
FNSPID_12642,2019-11-11,TJX,"RBC Capital Initiates Coverage On TJX Companies with Sector Perform Rating, Announces $60 Price Target",53.63,53.49,-0.2562,neutral,up,0.3828,,
FNSPID_12643,2019-11-08,TJX,"Nomura Initiates Coverage On TJX Companies with Buy Rating, Announces $65 Price Target",54.25,53.63,-1.1481,down,up,0.3803,,
FNSPID_12644,2019-11-05,TJX,"TJX To Report Q3 Earnings On Tues., Nov. 19, 2019 Before Market Open",54.24,53.88,-0.6585,neutral,up,0.4047,,
FNSPID_12645,2019-10-18,TJX,Stocks That Hit 52-Week Highs On Friday,55.28,54.87,-0.7455,neutral,up,0.36,,
FNSPID_12646,2019-10-17,TJX,Stocks That Hit 52-Week Highs On Thursday,55.4,55.28,-0.2149,neutral,up,0.3571,,
FNSPID_12647,2019-10-11,TJX,Shares of several retail companies are trading higher in sympathy with the overall market after President Trump made positive remarks on US-China trade talks. Trump is scheduled to meet with Chinese Vice Premier Liu He at the White House today.,53.64,53.23,-0.7683,neutral,up,0.3899,,
FNSPID_12648,2019-10-11,TJX,Stocks That Hit 52-Week Highs On Friday,53.64,53.23,-0.7683,neutral,up,0.36,,
FNSPID_12649,2019-09-17,TJX,"Benzinga's Top Upgrades, Downgrades For September 17, 2019",51.19,51.54,0.6799,neutral,up,0.3885,,
FNSPID_12650,2019-09-17,TJX,"UBS Upgrades TJX Companies to Neutral, Raises Price Target to $58",51.19,51.54,0.6799,neutral,up,0.3818,,
FNSPID_12651,2019-09-12,TJX,Stocks That Hit 52-Week Highs On Thursday,51.98,51.82,-0.2996,neutral,up,0.3571,"[PLACEHOLDER - Ollama unavailable, not a real model explanation] The headline ""Stocks That Hit 52-Week Highs On Thursday"" reads as a up signal for the stock, which is consistent with an upward next-day move.",
FNSPID_12652,2019-09-07,TJX,Glass House Group Appoints New CIO And CMO,52.01,52.13,0.2289,neutral,up,0.356,,
FNSPID_12653,2019-09-05,TJX,Shares of several retail companies are trading higher with the broader stock market after the Chinese Minister of Commerce said the leaders of the U.S. and China are set to meet in Washington in early October.,51.08,51.42,0.6634,neutral,up,0.387,,
FNSPID_12654,2019-09-03,TJX,Shares of several apparel stores and retail companies are trading lower as the previously announced 15% tariff on $112 billion worth of Chinese goods took effect on Sunday. Retail companies are heavily impacted as many of the products come from China.,49.71,49.83,0.2395,neutral,down,0.4127,,
FNSPID_12655,2019-08-27,TJX,Survey: Americans Aren't Financially Prepared For A Recession,48.92,50.02,2.2468,up,up,0.3677,,
FNSPID_12656,2019-08-23,TJX,Shares of several retail companies are trading lower on escalated trade tensions after China announced it plans to impose a 5% to 10% tariff rate on $75 billion worth of U.S. goods. Trump announced he will respond to China's tariffs this afternoon.,48.63,48.96,0.6781,neutral,up,0.3712,,
FNSPID_12657,2019-08-22,TJX,Shares of several retail companies are trading higher after many retailers reported positive earnings throughout the week.,50.26,48.63,-3.2617,down,up,0.4073,,
FNSPID_12658,2019-08-21,TJX,The Street Mostly Agrees: TJX Stock Is A Bargain,49.0,50.26,2.5795,up,up,0.3697,,
FNSPID_12659,2019-08-21,TJX,Shares of several retail companies are trading higher in sympathy with Target after the company reported better-than-expected Q2 EPS and sales and raised FY19 guidance.,49.0,50.26,2.5795,up,up,0.4133,,
FNSPID_12660,2019-08-20,TJX,TJX Companies are trading lower after the company reported worse-than-expected Q2 sales results. The company also issued Q3 EPS and FY20 EPS guidance below analyst estimates.,47.18,49.0,3.8633,up,down,0.3821,,
FNSPID_12661,2019-08-20,TJX,TJX Companies Reports Mixed Q2 Earnings,47.18,49.0,3.8633,up,up,0.3988,,
FNSPID_12662,2019-08-20,TJX,"TJX Companies Sees Q3 EPS $0.63-$0.65 vs $0.68 Est., Sees FY20 EPS $2.56-$2.61 vs $2.62 Est.",47.18,49.0,3.8633,up,up,0.4512,,
FNSPID_12663,2019-08-20,TJX,"TJX Companies Q2 EPS $0.62, Inline, Sales $9.782B Miss $9.9B Estimate",47.18,49.0,3.8633,up,up,0.4338,,
FNSPID_12664,2019-08-20,TJX,"8 Stocks To Watch For August 20, 2019",47.18,49.0,3.8633,up,up,0.4165,"[PLACEHOLDER - Ollama unavailable, not a real model explanation] The headline ""8 Stocks To Watch For August 20, 2019"" reads as a up signal for the stock, which is consistent with an upward next-day move.",
FNSPID_12665,2019-08-20,TJX,"Earnings Scheduled For August 20, 2019",47.18,49.0,3.8633,up,down,0.4309,,
FNSPID_12666,2019-08-19,TJX,"Busy Week Ahead With Fed Symposium And Retail Earnings Marching On With Target, Kohl's",47.21,47.18,-0.0776,neutral,up,0.3752,,
FNSPID_12667,2019-08-16,TJX,Shares of several large-cap companies are trading higher with the broader market on renewed optimism surrounding US-China trade talks after Donald Trump announced earlier in the week that he would delay additional tariffs on Chinese goods until December.,47.07,47.21,0.3113,neutral,up,0.4211,,
FNSPID_12668,2019-08-16,TJX,"Benzinga's Top Upgrades, Downgrades For August 16, 2019",47.07,47.21,0.3113,neutral,up,0.3892,,
FNSPID_12669,2019-08-16,TJX,TJX Companies shares are trading higher after Loop Capital upgraded the stock from Hold to Buy and raised its price target from $50 to $60 per share.,47.07,47.21,0.3113,neutral,up,0.4266,,
FNSPID_12670,2019-08-16,TJX,10 Biggest Price Target Changes For Friday,47.07,47.21,0.3113,neutral,up,0.3534,"[PLACEHOLDER - Ollama unavailable, not a real model explanation] The headline ""10 Biggest Price Target Changes For Friday"" reads as a up signal for the stock, which is consistent with an upward next-day move.",
FNSPID_12671,2019-08-16,TJX,"Loop Capital Upgrades TJX Companies to Buy, Raises Price Target to $60",47.07,47.21,0.3113,neutral,up,0.3914,,
FNSPID_13135,2019-12-30,TSN,China To Release More Pork Reserves For Holidays,74.41,74.99,0.7748,neutral,up,0.3647,,
FNSPID_13136,2019-12-20,TSN,"USMCA Trade Deal: Praises, 'Evils,' Plans",74.84,75.28,0.5833,neutral,up,0.3652,,
FNSPID_13137,2019-12-17,TSN,CFRA Analyst Says Tyson And Hormel Are Among Companies That Will Benefit From US-China Trade Agreement,74.45,73.2,-1.6818,down,up,0.4174,,
FNSPID_13138,2019-12-17,TSN,Tyson Foods Option Alert: Fri $91 Calls at the Ask: 819 @ $0.475 vs 3430 OI; Earnings 2/6 Before Open [est] Ref=$90.05,74.45,73.2,-1.6818,down,up,0.4241,,
FNSPID_13139,2019-12-16,TSN,"Tyson Receives Approval From US, Chinese Regulators Related To Export Of American Poultry To China From All 36 Of Co.'s US Processing Plants, Sees Orders Commencing Early 2020",74.09,74.45,0.478,neutral,up,0.3981,"[PLACEHOLDER - Ollama unavailable, not a real model explanation] The headline ""Tyson Receives Approval From US, Chinese Regulators Related To Export Of American Poultry To China From All 36 Of Co.'s US Processing Plants, Sees Orders Commencing Early 2020"" reads as a up signal for the stock, which is consistent with an upward next-day move.",
FNSPID_13140,2019-12-09,TSN,Tyson Signs Agreement In Kazakhstan To Collaborate On Modern Beef Processing Plant,73.86,72.99,-1.1821,down,neutral,0.3565,,
FNSPID_13141,2019-12-04,TSN,10 Biggest Price Target Changes For Wednesday,73.51,73.69,0.2465,neutral,neutral,0.3499,,
FNSPID_13142,2019-12-04,TSN,"JP Morgan Maintains Neutral on Tyson Foods, Raises Price Target to $89",73.51,73.69,0.2465,neutral,up,0.3587,,
FNSPID_13143,2019-11-14,TSN,Tyson Foods shares are trading higher after China lifted restrictions on U.S. poultry meat imports and farm products.,74.07,74.06,-0.011,neutral,up,0.3978,"[PLACEHOLDER - Ollama unavailable, not a real model explanation] The headline ""Tyson Foods shares are trading higher after China lifted restrictions on U.S. poultry meat imports and farm products."" reads as a up signal for the stock, which is consistent with an upward next-day move.",
FNSPID_13144,2019-11-14,TSN,Selling Outcomes Rather Than Features Propels Transplace,74.07,74.06,-0.011,neutral,neutral,0.3753,,
FNSPID_13145,2019-11-13,TSN,"Bank of America Maintains Buy on Tyson Foods, Raises Price Target to $98",72.86,74.07,1.6541,up,up,0.3613,,
FNSPID_13146,2019-11-13,TSN,"BMO Capital Maintains Outperform on Tyson Foods, Raises Price Target to $98",72.86,74.07,1.6541,up,up,0.3744,"[PLACEHOLDER - Ollama unavailable, not a real model explanation] The headline ""BMO Capital Maintains Outperform on Tyson Foods, Raises Price Target to $98"" reads as a up signal for the stock, which is consistent with an upward next-day move.",
FNSPID_13147,2019-11-12,TSN,Tyson Foods shares are trading higher despite the company reporting worse-than-expected Q4 EPS and sales results. The company also said it sees improved pork prices because of supply shortages in China.,72.87,72.86,-0.0112,neutral,up,0.4258,,
FNSPID_13148,2019-11-12,TSN,"Tyson Foods Has Started Seeing Improved Pork Prices Because Of Supply Shortages In China, Other Asian Nations Affected By Hog Disease African Swine Fever",72.87,72.86,-0.0112,neutral,up,0.3711,,
FNSPID_13149,2019-11-12,TSN,From Tyson Q3 Earnings Conference Call: Sees Kansas Beef Slaughterhouse Up And Running In Next 60 Days,72.87,72.86,-0.0112,neutral,up,0.3757,,
FNSPID_13150,2019-11-12,TSN,Tyson Foods Reports Q4 Earnings Miss,72.87,72.86,-0.0112,neutral,neutral,0.3499,,
FNSPID_13151,2019-11-12,TSN,Tyson Sees Adj. EPS Growth Over Time In The High-Single Digit Range,72.87,72.86,-0.0112,neutral,up,0.3609,,
FNSPID_13152,2019-11-12,TSN,"Tyson Foods Q4 Adj. EPS $1.21 Misses $1.29 Estimate, Sales $10.88B Miss $11B Estimate",72.87,72.86,-0.0112,neutral,up,0.422,,
FNSPID_13153,2019-11-12,TSN,"10 Stocks To Watch For November 12, 2019",72.87,72.86,-0.0112,neutral,up,0.3991,,
FNSPID_13154,2019-11-12,TSN,"Earnings Scheduled For November 12, 2019",72.87,72.86,-0.0112,neutral,down,0.4375,,
FNSPID_13155,2019-11-11,TSN,Q4 Earnings Outlook For Tyson Foods,67.83,72.87,7.4338,up,up,0.3698,,
FNSPID_13156,2019-11-11,TSN,Tyson Foods Option Alert: Jan 17 $90 Calls Sweep (3) near the Ask: 2000 @ $1.15 vs 1658 OI; Earnings 11/12 Before Open Ref=$82.59,67.83,72.87,7.4338,up,up,0.4089,,
FNSPID_13157,2019-11-01,TSN,Tyson Foods Option Alert: Nov 8 $84 Calls Sweep (31) near the Ask: 626 @ $0.9 vs 55 OI; Earnings 11/12 Before Open Ref=$83.78,68.62,67.27,-1.9713,down,up,0.4217,,
FNSPID_13158,2019-10-28,TSN,Shares of poultry companies are trading higher after China agreed to lift a ban on US poultry exports as part of the 'phase one' trade deal between the two countries.,67.29,67.47,0.2559,neutral,up,0.4028,,
FNSPID_13159,2019-10-28,TSN,"Cramer Advises His Viewers On Del Taco, Tyson Foods And More",67.29,67.47,0.2559,neutral,neutral,0.3685,,
FNSPID_13160,2019-10-28,TSN,Tyson Foods shares are trading higher. Not seeing any news to justify the price action.,67.29,67.47,0.2559,neutral,up,0.4047,,
FNSPID_13161,2019-10-25,TSN,"Bank of America Initiates Coverage On Tyson Foods with Buy Rating, Announces $97 Price Target",64.34,67.29,4.5871,up,neutral,0.3631,,
FNSPID_13162,2019-10-17,TSN,Tyson To Prohibit Ractopamine Use In Pork,66.71,67.57,1.2904,up,up,0.3673,"[PLACEHOLDER - Ollama unavailable, not a real model explanation] The headline ""Tyson To Prohibit Ractopamine Use In Pork"" reads as a up signal for the stock, which is consistent with an upward next-day move.",
FNSPID_13163,2019-10-08,TSN,"Tyson Food Sees Weak Beef Demand In Coming Months, Sees Chinese Exports Lower Then Previous Year",65.94,67.01,1.6163,up,up,0.3752,,
FNSPID_13164,2019-10-01,TSN,Shares of several fast food/casual stocks trading lower following a warning from a JP Morgan analyst that signals into McDonald's checks indicate weaker-than-expected Q3 comps. NOTE: The overall stock market is on a downward trend contributing to the fall in fast food stocks today.,68.31,67.53,-1.1402,down,up,0.394,,
FNSPID_13165,2019-09-27,TSN,A McDonald's Analyst On The Chain's Meatless Prospects,69.85,70.62,1.1033,up,neutral,0.3478,,
FNSPID_13166,2019-09-26,TSN,"Stephens On McDonald's PLT Test Also Notes 'However, we view an alternative chicken product (nugget, tender, sandwich) in the U.S. as a more likely nation-wide launch in 2020/2021 in conjunction with its exclusive poultry provider, TSN'",70.88,69.85,-1.4573,down,up,0.4381,,
FNSPID_13167,2019-09-17,TSN,"Shares of several consumer defensive stocks are trading higher as uncertainty around current global tensions rise following the attack on oil facilities in Saudi Arabia. NOTE: Consumer defensive products are always in demand, regardless of the state of the economy.",72.87,72.37,-0.6863,neutral,up,0.4011,,
FNSPID_13168,2019-09-13,TSN,Tyson Foods shares are trading higher after China said it would exclude U.S. soybeans and pork products from additional tariffs.,69.83,70.79,1.3737,up,up,0.4034,,
FNSPID_13169,2019-09-13,TSN,China to Exclude U.S. Soybeans and Pork From Additional Tariffs,69.83,70.79,1.3737,up,neutral,0.3822,,
FNSPID_13170,2019-09-11,TSN,"China's State Planner Official Says China Will Secure Sufficient Pork Supplies for Upcoming Holidays, Lunar New Year",67.49,68.43,1.397,up,up,0.3719,,
FNSPID_13171,2019-09-07,TSN,"Barron's Picks And Pans: Activision, AT&T, Boeing, Ford, Nike, Square And More",68.51,66.79,-2.5132,down,neutral,0.4001,"[PLACEHOLDER - Ollama unavailable, not a real model explanation] The headline ""Barron's Picks And Pans: Activision, AT&T, Boeing, Ford, Nike, Square And More"" reads as a neutral signal for the stock, which is consistent with little or no next-day move.",
FNSPID_13172,2019-09-05,TSN,Tyson Foods Bets On Alternative Seafood Products,69.9,70.54,0.9148,neutral,neutral,0.3454,,
FNSPID_13173,2019-09-05,TSN,"Tyson Reports Its Venture Arm Completed Investment In New Wave Foods, No Terms Disclosed",69.9,70.54,0.9148,neutral,up,0.3653,,
FNSPID_13174,2019-09-05,TSN,60 Biggest Movers From Yesterday,69.9,70.54,0.9148,neutral,up,0.3701,,
FNSPID_13175,2019-09-04,TSN,46 Stocks Moving In Wednesday's Mid-Day Session,70.56,69.9,-0.9296,neutral,up,0.4405,,
FNSPID_13176,2019-09-04,TSN,"Tyson Foods Warns Of Short-Term Challenges, Shares Fall",70.56,69.9,-0.9296,neutral,up,0.3762,,
FNSPID_13177,2019-09-04,TSN,From Barclays Global Consumer Staples Conference: Tyson CEO Says We Are Seeing Price Of Pork Up,70.56,69.9,-0.9296,neutral,up,0.3715,,
FNSPID_13178,2019-09-04,TSN,Tyson CEO Says Inventories In China Have Come Down Substantially,70.56,69.9,-0.9296,neutral,up,0.3586,,
FNSPID_13179,2019-09-04,TSN,"From Barclays Global Consumer Staples Conference: Tyson CEO, Related to FY19 Warning, Says It Was Extremely Unusual To Have That Number Of Events Within A Quarter",70.56,69.9,-0.9296,neutral,up,0.3581,,
FNSPID_13180,2019-09-04,TSN,26 Stocks Moving in Wednesday's Pre-Market Session,70.56,69.9,-0.9296,neutral,up,0.4464,,
FNSPID_13181,2019-09-04,TSN,Tyson shares are trading lower after the company issued FY19 EPS guidance below analyst estimates.,70.56,69.9,-0.9296,neutral,up,0.388,,
FNSPID_13182,2019-09-04,TSN,A Peek Into The Markets: US Stock Futures Gain Ahead Of Fed Speakers,70.56,69.9,-0.9296,neutral,up,0.3965,,
FNSPID_13183,2019-09-04,TSN,"8 Stocks To Watch For September 4, 2019",70.56,69.9,-0.9296,neutral,up,0.4157,,
FNSPID_13184,2019-09-03,TSN,6 Stocks Moving In Tuesday's After-Hours Session,76.48,70.56,-7.75,down,up,0.439,"[PLACEHOLDER - Ollama unavailable, not a real model explanation] The headline ""6 Stocks Moving In Tuesday's After-Hours Session"" reads as a up signal for the stock, which is consistent with an upward next-day move.",
FNSPID_13185,2019-09-03,TSN,"Pilgrim's Pride Shares Down 1% After Hours, Potentially In Sympathy With Tyson Following Warning",76.48,70.56,-7.75,down,up,0.3961,"[PLACEHOLDER - Ollama unavailable, not a real model explanation] The headline ""Pilgrim's Pride Shares Down 1% After Hours, Potentially In Sympathy With Tyson Following Warning"" reads as a up signal for the stock, which is consistent with an upward next-day move.",
FNSPID_13186,2019-09-03,TSN,Tyson shares are trading lower after the company issued FY19 EPS guidance below analyst estimates.,76.48,70.56,-7.75,down,up,0.388,"[PLACEHOLDER - Ollama unavailable, not a real model explanation] The headline ""Tyson shares are trading lower after the company issued FY19 EPS guidance below analyst estimates."" reads as a up signal for the stock, which is consistent with an upward next-day move.",
FNSPID_13187,2019-09-03,TSN,"UPDATE: Tyson Says Challenges Include Margin Compression, Commodity Market Volatility, Implementation Of Enhanced Food Safety Initiatives, Fire At Beef Processing Plant, Slower-Than-Expected Operational Improvements In Chicken Segment",76.48,70.56,-7.75,down,up,0.4015,,
FNSPID_13188,2019-09-03,TSN,UPDATE: Tyson Warns 'is experiencing short-term challenges that are negatively affecting Q4 earnings',76.48,70.56,-7.75,down,up,0.4147,,
FNSPID_13189,2019-09-03,TSN,Tyson Sees Prelim. FY19 Adj. EPS $5.30-$5.70 vs $5.95 Estimate,76.48,70.56,-7.75,down,up,0.4327,,
FNSPID_13190,2019-09-03,TSN,China Acts on Major Political Task of High Pork Prices as Cost Rises 25% in One Month Due to African Swine Fever,76.48,70.56,-7.75,down,up,0.371,,
FNSPID_13191,2019-08-30,TSN,Tyson Foods Earlier Reported Partnership with Grupo Vibra to Continue its Global Growth Strategy,76.28,76.48,0.2687,neutral,up,0.3664,,
FNSPID_13192,2019-08-28,TSN,"US Agriculture Secretary Perdue Orders Investigation Into Beef Pricing Margins After Fire At Tyson Foods Beef Plant In Kansas; Investigation Will Determine If There Is Evidence Of Price Manipulation, Collusion, Restrictions Of Competition Or Other Unfair",73.96,75.2,1.6795,up,up,0.3519,,
FNSPID_13193,2019-08-26,TSN,Tyson Foods Option Alert: Oct 18 $95 Calls Sweep (3) above Ask!: 500 @ $1.907 vs 135 OI; Ref=$90.67,74.66,73.46,-1.6076,down,up,0.4058,"[PLACEHOLDER - Ollama unavailable, not a real model explanation] The headline ""Tyson Foods Option Alert: Oct 18 $95 Calls Sweep (3) above Ask!: 500 @ $1.907 vs 135 OI; Ref=$90.67"" reads as a up signal for the stock, which is consistent with an upward next-day move.",
FNSPID_13194,2019-08-26,TSN,China's Agriculture Ministry Reports New African Swine Fever Case in Yunnan Province,74.66,73.46,-1.6076,down,neutral,0.341,,
FNSPID_13195,2019-08-22,TSN,Stocks That Hit 52-Week Highs On Thursday,74.84,73.42,-1.8874,down,up,0.3571,,
FNSPID_13196,2019-08-20,TSN,Philippines Government Suspects African Swine Fever is in the Country,72.04,73.31,1.7566,up,neutral,0.3465,,
FNSPID_13197,2019-08-16,TSN,Whole Foods To Stock British Beyond Meat Competitor Meatless Farm: 'We Are One Of The Healthiest Products Out There',71.6,71.42,-0.2622,neutral,neutral,0.3727,,
FNSPID_14115,2019-12-26,TXN,Top 3 S&P 500 Equities Are All Chip Stocks,107.03,107.11,0.0701,neutral,up,0.3574,,
FNSPID_14116,2019-12-18,TXN,"Morgan Stanley Maintains Equal-Weight on Texas Instruments, Raises Price Target to $119",105.26,105.3,0.0396,neutral,up,0.3617,,
FNSPID_14117,2019-12-12,TXN,Shares of semiconductor companies are trading higher after President Trump tweeted the US and China are 'getting very close to a big deal.',105.02,105.5,0.4521,neutral,up,0.3842,"[PLACEHOLDER - Ollama unavailable, not a real model explanation] The headline ""Shares of semiconductor companies are trading higher after President Trump tweeted the US and China are 'getting very close to a big deal.'"" reads as a up signal for the stock, which is consistent with an upward next-day move.",
FNSPID_14118,2019-12-10,TXN,Shares of several semiconductor companies are trading higher on news U.S. and Chinese trade negotiators are planning to delay the December 15 tariffs.,101.11,103.07,1.9362,up,up,0.3963,,
FNSPID_14119,2019-12-04,TXN,"Shares of semiconductor companies are trading higher following positive US-China trade reports from earlier, offsetting the sector-wide effects of weak earnings and guidance from Marvell.",100.2,100.58,0.3825,neutral,up,0.416,,
FNSPID_14120,2019-12-04,TXN,Texas Instruments shares are trading higher. Strength may be due to macro optimism after Bloomberg reported that a US-China trade deal is getting closer.,100.2,100.58,0.3825,neutral,up,0.4257,,
FNSPID_14121,2019-11-14,TXN,Shoppers Rise To The Occasion As Walmart Reports Another Impressive Quarter,97.94,98.3,0.3657,neutral,up,0.3642,,
FNSPID_14122,2019-10-31,TXN,"With China Trade Back In Focus, Strong Earnings From Apple, Facebook Blunt The Blow",98.29,98.33,0.0424,neutral,up,0.3857,"[PLACEHOLDER - Ollama unavailable, not a real model explanation] The headline ""With China Trade Back In Focus, Strong Earnings From Apple, Facebook Blunt The Blow"" reads as a up signal for the stock, which is consistent with an upward next-day move.",
FNSPID_14123,2019-10-30,TXN,"Three Times A Charm? Rate Cut Comes As No Surprise, But Pause May Be Ahead",98.13,98.29,0.1698,neutral,up,0.3722,,
FNSPID_14124,2019-10-30,TXN,"November Outlook: From Jobs To Fed to China, This Month Has it All",98.13,98.29,0.1698,neutral,neutral,0.3976,,
FNSPID_14125,2019-10-29,TXN,12 Stocks With The Highest Returns On Assets,99.46,98.13,-1.3402,down,up,0.381,,
FNSPID_14126,2019-10-28,TXN,"Another Bonanza Earnings Week As Apple Looms, With Fed, Payrolls Also On Weekly Agenda",99.22,99.46,0.2417,neutral,up,0.3802,,
FNSPID_14127,2019-10-24,TXN,A 'More Extended Correction' Ahead? Texas Instruments Analysts React To Q3 Report,97.9,99.64,1.7735,up,up,0.3758,,
FNSPID_14128,2019-10-24,TXN,Shares of several semiconductors shares are trading higher in sympathy with Lam Research after the company reported better-than-expected Q1 EPS and sales results. The company had also issued Q2 EPS and sales above analyst estimates.,97.9,99.64,1.7735,up,up,0.4049,"[PLACEHOLDER - Ollama unavailable, not a real model explanation] The headline ""Shares of several semiconductors shares are trading higher in sympathy with Lam Research after the company reported better-than-expected Q1 EPS and sales results. The company had also issued Q2 EPS and sales above analyst estimates."" reads as a up signal for the stock, which is consistent with an upward next-day move.",
FNSPID_14129,2019-10-24,TXN,"Earnings Deluge As Twitter, Ford, 3M Fall While Tesla, Microsoft Rise; Amazon Later",97.9,99.64,1.7735,up,up,0.3563,"[PLACEHOLDER - Ollama unavailable, not a real model explanation] The headline ""Earnings Deluge As Twitter, Ford, 3M Fall While Tesla, Microsoft Rise; Amazon Later"" reads as a up signal for the stock, which is consistent with an upward next-day move.",
FNSPID_14130,2019-10-24,TXN,41 Biggest Movers From Yesterday,97.9,99.64,1.7735,up,up,0.3901,,
FNSPID_14131,2019-10-24,TXN,Xilinx's Revenue Forecast Below Wall Street Estimates; Blames Trade War,97.9,99.64,1.7735,up,up,0.3684,,
FNSPID_14132,2019-10-23,TXN,"UBS Maintains Sell on Texas Instruments, Raises Price Target to $110",98.35,97.9,-0.454,neutral,up,0.3724,,
FNSPID_14133,2019-10-23,TXN,"Bank of America Reiterates Buy on Texas Instruments, Lowers Price Target to $140",98.35,97.9,-0.454,neutral,up,0.3684,,
FNSPID_14134,2019-10-23,TXN,"Deutsche Bank Earlier Maintained Hold on Texas Instruments, Lowered Price Target to $115",98.35,97.9,-0.454,neutral,up,0.3703,,
FNSPID_14135,2019-10-23,TXN,26 Stocks Moving In Wednesday's Mid-Day Session,98.35,97.9,-0.454,neutral,up,0.4464,,
FNSPID_14136,2019-10-23,TXN,Wall Street Looks For Direction Amid Mixed Earnings Results,98.35,97.9,-0.454,neutral,up,0.3653,,
FNSPID_14137,2019-10-23,TXN,Wednesday's Market Minute: Are You Frightened?,98.35,97.9,-0.454,neutral,neutral,0.3753,,
FNSPID_14138,2019-10-23,TXN,14 Stocks Moving in Wednesday's Pre-Market Session,98.35,97.9,-0.454,neutral,up,0.4425,,
FNSPID_14139,2019-10-23,TXN,16 Technology Stocks Moving In Wednesday's Pre-Market Session,98.35,97.9,-0.454,neutral,up,0.4214,"[PLACEHOLDER - Ollama unavailable, not a real model explanation] The headline ""16 Technology Stocks Moving In Wednesday's Pre-Market Session"" reads as a up signal for the stock, which is consistent with an upward next-day move.",
FNSPID_14140,2019-10-23,TXN,"Mizuho Maintains Neutral on Texas Instruments, Lowers Price Target to $113",98.35,97.9,-0.454,neutral,up,0.3614,,
FNSPID_14141,2019-10-23,TXN,"Morgan Stanley Maintains Equal-Weight on Texas Instruments, Lowers Price Target to $109",98.35,97.9,-0.454,neutral,up,0.3578,"[PLACEHOLDER - Ollama unavailable, not a real model explanation] The headline ""Morgan Stanley Maintains Equal-Weight on Texas Instruments, Lowers Price Target to $109"" reads as a up signal for the stock, which is consistent with an upward next-day move.",
FNSPID_14142,2019-10-23,TXN,"SunTrust Robinson Humphrey Maintains Hold on Texas Instruments, Lowers Price Target to $122",98.35,97.9,-0.454,neutral,neutral,0.3515,"[PLACEHOLDER - Ollama unavailable, not a real model explanation] The headline ""SunTrust Robinson Humphrey Maintains Hold on Texas Instruments, Lowers Price Target to $122"" reads as a neutral signal for the stock, which is consistent with little or no next-day move.",
FNSPID_14143,2019-10-23,TXN,Charter Equity Downgrades Texas Instruments to Market Perform,98.35,97.9,-0.454,neutral,up,0.3636,,
FNSPID_14144,2019-10-23,TXN,Texas Instruments shares are trading lower after the company reported worse-than-expected Q3 sales results. The company also issued Q4 sales guidance below analyst estimates.,98.35,97.9,-0.454,neutral,down,0.3959,,
FNSPID_14145,2019-10-23,TXN,A Peek Into The Markets: US Stock Futures Down; Crude Oil Falls 1%,98.35,97.9,-0.454,neutral,up,0.3942,,
FNSPID_14146,2019-10-23,TXN,"12 Stocks To Watch For October 23, 2019",98.35,97.9,-0.454,neutral,up,0.4095,,
FNSPID_14147,2019-10-22,TXN,5 Stocks Moving In Tuesday's After-Hours Session,106.31,98.35,-7.4823,down,up,0.4315,"[PLACEHOLDER - Ollama unavailable, not a real model explanation] The headline ""5 Stocks Moving In Tuesday's After-Hours Session"" reads as a up signal for the stock, which is consistent with an upward next-day move.",
FNSPID_14148,2019-10-22,TXN,Texas Instruments shares are trading lower after the company reported worse-than-expected Q3 sales results. The company also issued Q4 sales guidance below analyst estimates.,106.31,98.35,-7.4823,down,down,0.3959,,
FNSPID_14149,2019-10-22,TXN,"Texas Instruments Sees Q4 GAAP EPS $0.91-$1.09, Sales $3.07B-$3.33B vs $3.59B Estimate",106.31,98.35,-7.4823,down,up,0.4467,,
FNSPID_14150,2019-10-22,TXN,"Texas Instruments Q3 Adj. EPS $1.49 Beats $1.42 Estimate, Sales $3.771B Miss $3.82B Estimate",106.31,98.35,-7.4823,down,up,0.4372,,
FNSPID_14151,2019-10-22,TXN,"Mixed Bag: Better Outlooks From Lockheed, United Technologies, But McDonald's Misses",106.31,98.35,-7.4823,down,up,0.3568,,
FNSPID_14152,2019-10-22,TXN,"12 Stocks To Watch For October 22, 2019",106.31,98.35,-7.4823,down,up,0.4061,,
FNSPID_14153,2019-10-22,TXN,"Earnings Scheduled For October 22, 2019",106.31,98.35,-7.4823,down,down,0.4405,,
FNSPID_14154,2019-10-21,TXN,"Cramer Advises His Viewers On Beyond Meat, Texas Instruments And More",108.26,106.31,-1.8025,down,neutral,0.3954,,
FNSPID_14155,2019-10-21,TXN,Earnings Season Kicks Into Full Gear In Round 3 Of The WeTrader Competition,108.26,106.31,-1.8025,down,neutral,0.348,,
FNSPID_14156,2019-10-21,TXN,Shares of companies in the semiconductor space are trading higher amid US-China trade optimism. The sector has China exposure and has been highly affected by trade tensions this year.,108.26,106.31,-1.8025,down,up,0.4275,"[PLACEHOLDER - Ollama unavailable, not a real model explanation] The headline ""Shares of companies in the semiconductor space are trading higher amid US-China trade optimism. The sector has China exposure and has been highly affected by trade tensions this year."" reads as a up signal for the stock, which is consistent with an upward next-day move.",
FNSPID_14157,2019-10-15,TXN,"Shares of several semiconductor companies are trading higher in sympathy with the overall market after multiple companies reported earnings that topped expectations, bringing the whole market higher on positive sentiment.",108.88,107.07,-1.663,down,up,0.4082,"[PLACEHOLDER - Ollama unavailable, not a real model explanation] The headline ""Shares of several semiconductor companies are trading higher in sympathy with the overall market after multiple companies reported earnings that topped expectations, bringing the whole market higher on positive sentiment."" reads as a up signal for the stock, which is consistent with an upward next-day move.",
FNSPID_14158,2019-10-14,TXN,"Apple, Microsoft And Semiconductors: Technology Sector Earnings Ahead",107.28,108.88,1.4952,up,up,0.3617,,
FNSPID_14159,2019-10-11,TXN,Shares of several semiconductor companies are trading higher after President Trump made positive remarks on the U.S.-China trade talks. Trump is scheduled to meet with Chinese Vice Premier Liu He at the White House today.,107.56,107.28,-0.2614,neutral,up,0.3656,,
FNSPID_14160,2019-10-10,TXN,Shares of many semiconductors are trading higher on renewed trade optimism after the US was considering suspending tariff increase in exchange for a currency pact. President Trump's administration also plans to allow the sale of some supplies to Huawei.,105.61,107.56,1.8476,up,up,0.4049,,
FNSPID_14161,2019-10-08,TXN,"Shares of several semiconductor companies are trading lower as optimism around the upcoming U.S.-China trade talks waned. A report says China is toning down its expectations of the meeting. The U.S. expanded its trade blacklist, and scheduled an increase in tariffs on $250 billion worth of Chinese goods from 25% to 30% on Oct. 15, which will go into effect if no progress is made.",103.34,105.37,1.9683,up,up,0.3805,,
FNSPID_14162,2019-10-03,TXN,Shares of many semiconductor companies are trading higher as investors are optimistic of a trade deal with China that could be reached after President Trump said a Chinese delegation is set to come to the U.S. next week for continued trade talks.,106.41,107.6,1.1189,up,up,0.3896,,
FNSPID_14163,2019-10-02,TXN,Shares of several semiconductor companies are trading lower in sympathy with the overall market on continued fears of a recession amid a weak ADP jobs report. There is also uncertainty in the market over the upcoming U.S.-China meeting next week.,104.87,106.41,1.4664,up,down,0.3657,,
FNSPID_14164,2019-10-01,TXN,Stocks That Hit 52-Week Highs On Tuesday,106.32,104.87,-1.3609,down,up,0.355,"[PLACEHOLDER - Ollama unavailable, not a real model explanation] The headline ""Stocks That Hit 52-Week Highs On Tuesday"" reads as a up signal for the stock, which is consistent with an upward next-day move.",
FNSPID_14165,2019-09-29,TXN,"PreMarket Prep Recap: Micron Earnings, Wells Fargo's New CEO",106.86,106.32,-0.503,neutral,up,0.3611,,
FNSPID_14166,2019-09-27,TXN,"Benzinga's Top Upgrades, Downgrades For September 27, 2019",105.12,106.86,1.6517,up,up,0.3898,,
FNSPID_14167,2019-09-27,TXN,Bank of America Upgrades Texas Instruments to Buy,105.12,106.86,1.6517,up,neutral,0.3657,"[PLACEHOLDER - Ollama unavailable, not a real model explanation] The headline ""Bank of America Upgrades Texas Instruments to Buy"" reads as a neutral signal for the stock, which is consistent with little or no next-day move.",
FNSPID_14168,2019-09-24,TXN,Shares of companies in the semiconductor space are trading lower after Trump criticized China's trade policies in front of the UN. The sector has exposure to China and is sensitive to US-China trade relations.,104.02,105.62,1.5341,up,up,0.3711,,
FNSPID_14169,2019-09-19,TXN,Texas Instruments Raises Qtr. Dividend From $0.77 To $0.90/Share,106.52,104.73,-1.6766,down,up,0.4095,,
FNSPID_14170,2019-09-11,TXN,Shares of several semiconductor companies are trading higher after China released a tariff exemptions list for certain products from the U.S. Apple also released new iPhones which are expected to benefit several companies within the sector.,106.31,107.67,1.2755,up,up,0.3904,,
FNSPID_14171,2019-09-05,TXN,Shares of many semiconductor companies are trading higher with the broader stock market after the Chinese Minister of Commerce said the U.S. and China are set to meet in Washington D.C in early October.,104.85,105.08,0.2208,neutral,up,0.3799,,
FNSPID_14172,2019-09-04,TXN,Shares of many semiconductor companies are trading higher as Hong Kong tensions ease on the withdrawal of the extradition bill that has caused mass protesting. The protests are seen as a potential disruption to the global economy and U.S.-China trade talks.,103.01,104.85,1.7818,up,up,0.3788,,
FNSPID_14173,2019-09-03,TXN,"Shares of several semiconductor companies are trading lower as trade concerns continue to escalate following a new 15% tariff, which was added to $112 billion worth of Chinese goods on Sunday.",100.66,103.01,2.3411,up,down,0.3788,,
FNSPID_14174,2019-08-29,TXN,"Stifel Maintains Hold on Texas Instruments, Lowers Price Target to $117",102.17,102.32,0.1457,neutral,up,0.3698,"[PLACEHOLDER - Ollama unavailable, not a real model explanation] The headline ""Stifel Maintains Hold on Texas Instruments, Lowers Price Target to $117"" reads as a up signal for the stock, which is consistent with an upward next-day move.",
FNSPID_14175,2019-08-29,TXN,Shares of several semiconductor companies are trading higher after China's Ministry of Commerce said the country is willing to work to resolve US trade tensions and does not want any further escalation.,102.17,102.32,0.1457,neutral,up,0.401,,
FNSPID_14176,2019-08-23,TXN,Shares of several semiconductors companies are trading lower on escalated trade tensions after China announced it plans to impose a 5% to 10% tariff rate on $75 billion worth of U.S. goods.,99.46,100.6,1.1472,up,up,0.3697,,
FNSPID_14177,2019-08-22,TXN,"UBS Maintains Sell on Texas Instruments, Raises Price Target to $100",103.53,99.46,-3.9294,down,up,0.3716,"[PLACEHOLDER - Ollama unavailable, not a real model explanation] The headline ""UBS Maintains Sell on Texas Instruments, Raises Price Target to $100"" reads as a up signal for the stock, which is consistent with an upward next-day move.",
FNSPID_14178,2019-08-19,TXN,Shares of several semiconductors are trading higher on renewed hopes of a resolution to trade tensions between the US and China.,103.02,102.78,-0.2327,neutral,up,0.4248,,
FNSPID_14179,2019-08-16,TXN,"Shares of companies in the semiconductor space are trading higher in sympathy with NVIDIA, which reported better-than-expected Q2 results.",101.55,103.02,1.4493,up,up,0.3891,,
FNSPID_14637,2019-12-20,WDC,Western Digital shares are trading higher. Not currently seeing any company-specific news.,45.03,46.2,2.6019,up,up,0.394,,
FNSPID_14638,2019-12-19,WDC,"Micron Analysts Stay Bullish Amid Cycle Turning, Demand-Supply Tightness",43.3,45.03,3.9816,up,up,0.3857,,
FNSPID_14639,2019-12-19,WDC,13 Technology Stocks Moving In Thursday's Pre-Market Session,43.3,45.03,3.9816,up,up,0.4156,,
FNSPID_14640,2019-12-19,WDC,Western Digital shares are trading higher in sympathy with Micron Technology after the company reported better-than-expected Q1 sales results.,43.3,45.03,3.9816,up,up,0.4022,,
FNSPID_14641,2019-12-18,WDC,Western Digital shares are trading higher in sympathy with Micron Technology after the company reported better-than-expected Q1 sales results.,42.17,43.3,2.6909,up,up,0.4022,"[PLACEHOLDER - Ollama unavailable, not a real model explanation] The headline ""Western Digital shares are trading higher in sympathy with Micron Technology after the company reported better-than-expected Q1 sales results."" reads as a up signal for the stock, which is consistent with an upward next-day move.",
FNSPID_14642,2019-12-18,WDC,"Morgan Stanley Maintains Equal-Weight on Western Digital, Raises Price Target to $64",42.17,43.3,2.6909,up,up,0.3573,,
FNSPID_14643,2019-12-16,WDC,Western Digital shares are trading higher after analysts at Susquehanna upgraded its rating of the stock from Neutral to Positive.,41.63,42.18,1.3097,up,up,0.4114,"[PLACEHOLDER - Ollama unavailable, not a real model explanation] The headline ""Western Digital shares are trading higher after analysts at Susquehanna upgraded its rating of the stock from Neutral to Positive."" reads as a up signal for the stock, which is consistent with an upward next-day move.",
FNSPID_14644,2019-12-13,WDC,9 Technology Stocks Moving In Friday's Pre-Market Session,40.01,41.63,4.0516,up,up,0.4312,,
FNSPID_14645,2019-12-12,WDC,"Western Digital shares are trading higher in sympathy with the overall market following multiple positive US-China trade developments, including a tweet from President Trump suggesting the US is 'very close' to a deal.",39.59,40.01,1.0609,up,up,0.4137,,
FNSPID_14646,2019-12-11,WDC,"Cramer Advises His Viewers On GW Pharma, Enphase And More",37.63,39.59,5.2085,up,up,0.3515,,
FNSPID_14647,2019-12-11,WDC,Shares of semiconductors are trading higher. Strength is being attributed to catalysts such as potential US-China trade progress as well as the upcoming 5G upgrade cycle.,37.63,39.59,5.2085,up,up,0.4295,,
FNSPID_14648,2019-12-10,WDC,Western Digital shares are trading higher. Not seeing any news to justify the price action.,36.28,37.63,3.7165,up,up,0.3953,,
FNSPID_14649,2019-12-09,WDC,Western Digital shares are trading lower potentially on profit-taking after a strong rally on December 6.,35.41,36.28,2.4553,up,up,0.3853,,
FNSPID_14650,2019-12-06,WDC,Western Digital shares are trading higher amid a rally in US equities following strong November jobs data.,36.16,35.41,-2.0782,down,up,0.4112,,
FNSPID_14651,2019-12-03,WDC,Shares of technology companies are trading lower on global macro concerns after Trump implied a US-China trade deal may not occur until 2020.,35.15,34.96,-0.5659,neutral,up,0.3848,,
FNSPID_14652,2019-12-02,WDC,"Stifel Reinstates Hold on Western Digital, Announces $53 Price Target",35.74,35.15,-1.6289,down,up,0.368,,
FNSPID_14653,2019-11-29,WDC,Western Digital Option Alert: Dec 20 $55 Calls Sweep (44) above Ask!: 554 @ $0.441 vs 3812 OI; Earnings 1/23 After Close [est] Ref=$50.26,37.08,35.74,-3.636,down,up,0.4289,,
FNSPID_14654,2019-11-27,WDC,Western Digital shares are trading higher. Not seeing any news to justify the price action.,37.14,37.08,-0.1587,neutral,up,0.3953,,
FNSPID_14655,2019-11-19,WDC,Western Digital shares are trading lower. Not seeing any news to justify the price action.,35.01,35.74,2.0623,up,up,0.3768,"[PLACEHOLDER - Ollama unavailable, not a real model explanation] The headline ""Western Digital shares are trading lower. Not seeing any news to justify the price action."" reads as a up signal for the stock, which is consistent with an upward next-day move.",
FNSPID_14656,2019-11-14,WDC,Western Digital Option Alert: Feb 21 $50 Calls at the Ask: 1347 @ $4.22 vs 125 OI; Ref=$50.09,37.12,37.09,-0.0794,neutral,up,0.4028,,
FNSPID_14657,2019-11-13,WDC,Western Digital shares are trading lower. Not seeing any news to justify the price action.,37.59,37.12,-1.2544,down,up,0.3768,,
FNSPID_14658,2019-11-07,WDC,"Alibaba, FedEx And More 'Fast Money Halftime Report' Picks For November 7",39.23,38.33,-2.2915,down,neutral,0.3729,,
FNSPID_14659,2019-11-05,WDC,"Western Digital Announces Collaboration With lowRISC, Google And Others In Support Of OpenTitan",39.89,39.58,-0.7758,neutral,neutral,0.3773,,
FNSPID_14660,2019-11-01,WDC,Western Digital shares are trading higher on a rebound after the stock dropped approximately 7% after the company issued Q2 EPS guidance below analyst estimates.,39.66,40.5,2.0992,up,up,0.41,"[PLACEHOLDER - Ollama unavailable, not a real model explanation] The headline ""Western Digital shares are trading higher on a rebound after the stock dropped approximately 7% after the company issued Q2 EPS guidance below analyst estimates."" reads as a up signal for the stock, which is consistent with an upward next-day move.",
FNSPID_14661,2019-10-31,WDC,Western Digital shares are trading lower after the company issued Q2 EPS guidance below analyst estimates.,38.06,39.66,4.2207,up,up,0.393,,
FNSPID_14667,2019-10-28,WDC,Western Digital Option Alert: Jan 17 $65 Calls Sweep (2) near the Bid: 2340 @ $3.65 vs 21655 OI; Earnings 10/30 After Close Ref=$62.6,46.22,46.27,0.0956,neutral,up,0.4197,,
FNSPID_14668,2019-10-28,WDC,More Earnings And A Fed Decision In Week Four Of The WeTrader Competition,46.22,46.27,0.0956,neutral,up,0.3546,,
FNSPID_14669,2019-10-28,WDC,24 Technology Stocks Moving In Monday's Pre-Market Session,46.22,46.27,0.0956,neutral,up,0.4243,,
FNSPID_14670,2019-10-24,WDC,Western Digital shares are trading higher after the company introduced an array of purpose-built storage solutions for small businesses and home offices leveraging NAS environments.,43.86,45.12,2.873,up,up,0.3854,,
FNSPID_14671,2019-10-23,WDC,"Marvell Technology's Products, Customers: A Cheat Sheet",42.48,43.86,3.2437,up,neutral,0.4125,,
FNSPID_14672,2019-10-23,WDC,Western Digital shares are trading lower on seemingly no company-specific news.,42.48,43.86,3.2437,up,up,0.3831,,
FNSPID_14673,2019-10-22,WDC,15 Stocks Projected To Have The Biggest 5-Year EPS Declines,43.37,42.48,-2.0557,down,up,0.3736,,
FNSPID_14674,2019-10-15,WDC,Western Digital Option Alert: Fri $62 Calls Sweep (7) near the Ask: 3886 @ $0.249 vs 8288 OI; Earnings 10/28 After Close [est] Ref=$59.8432,44.81,43.81,-2.2361,down,up,0.4234,,
FNSPID_14675,2019-10-14,WDC,PreMarket Prep Recap: Market-Moving News On Columbus Day,43.68,44.81,2.5978,up,neutral,0.3655,,
FNSPID_14676,2019-10-14,WDC,Loop Capital Upgrades Western Digital to Buy,43.68,44.81,2.5978,up,up,0.3574,,
FNSPID_14677,2019-10-11,WDC,Shares of several technology companies are trading higher after President Trump made positive remarks on the U.S.-China trade talks as traders grew more optimistic over the possibility of a limited trade deal. Trump is scheduled to meet with Chinese Vice Premier Liu He at the White House today.,42.99,43.68,1.5938,up,up,0.3823,,
FNSPID_14678,2019-10-08,WDC,"Shares of several technology companies are trading lower as optimism around the upcoming U.S.-China trade talks waned. A report says China is toning down its expectations of the meeting. The U.S. expanded its trade blacklist, and scheduled an increase in tariffs on $250 billion worth of Chinese goods from 25% to 30% on Oct. 15, which will go into effect if no progress is made.",40.91,41.65,1.8192,up,up,0.381,,
FNSPID_14679,2019-10-02,WDC,Western Digital shares trading lower in sympathy with overall market weakness. The stock broke below the $60 level yesterday.,41.5,42.57,2.5923,up,up,0.3754,"[PLACEHOLDER - Ollama unavailable, not a real model explanation] The headline ""Western Digital shares trading lower in sympathy with overall market weakness. The stock broke below the $60 level yesterday."" reads as a up signal for the stock, which is consistent with an upward next-day move.",
FNSPID_14680,2019-10-02,WDC,17 Technology Stocks Moving In Wednesday's Pre-Market Session,41.5,42.57,2.5923,up,up,0.4218,,
FNSPID_14681,2019-09-26,WDC,Mike Khouw Sees Unusual Activity In Western Digital,45.14,44.18,-2.1197,down,up,0.3711,,
FNSPID_14682,2019-09-25,WDC,Western Digital shares are trading higher despite no company-specific news. The stock has rallied approximately 50% over the past 3 months.,44.59,45.14,1.2285,up,up,0.4331,,
FNSPID_14683,2019-09-20,WDC,A Peek Into The Markets: US Stock Futures Rise Ahead Of Fed Speakers,44.32,44.54,0.5109,neutral,up,0.4013,,
FNSPID_14684,2019-09-20,WDC,"5 Stocks To Watch For September 20, 2019",44.32,44.54,0.5109,neutral,up,0.4153,,
FNSPID_14685,2019-09-19,WDC,Western Digital shares are trading higher after the company announced the sale of IntelliFlash business to DDN and it intends to exit storage systems.,45.76,44.32,-3.1445,down,up,0.3873,"[PLACEHOLDER - Ollama unavailable, not a real model explanation] The headline ""Western Digital shares are trading higher after the company announced the sale of IntelliFlash business to DDN and it intends to exit storage systems."" reads as a up signal for the stock, which is consistent with an upward next-day move.",
FNSPID_14686,2019-09-19,WDC,UPDATE: Western Digital Says Exploring Strategic Options For ActiveScale,45.76,44.32,-3.1445,down,up,0.3719,,
FNSPID_14687,2019-09-19,WDC,UPDATE: Western Digital Expects Exit To Generate Annual Adj. EPS Benefit Of At Least $0.20,45.76,44.32,-3.1445,down,up,0.4029,,
FNSPID_14688,2019-09-19,WDC,Western Digital Announces Sale Of IntelliFlash Business To DDN And Intention To Exit Storage Systems; Terms Not Disclosed,45.76,44.32,-3.1445,down,up,0.3558,,
FNSPID_14689,2019-09-16,WDC,'Fast Money Halftime Report' Traders Share Their Picks For September 16,46.0,46.68,1.4605,up,neutral,0.3529,,
FNSPID_14690,2019-09-13,WDC,Stocks That Hit 52-Week Highs On Friday,47.18,46.0,-2.4923,down,up,0.36,,
FNSPID_14691,2019-09-12,WDC,Stocks That Hit 52-Week Highs On Thursday,47.25,47.18,-0.1545,neutral,up,0.3571,,
FNSPID_14692,2019-09-11,WDC,Western Digital shares are trading higher after Longbow maintained a Buy on Western Digital and raised the price target from $70 to $76.,46.96,47.25,0.6221,neutral,up,0.4054,,
FNSPID_14693,2019-09-11,WDC,"Update: Longbow Maintains Buy On Western Digital, Raises Target To $76 As Firm Now Expects 'CY4Q upside driven by LSD-MSD NAND ASP increase'",46.96,47.25,0.6221,neutral,up,0.4328,,
FNSPID_14694,2019-09-11,WDC,"UPDATE: Longbow Turns 'more positive on memory fundamentals as we now believe excess inventory will be depleted faster than expected, triggering an improvement in pricing and margin ahead of current expectations'",46.96,47.25,0.6221,neutral,up,0.4444,,
FNSPID_14695,2019-09-11,WDC,"Longbow Research Maintains Buy on Western Digital, Raises Price Target to $76",46.96,47.25,0.6221,neutral,up,0.3739,,
FNSPID_14696,2019-09-09,WDC,Stocks That Hit 52-Week Highs On Monday,45.83,45.48,-0.7649,neutral,up,0.3546,,
FNSPID_14697,2019-09-06,WDC,Stocks That Hit 52-Week Highs On Friday,45.46,45.83,0.8194,neutral,up,0.36,,
FNSPID_14698,2019-09-06,WDC,"UPDATE: Benchmark Maintains Sell On Western Digital, Lowers Target To $40 As Firm Believes 'shares are fully discounting improvements expected into FY21 and are also discounting risks associated with the outlook'",45.46,45.83,0.8194,neutral,up,0.4294,,
FNSPID_14699,2019-09-06,WDC,"Benchmark Maintains Sell on Western Digital, Raises Price Target to $46",45.46,45.83,0.8194,neutral,up,0.3627,,
FNSPID_14700,2019-09-05,WDC,Stocks That Hit 52-Week Highs On Thursday,45.25,45.46,0.4681,neutral,up,0.3571,,
FNSPID_14701,2019-09-05,WDC,Shares of several tech companies are trading higher with the broader stock market after the Chinese Minister of Commerce said the leaders of the US and China are set to meet in Washington D.C in October.,45.25,45.46,0.4681,neutral,up,0.3846,"[PLACEHOLDER - Ollama unavailable, not a real model explanation] The headline ""Shares of several tech companies are trading higher with the broader stock market after the Chinese Minister of Commerce said the leaders of the US and China are set to meet in Washington D.C in October."" reads as a up signal for the stock, which is consistent with an upward next-day move.",
FNSPID_14702,2019-09-05,WDC,Investors Optimistic On News Of US-China Trade Talks Set For October,45.25,45.46,0.4681,neutral,up,0.398,,
FNSPID_14703,2019-09-04,WDC,"UPDATE: Mizuho On Micron And Western Digital Believes 'current NAND and DRAM pricing trends are better than expectations entering the SepQ/2H19, with NAND pricing recovering to Mar-Jun levels and DRAM stabilizing'",43.33,45.25,4.416,up,up,0.4325,,
FNSPID_14704,2019-09-04,WDC,"UPDATE: Mizuho Reiterates Buy On Micron And Western Digital, Raises Targets To $50 And $64 Respectively As Firm Notes 'Our checks in the supply chain point to positive NAND-DRAM trends N-T'",43.33,45.25,4.416,up,up,0.4169,,
FNSPID_14705,2019-09-04,WDC,Western Digital shares are trading higher after Mizuho maintained a Buy rating on the stock and raised the price target from $61 to $64.,43.33,45.25,4.416,up,up,0.4043,,
FNSPID_14706,2019-09-04,WDC,15 Technology Stocks Moving In Wednesday's Pre-Market Session,43.33,45.25,4.416,up,up,0.4212,"[PLACEHOLDER - Ollama unavailable, not a real model explanation] The headline ""15 Technology Stocks Moving In Wednesday's Pre-Market Session"" reads as a up signal for the stock, which is consistent with an upward next-day move.",
FNSPID_14707,2019-09-04,WDC,"Mizuho Maintains Buy on Western Digital, Raises Price Target to $64",43.33,45.25,4.416,up,up,0.3667,,
FNSPID_14708,2019-09-03,WDC,Evercore ISI Group Upgrades Western Digital to In-Line,41.97,43.33,3.2365,up,up,0.363,,
FNSPID_14709,2019-08-29,WDC,24 Technology Stocks Moving In Thursday's Pre-Market Session,40.23,41.83,3.976,up,up,0.4241,,
FNSPID_14710,2019-08-27,WDC,Shares of several technology companies are trading lower as the spread between the 2-year & 10-year yield curve fell to its lowest level since 2007.Trade tensions between the U.S. and China are also worsening on continued uncertainty.,38.46,39.03,1.4812,up,down,0.3899,,
FNSPID_14711,2019-08-26,WDC,19 Technology Stocks Moving In Monday's Pre-Market Session,39.91,38.46,-3.6237,down,up,0.4256,,
FNSPID_14712,2019-08-23,WDC,Shares of several technology companies are trading lower on escalated trade tensions after China announced it plans to impose a 5% to 10% tariff rate on $75 billion worth of U.S. goods.,39.9,39.91,0.0183,neutral,up,0.3673,,
FNSPID_14713,2019-08-19,WDC,Shares of several semiconductors are trading higher on renewed hopes of a resolution to trade tensions between the US and China.,41.81,41.04,-1.8515,down,up,0.4248,,
FNSPID_14714,2019-08-19,WDC,27 Technology Stocks Moving In Monday's Pre-Market Session,41.81,41.04,-1.8515,down,up,0.4248,,
